id_path,category_path
2305,Flatmates-wanted
1 > 2,Antiques & collectables > Advertising
1 > 18,Antiques & collectables > Appliances
1 > 54,Antiques & collectables > Bottles
1 > 55,Antiques & collectables > Clocks & scientific instruments
1 > 87,Antiques & collectables > Cultural & ethnic
1 > 92,Antiques & collectables > Flags
1 > 169,Antiques & collectables > Royal family
1 > 200,Antiques & collectables > Textiles & linen
1 > 207,Antiques & collectables > Tools
1 > 208,Antiques & collectables > Other
209 > 226,Art > Digital art
209 > 227,Art > Drawings
209 > 228,Art > Hanging sculptures
209 > 291,Art > Other
292 > 304,Baby-gear > Baby monitors
292 > 317,Baby-gear > Baby walkers
292 > 500,Baby-gear > Teething necklaces
292 > 527,Baby-gear > Other
528 > 536,Books > Bulk
957 > 1085,Building-renovation > Portable cabins
957 > 1143,Building-renovation > Other
1144 > 1165,Business-farming-industry > Carbon credits
1144 > 1481,Business-farming-industry > Other
1641 > 1716,Computers > Domain names
1641 > 1876,Computers > Vintage
1641 > 1877,Computers > Other
1878 > 1886,Crafts > Candle making
1878 > 1887,Crafts > Crochet
1878 > 1896,Crafts > Diamond painting
1878 > 1964,Crafts > Painting & drawing
1878 > 1965,Crafts > Pottery & ceramics
1878 > 2037,Crafts > Spinning
1878 > 2042,Crafts > Transfers
1878 > 2043,Crafts > Woodcraft
1878 > 2044,Crafts > Other
2306 > 2311,Gaming > Joysticks & gamepads
2306 > 2527,Gaming > Other
2528 > 2573,Health-beauty > Fragrance gift sets
2528 > 2574,Health-beauty > Fragrance miniatures
2528 > 2575,Health-beauty > Gift packs
2528 > 2609,Health-beauty > Hair dryers
2528 > 2772,Health-beauty > Pregnancy & maternity
2528 > 2773,Health-beauty > Relaxation & hypnosis
2528 > 2774,Health-beauty > Scissors & clippers
2528 > 2821,Health-beauty > Other
2528 > 2822,Health-beauty > Other hair care & grooming
3505 > 3540,Jewellery & watches > Brooches
3505 > 3563,Jewellery & watches > Jewellery boxes
3505 > 3564,Jewellery & watches > Matching sets
3505 > 3620,Jewellery & watches > Smart Watches
3505 > 3637,Jewellery & watches > Other
3819 > 3847,Movies & TV > Bulk lots
3893 > 4213,Music-instruments > Music tuition
3893 > 4274,Music-instruments > Other
4275 > 4365,Pets & animals > Other
4483 > 4484,Sports > Aviation
4483 > 4492,Sports > Bowling
4483 > 4682,Sports > Darts
4483 > 4831,Sports > Gym memberships
4483 > 4945,Sports > Netball
4483 > 4953,Sports > Protective gear & armour
4483 > 5062,Sports > Sports bags
4483 > 5079,Sports > Sports nutrition & supplements
4483 > 5091,Sports > Swimming
4483 > 5121,Sports > Other
5122 > 5123,Toys & models > Bath toys
5122 > 5137,Toys & models > Bulk lots
5122 > 5232,Toys & models > Fidget toys
5122 > 5410,Toys & models > Play instruments & microphones
5122 > 5508,Toys & models > Vintage
5122 > 5517,Toys & models > Other
5518 > 5545,Travel-events-activities > Activities
5518 > 5556,Travel-events-activities > Other
1 > 19 > 20,Antiques & collectables > Art deco & retro > Appliances
1 > 19 > 21,Antiques & collectables > Art deco & retro > Art
1 > 19 > 22,Antiques & collectables > Art deco & retro > Fashion & beauty
1 > 19 > 23,Antiques & collectables > Art deco & retro > Furniture
1 > 19 > 32,Antiques & collectables > Art deco & retro > Jewellery
1 > 19 > 33,Antiques & collectables > Art deco & retro > Kitchenware
1 > 19 > 34,Antiques & collectables > Art deco & retro > Other
1 > 35 > 36,Antiques & collectables > Automotive & transport > Aviation
1 > 35 > 37,Antiques & collectables > Automotive & transport > Cars
1 > 35 > 38,Antiques & collectables > Automotive & transport > Motorbikes
1 > 35 > 39,Antiques & collectables > Automotive & transport > Ships & boats
1 > 35 > 40,Antiques & collectables > Automotive & transport > Trains
1 > 35 > 41,Antiques & collectables > Automotive & transport > Trucks
1 > 35 > 42,Antiques & collectables > Automotive & transport > Other
1 > 43 > 44,Antiques & collectables > Banknotes > Africa
1 > 43 > 45,Antiques & collectables > Banknotes > Asia
1 > 43 > 46,Antiques & collectables > Banknotes > Australia & Pacific Islands
1 > 43 > 47,Antiques & collectables > Banknotes > Europe (ex UK)
1 > 43 > 51,Antiques & collectables > Banknotes > United Kingdom
1 > 43 > 52,Antiques & collectables > Banknotes > USA
1 > 43 > 53,Antiques & collectables > Banknotes > Other
1 > 56 > 57,Antiques & collectables > Coins > Africa
1 > 56 > 58,Antiques & collectables > Coins > Ancient
1 > 56 > 59,Antiques & collectables > Coins > Asia
1 > 56 > 60,Antiques & collectables > Coins > Australia
1 > 56 > 61,Antiques & collectables > Coins > Europe (ex UK)
1 > 56 > 62,Antiques & collectables > Coins > Exonumia
1 > 56 > 82,Antiques & collectables > Coins > Pacific Islands
1 > 56 > 83,Antiques & collectables > Coins > Reproduction coins
1 > 56 > 84,Antiques & collectables > Coins > United Kingdom
1 > 56 > 85,Antiques & collectables > Coins > USA
1 > 56 > 86,Antiques & collectables > Coins > Other
1 > 88 > 89,Antiques & collectables > Documents & maps > Documents
1 > 88 > 90,Antiques & collectables > Documents & maps > Maps
1 > 88 > 91,Antiques & collectables > Documents & maps > Other
1 > 93 > 94,Antiques & collectables > Food & drink > Coke
1 > 93 > 95,Antiques & collectables > Food & drink > McDonalds
1 > 93 > 96,Antiques & collectables > Food & drink > Other
1 > 106 > 107,Antiques & collectables > Jewellery > Brooches
1 > 106 > 108,Antiques & collectables > Jewellery > Earrings
1 > 106 > 109,Antiques & collectables > Jewellery > Necklaces
1 > 106 > 110,Antiques & collectables > Jewellery > Rings
1 > 106 > 111,Antiques & collectables > Jewellery > Other
1 > 112 > 113,Antiques & collectables > Militaria > Badges
1 > 112 > 114,Antiques & collectables > Militaria > Knives
1 > 112 > 115,Antiques & collectables > Militaria > Medals
1 > 112 > 116,Antiques & collectables > Militaria > Modern
1 > 112 > 117,Antiques & collectables > Militaria > Swords
1 > 112 > 118,Antiques & collectables > Militaria > Uniforms
1 > 112 > 119,Antiques & collectables > Militaria > WWII & earlier
1 > 112 > 120,Antiques & collectables > Militaria > Other
1 > 121 > 122,Antiques & collectables > Movie & TV memorabilia > Autographs
1 > 121 > 123,Antiques & collectables > Movie & TV memorabilia > Batman
1 > 121 > 124,Antiques & collectables > Movie & TV memorabilia > Disney
1 > 121 > 125,Antiques & collectables > Movie & TV memorabilia > James Bond
1 > 121 > 126,Antiques & collectables > Movie & TV memorabilia > Lord of the Rings
1 > 121 > 127,Antiques & collectables > Movie & TV memorabilia > Marilyn Monroe
1 > 121 > 128,Antiques & collectables > Movie & TV memorabilia > Posters
1 > 121 > 129,Antiques & collectables > Movie & TV memorabilia > Smurfs
1 > 121 > 130,Antiques & collectables > Movie & TV memorabilia > Star Trek
1 > 121 > 131,Antiques & collectables > Movie & TV memorabilia > Star Wars
1 > 121 > 132,Antiques & collectables > Movie & TV memorabilia > The Simpsons
1 > 121 > 133,Antiques & collectables > Movie & TV memorabilia > Thunderbirds
1 > 121 > 134,Antiques & collectables > Movie & TV memorabilia > Trading cards
1 > 121 > 135,Antiques & collectables > Movie & TV memorabilia > Twilight
1 > 121 > 136,Antiques & collectables > Movie & TV memorabilia > Other
1 > 137 > 138,Antiques & collectables > Museum pieces & artifacts > Artifacts
1 > 137 > 139,Antiques & collectables > Museum pieces & artifacts > Bones
1 > 137 > 140,"Antiques & collectables > Museum pieces & artifacts > Fossils, rocks & minerals"
1 > 137 > 141,Antiques & collectables > Museum pieces & artifacts > Taxidermy
1 > 137 > 142,Antiques & collectables > Museum pieces & artifacts > Other
1 > 144 > 145,Antiques & collectables > Ornaments & figurines > Animals
1 > 144 > 146,Antiques & collectables > Ornaments & figurines > Miniatures
1 > 144 > 147,Antiques & collectables > Ornaments & figurines > People
1 > 144 > 148,Antiques & collectables > Ornaments & figurines > Other
1 > 149 > 150,Antiques & collectables > Phonecards > Saudia Arab
1 > 149 > 151,Antiques & collectables > Phonecards > World
1 > 152 > 157,"Antiques & collectables > Pins, badges & patches > Pins & badges"
1 > 158 > 159,Antiques & collectables > Postcards & writing > Comic
1 > 158 > 161,Antiques & collectables > Postcards & writing > Military
1 > 158 > 165,Antiques & collectables > Postcards & writing > Pens
1 > 158 > 166,Antiques & collectables > Postcards & writing > Transport
1 > 158 > 167,Antiques & collectables > Postcards & writing > World
1 > 158 > 168,Antiques & collectables > Postcards & writing > Other
1 > 170 > 171,"Antiques & collectables > Silver, metalware & tins > Brass & copper"
1 > 170 > 175,"Antiques & collectables > Silver, metalware & tins > Tins"
1 > 170 > 176,"Antiques & collectables > Silver, metalware & tins > Other"
1 > 177 > 178,Antiques & collectables > Stamps > Africa
1 > 177 > 179,Antiques & collectables > Stamps > Asia
1 > 177 > 180,Antiques & collectables > Stamps > Australia
1 > 177 > 181,Antiques & collectables > Stamps > Europe (ex Great Britain)
1 > 177 > 182,Antiques & collectables > Stamps > Great Britain
1 > 177 > 194,Antiques & collectables > Stamps > Pacific Islands
1 > 177 > 195,Antiques & collectables > Stamps > USA
209 > 210 > 211,Art > Art supplies & equipment > Brushes
209 > 210 > 212,Art > Art supplies & equipment > Easels & drawing boards
209 > 210 > 218,"Art > Art supplies & equipment > Paper, pads & canvas"
209 > 210 > 219,Art > Art supplies & equipment > Technical pens & aids
209 > 210 > 220,Art > Art supplies & equipment > Other
209 > 221 > 222,Art > Carvings & sculpture > Metal
209 > 221 > 223,Art > Carvings & sculpture > Stone
209 > 221 > 224,Art > Carvings & sculpture > Wood
209 > 221 > 225,Art > Carvings & sculpture > Other
209 > 273 > 274,Art > Photographs > Abstract
209 > 273 > 275,Art > Photographs > Flora & fauna
209 > 273 > 276,Art > Photographs > Landscape
209 > 273 > 277,Art > Photographs > Portrait
209 > 273 > 278,Art > Photographs > Still life
209 > 273 > 279,Art > Photographs > Other
209 > 280 > 281,Art > Prints > Abstract
209 > 280 > 282,Art > Prints > Landscapes
209 > 280 > 283,Art > Prints > Portraits
209 > 280 > 284,Art > Prints > Still life
209 > 280 > 285,Art > Prints > Other
292 > 293 > 294,Baby-gear > Baby carriers > Backpacks
292 > 293 > 302,Baby-gear > Baby carriers > Slings
292 > 293 > 303,Baby-gear > Baby carriers > Other
292 > 305 > 306,Baby-gear > Baby room & furniture > Bookcases & shelves
292 > 305 > 307,Baby-gear > Baby room & furniture > Cushions
292 > 305 > 308,Baby-gear > Baby room & furniture > Lamps & lighting
292 > 305 > 309,Baby-gear > Baby room & furniture > Mobiles
292 > 305 > 310,Baby-gear > Baby room & furniture > Tables & chairs
292 > 305 > 316,Baby-gear > Baby room & furniture > Other
292 > 318 > 319,Baby-gear > Bath time > Bath supports
292 > 318 > 320,Baby-gear > Bath time > Bath toys
292 > 318 > 321,Baby-gear > Bath time > Baths
292 > 318 > 322,Baby-gear > Bath time > Towels & cloths
292 > 318 > 323,Baby-gear > Bath time > Other
292 > 324 > 330,Baby-gear > Blankets & covers > Bassinet blankets
292 > 324 > 335,Baby-gear > Blankets & covers > Duvets
292 > 324 > 336,Baby-gear > Blankets & covers > Sets
292 > 324 > 341,Baby-gear > Blankets & covers > Swaddling wraps
292 > 324 > 342,Baby-gear > Blankets & covers > Other
292 > 343 > 344,Baby-gear > Bouncers & jolly jumpers > Bouncers
292 > 343 > 345,Baby-gear > Bouncers & jolly jumpers > Jolly jumpers
292 > 343 > 346,Baby-gear > Bouncers & jolly jumpers > Swings
292 > 343 > 347,Baby-gear > Bouncers & jolly jumpers > Other
292 > 348 > 349,Baby-gear > Car seats > Accessories
292 > 348 > 350,Baby-gear > Car seats > Baby capsules
292 > 348 > 351,Baby-gear > Car seats > Booster seats
292 > 348 > 352,Baby-gear > Car seats > Car seats
292 > 438 > 444,Baby-gear > Cots & bassinets > Cots
292 > 438 > 445,Baby-gear > Cots & bassinets > Mattresses
292 > 438 > 446,Baby-gear > Cots & bassinets > Portacots
292 > 438 > 447,Baby-gear > Cots & bassinets > Other
292 > 448 > 452,Baby-gear > Feeding > Breast pads & shields
292 > 448 > 461,Baby-gear > Feeding > Feeding pillows
292 > 448 > 462,Baby-gear > Feeding > High chairs
292 > 448 > 463,Baby-gear > Feeding > Plates & bowls
292 > 448 > 464,Baby-gear > Feeding > Sterilisers
292 > 448 > 465,Baby-gear > Feeding > Other
292 > 466 > 476,Baby-gear > Nappies & changing > Disposable nappies
292 > 466 > 477,Baby-gear > Nappies & changing > Nappy bags
292 > 466 > 478,Baby-gear > Nappies & changing > Nappy bins
292 > 466 > 479,Baby-gear > Nappies & changing > Potty training
292 > 466 > 480,Baby-gear > Nappies & changing > Wipes
292 > 466 > 481,Baby-gear > Nappies & changing > Other
292 > 482 > 487,Baby-gear > Prams & strollers > Twin or double strollers
292 > 482 > 488,Baby-gear > Prams & strollers > Three wheel strollers
292 > 482 > 489,Baby-gear > Prams & strollers > Four wheel strollers
292 > 482 > 490,Baby-gear > Prams & strollers > Prams
292 > 491 > 492,Baby-gear > Safety > Harnesses
292 > 491 > 493,Baby-gear > Safety > Safety gates
292 > 491 > 494,Baby-gear > Safety > Other
292 > 495 > 496,Baby-gear > Sleep aids > Dummies
292 > 495 > 497,Baby-gear > Sleep aids > Safety wraps
292 > 495 > 498,Baby-gear > Sleep aids > Wedges
292 > 495 > 499,Baby-gear > Sleep aids > Other
292 > 501 > 507,Baby-gear > Toys > Bulk lots
292 > 501 > 508,"Baby-gear > Toys > Cars, trucks & vehicles"
292 > 501 > 509,Baby-gear > Toys > Dolls & accessories
292 > 501 > 514,Baby-gear > Toys > Pull along
292 > 501 > 519,Baby-gear > Toys > Ride on
292 > 501 > 520,Baby-gear > Toys > Role playing
292 > 501 > 526,Baby-gear > Toys > Other
528 > 529 > 535,Books > Audio books > Tape
528 > 537 > 554,Books > Children & babies > Enid Blyton
528 > 537 > 555,Books > Children & babies > Fairytales
528 > 537 > 566,Books > Children & babies > Other
528 > 567 > 568,Books > Comics & graphic novels > Commando
528 > 567 > 569,Books > Comics & graphic novels > DC
528 > 567 > 570,Books > Comics & graphic novels > Footrot flats
528 > 567 > 571,Books > Comics & graphic novels > Manga
528 > 567 > 577,Books > Comics & graphic novels > Rare
528 > 567 > 578,Books > Comics & graphic novels > TV & Movies
528 > 567 > 579,Books > Comics & graphic novels > Walt Disney
528 > 567 > 580,Books > Comics & graphic novels > Other
528 > 581 > 652,Books > Fiction & literature > Poetry
528 > 581 > 683,Books > Fiction & literature > Western
528 > 693 > 694,Books > Foreign language > Chinese
528 > 693 > 695,Books > Foreign language > Dutch
528 > 693 > 696,Books > Foreign language > French
528 > 693 > 697,Books > Foreign language > German
528 > 693 > 698,Books > Foreign language > Italian
528 > 693 > 699,Books > Foreign language > Japanese
528 > 693 > 700,Books > Foreign language > Russian
528 > 693 > 701,Books > Foreign language > Spanish
528 > 693 > 702,Books > Foreign language > Other
528 > 703 > 704,Books > Magazines > Art & craft
528 > 703 > 712,Books > Magazines > Business & technology
528 > 703 > 713,Books > Magazines > Children & baby
528 > 703 > 714,Books > Magazines > Cooking
528 > 703 > 715,Books > Magazines > Educational
528 > 703 > 716,Books > Magazines > Fashion
528 > 703 > 717,Books > Magazines > Home & garden
528 > 703 > 718,Books > Magazines > Men
528 > 703 > 719,Books > Magazines > Music
528 > 703 > 721,Books > Magazines > Sports
528 > 703 > 722,Books > Magazines > Wedding
528 > 703 > 723,Books > Magazines > Women
528 > 703 > 724,Books > Magazines > Other
528 > 725 > 785,Books > Non-fiction > Flora & fauna
528 > 725 > 786,Books > Non-fiction > Genealogy
528 > 725 > 815,Books > Non-fiction > Hobbies & games
528 > 725 > 825,Books > Non-fiction > Humour
528 > 725 > 826,Books > Non-fiction > Movies & TV
528 > 725 > 831,Books > Non-fiction > Saudia Arab
528 > 725 > 839,Books > Non-fiction > Philosophy
528 > 725 > 840,Books > Non-fiction > Politics & social commentary
528 > 725 > 841,Books > Non-fiction > Psychology
528 > 725 > 892,Books > Non-fiction > Technology & engineering
528 > 725 > 911,Books > Non-fiction > True crime
528 > 725 > 916,Books > Non-fiction > Wine & drink
528 > 725 > 917,Books > Non-fiction > Other
528 > 918 > 922,Books > Rare & collectable > First editions
528 > 934 > 935,Books > Teaching resources & education > Accounting
528 > 934 > 936,Books > Teaching resources & education > Architecture & design
528 > 934 > 937,Books > Teaching resources & education > College study guides
528 > 934 > 938,Books > Teaching resources & education > Computing & info systems
528 > 934 > 939,Books > Teaching resources & education > Economics
528 > 934 > 940,Books > Teaching resources & education > Engineering
528 > 934 > 941,Books > Teaching resources & education > Humanities & social science
528 > 934 > 942,Books > Teaching resources & education > Law
528 > 934 > 943,Books > Teaching resources & education > Management
528 > 934 > 944,Books > Teaching resources & education > Marketing
528 > 934 > 945,Books > Teaching resources & education > Science
528 > 934 > 946,Books > Teaching resources & education > Other
528 > 947 > 948,Books > Young adult fiction > Author A-C
528 > 947 > 949,Books > Young adult fiction > Author D-F
528 > 947 > 950,Books > Young adult fiction > Author G-I
528 > 947 > 951,Books > Young adult fiction > Author J-L
528 > 947 > 952,Books > Young adult fiction > Author M-O
528 > 947 > 953,Books > Young adult fiction > Author P-R
528 > 947 > 954,Books > Young adult fiction > Author S-U
528 > 947 > 955,Books > Young adult fiction > Author V-Z
528 > 947 > 956,Books > Young adult fiction > Other
957 > 958 > 967,Building-renovation > Bathroom > Extractor fans
957 > 958 > 968,Building-renovation > Bathroom > Mirrors
957 > 958 > 977,Building-renovation > Bathroom > Toilets
957 > 958 > 978,Building-renovation > Bathroom > Other
957 > 979 > 1003,Building-renovation > Building supplies > Tarpaulins & covers
957 > 979 > 1010,Building-renovation > Building supplies > Workbenches
957 > 979 > 1011,Building-renovation > Building supplies > Other
957 > 1012 > 1013,"Building-renovation > Carpet, tiles & flooring > Carpet"
957 > 1012 > 1014,"Building-renovation > Carpet, tiles & flooring > Floorboards"
957 > 1012 > 1021,"Building-renovation > Carpet, tiles & flooring > Vinyl"
957 > 1012 > 1022,"Building-renovation > Carpet, tiles & flooring > Other"
957 > 1023 > 1031,"Building-renovation > Doors, windows & mouldings > Mouldings"
957 > 1023 > 1037,"Building-renovation > Doors, windows & mouldings > Other"
957 > 1038 > 1039,Building-renovation > Electrical & lighting > Cabling
957 > 1038 > 1051,Building-renovation > Electrical & lighting > Other
957 > 1052 > 1053,Building-renovation > Fixtures & fittings > Handles & levers
957 > 1052 > 1054,Building-renovation > Fixtures & fittings > Knobs
957 > 1052 > 1055,Building-renovation > Fixtures & fittings > Knockers
957 > 1052 > 1056,Building-renovation > Fixtures & fittings > Locks & latches
957 > 1052 > 1057,Building-renovation > Fixtures & fittings > Rails & railings
957 > 1052 > 1058,Building-renovation > Fixtures & fittings > Other
957 > 1059 > 1060,Building-renovation > Heating & cooling > Air conditioning
957 > 1059 > 1061,Building-renovation > Heating & cooling > Fireplaces
957 > 1059 > 1062,Building-renovation > Heating & cooling > Heating systems
957 > 1059 > 1063,Building-renovation > Heating & cooling > Insulation
957 > 1059 > 1064,Building-renovation > Heating & cooling > Other
957 > 1065 > 1066,Building-renovation > Kitchen > Complete kitchens
957 > 1065 > 1067,Building-renovation > Kitchen > Countertops & benches
957 > 1065 > 1068,Building-renovation > Kitchen > Kitchen cabinets
957 > 1065 > 1069,Building-renovation > Kitchen > Rangehoods
957 > 1065 > 1070,Building-renovation > Kitchen > Sinks
957 > 1065 > 1071,Building-renovation > Kitchen > Other
957 > 1072 > 1073,Building-renovation > Painting & wallpaper > Brushes & rollers
957 > 1072 > 1079,Building-renovation > Painting & wallpaper > Wallpaper
957 > 1072 > 1080,Building-renovation > Painting & wallpaper > Other
957 > 1081 > 1082,Building-renovation > Plumbing & gas > Hot water cylinders
957 > 1081 > 1083,Building-renovation > Plumbing & gas > Tapware
957 > 1081 > 1084,Building-renovation > Plumbing & gas > Other
957 > 1086 > 1142,Building-renovation > Tools > Other
1144 > 1145 > 1146,Business-farming-industry > Businesses for sale > Internet & technology
1144 > 1145 > 1147,Business-farming-industry > Businesses for sale > Manufacturing
1144 > 1145 > 1164,Business-farming-industry > Businesses for sale > Other
1144 > 1166 > 1167,Business-farming-industry > Farming & forestry > Aquaculture
1144 > 1166 > 1168,Business-farming-industry > Farming & forestry > Beekeeping
1144 > 1166 > 1316,Business-farming-industry > Farming & forestry > Viticulture & winemaking
1144 > 1166 > 1317,Business-farming-industry > Farming & forestry > Other
1144 > 1318 > 1347,Business-farming-industry > Industrial > Forklifts & pallet movers
1144 > 1318 > 1354,Business-farming-industry > Industrial > Hoists & jacks
1144 > 1318 > 1367,Business-farming-industry > Industrial > Measuring & scales
1144 > 1318 > 1368,Business-farming-industry > Industrial > Water blasters
1144 > 1318 > 1369,Business-farming-industry > Industrial > Other
1144 > 1370 > 1371,Business-farming-industry > Office equipment & supplies > Binding
1144 > 1370 > 1372,Business-farming-industry > Office equipment & supplies > Label making
1144 > 1370 > 1373,Business-farming-industry > Office equipment & supplies > Laminating
1144 > 1370 > 1388,Business-farming-industry > Office equipment & supplies > Whiteboards
1144 > 1370 > 1389,Business-farming-industry > Office equipment & supplies > Other
1144 > 1390 > 1391,Business-farming-industry > Office furniture > Board tables & chairs
1144 > 1390 > 1392,Business-farming-industry > Office furniture > Cupboards & cabinets
1144 > 1390 > 1393,Business-farming-industry > Office furniture > Desk chairs
1144 > 1390 > 1394,Business-farming-industry > Office furniture > Drawers & mobiles
1144 > 1390 > 1404,Business-farming-industry > Office furniture > Partitions
1144 > 1390 > 1405,Business-farming-industry > Office furniture > Reception desks & seating
1144 > 1390 > 1406,Business-farming-industry > Office furniture > Shelving
1144 > 1390 > 1407,Business-farming-industry > Office furniture > Other
1144 > 1408 > 1409,Business-farming-industry > Postage & packing supplies > Boxes
1144 > 1408 > 1410,Business-farming-industry > Postage & packing supplies > Bubble wrap & packing foam
1144 > 1408 > 1411,Business-farming-industry > Postage & packing supplies > Envelopes & mail bags
1144 > 1408 > 1412,Business-farming-industry > Postage & packing supplies > Tape
1144 > 1408 > 1413,Business-farming-industry > Postage & packing supplies > Other
1144 > 1414 > 1440,Business-farming-industry > Retail & hospitality > Labels & pricing
1144 > 1414 > 1441,Business-farming-industry > Retail & hospitality > Mannequins
1144 > 1414 > 1460,Business-farming-industry > Retail & hospitality > Other
1144 > 1461 > 1467,Business-farming-industry > Wholesale lots > Crafts
1144 > 1461 > 1468,Business-farming-industry > Wholesale lots > Electronics & photography
1144 > 1461 > 1469,Business-farming-industry > Wholesale lots > Health & beauty
1144 > 1461 > 1477,Business-farming-industry > Wholesale lots > Novelty
1144 > 1461 > 1478,Business-farming-industry > Wholesale lots > Office & stationery
1144 > 1461 > 1479,Business-farming-industry > Wholesale lots > Toys & models
1144 > 1461 > 1480,Business-farming-industry > Wholesale lots > Other
1482 > 1483 > 1484,Clothing & Fashion > Boys > Tops & t-shirts
1482 > 1483 > 1485,Clothing & Fashion > Boys > Jerseys & hoodies
1482 > 1483 > 1486,Clothing & Fashion > Boys > Jeans & trousers
1482 > 1483 > 1487,Clothing & Fashion > Boys > Shorts
1482 > 1483 > 1488,Clothing & Fashion > Boys > Jackets
1482 > 1483 > 1489,Clothing & Fashion > Boys > Bulk lots
1482 > 1483 > 1490,Clothing & Fashion > Boys > Shoes
1482 > 1483 > 1495,Clothing & Fashion > Boys > Pyjamas
1482 > 1483 > 1496,Clothing & Fashion > Boys > Socks & underwear
1482 > 1483 > 1497,Clothing & Fashion > Boys > Swimwear
1482 > 1483 > 1498,Clothing & Fashion > Boys > Uniforms
1482 > 1483 > 1499,Clothing & Fashion > Boys > Costumes
1482 > 1483 > 1500,Clothing & Fashion > Boys > Wedding
1482 > 1483 > 1501,Clothing & Fashion > Boys > Other
1482 > 1502 > 1503,Clothing & Fashion > Girls > Dresses & skirts
1482 > 1502 > 1504,Clothing & Fashion > Girls > Tops & t-shirts
1482 > 1502 > 1505,Clothing & Fashion > Girls > Jeans & trousers
1482 > 1502 > 1506,Clothing & Fashion > Girls > Jackets
1482 > 1502 > 1507,Clothing & Fashion > Girls > Shorts
1482 > 1502 > 1508,Clothing & Fashion > Girls > Jerseys & hoodies
1482 > 1502 > 1509,Clothing & Fashion > Girls > Bulk lots
1482 > 1502 > 1510,Clothing & Fashion > Girls > Shoes
1482 > 1502 > 1520,Clothing & Fashion > Girls > Pyjamas
1482 > 1502 > 1521,Clothing & Fashion > Girls > Swimwear
1482 > 1502 > 1522,Clothing & Fashion > Girls > Underwear
1482 > 1502 > 1523,Clothing & Fashion > Girls > Socks
1482 > 1502 > 1524,Clothing & Fashion > Girls > Uniforms
1482 > 1502 > 1525,Clothing & Fashion > Girls > Costumes
1482 > 1502 > 1526,Clothing & Fashion > Girls > Wedding
1482 > 1502 > 1527,Clothing & Fashion > Girls > Other
1482 > 1528 > 1529,Clothing & Fashion > Men > Tops & shirts
1482 > 1528 > 1530,Clothing & Fashion > Men > T-shirts
1482 > 1528 > 1531,Clothing & Fashion > Men > Jerseys & hoodies
1482 > 1528 > 1532,Clothing & Fashion > Men > Jeans & trousers
1482 > 1528 > 1533,Clothing & Fashion > Men > Shorts
1482 > 1528 > 1534,Clothing & Fashion > Men > Jackets
1482 > 1528 > 1535,Clothing & Fashion > Men > Bulk lots
1482 > 1528 > 1536,Clothing & Fashion > Men > Shoes
1482 > 1528 > 1546,Clothing & Fashion > Men > Underwear
1482 > 1528 > 1547,Clothing & Fashion > Men > Socks
1482 > 1528 > 1548,Clothing & Fashion > Men > Sportswear
1482 > 1528 > 1549,Clothing & Fashion > Men > Suits
1482 > 1528 > 1556,Clothing & Fashion > Men > Wedding
1482 > 1528 > 1557,Clothing & Fashion > Men > Novelty & adult
1482 > 1528 > 1558,Clothing & Fashion > Men > Other
1482 > 1559 > 1560,Clothing & Fashion > Women > Tops & shirts
1482 > 1559 > 1561,Clothing & Fashion > Women > Dresses
1482 > 1559 > 1562,"Clothing & Fashion > Women > Jeans, pants & shorts"
1482 > 1559 > 1563,Clothing & Fashion > Women > Skirts
1482 > 1559 > 1564,Clothing & Fashion > Women > Jackets
1482 > 1559 > 1565,Clothing & Fashion > Women > Suits
1482 > 1559 > 1566,Clothing & Fashion > Women > Bulk lots
1482 > 1559 > 1567,Clothing & Fashion > Women > Shoes
1482 > 1559 > 1590,Clothing & Fashion > Women > Lingerie & sleepwear
1482 > 1559 > 1591,Clothing & Fashion > Women > Swimwear
1482 > 1559 > 1611,Clothing & Fashion > Women > Vintage & retro
1482 > 1559 > 1639,Clothing & Fashion > Women > Novelty & adult
1482 > 1559 > 1640,Clothing & Fashion > Women > Other
1482 > 1559 > 6469,Clothing & Fashion > Women > Hijab
1482 > 1559 > 6470,Clothing & Fashion > Women > Abaya
1641 > 1642 > 1643,Computers > 3D Printers & Supplies > 3D Parts & Accessories
1641 > 1642 > 1644,Computers > 3D Printers & Supplies > 3D Printers
1641 > 1642 > 1645,Computers > 3D Printers & Supplies > 3D Printing Filaments & Consumables
1641 > 1646 > 1651,Computers > Blank discs & cases > CD
1641 > 1646 > 1652,Computers > Blank discs & cases > DVD
1641 > 1646 > 1653,Computers > Blank discs & cases > Other
1641 > 1654 > 1655,Computers > Cables & adaptors > Audio
1641 > 1654 > 1656,Computers > Cables & adaptors > Firewire
1641 > 1654 > 1657,Computers > Cables & adaptors > Monitor
1641 > 1654 > 1658,Computers > Cables & adaptors > Networking
1641 > 1654 > 1659,Computers > Cables & adaptors > Power
1641 > 1654 > 1660,Computers > Cables & adaptors > USB
1641 > 1654 > 1661,Computers > Cables & adaptors > Other
1641 > 1662 > 1663,Computers > Components > Airport cards
1641 > 1662 > 1701,Computers > Components > Other PCI cards
1641 > 1662 > 1702,Computers > Components > Sound cards
1641 > 1662 > 1707,Computers > Components > Other
1641 > 1708 > 1709,Computers > Computer furniture > Desks & tables
1641 > 1708 > 1710,Computers > Computer furniture > Other
1641 > 1711 > 1712,Computers > Desktops > Apple desktops
1641 > 1711 > 1713,Computers > Desktops > CRT monitor
1641 > 1711 > 1714,Computers > Desktops > LCD monitor
1641 > 1711 > 1715,Computers > Desktops > No monitor
1641 > 1717 > 1718,Computers > External storage > External hard drives
1641 > 1717 > 1719,Computers > External storage > USB memory keys
1641 > 1717 > 1720,Computers > External storage > Other
1641 > 1721 > 1736,Computers > Laptops > Docking stations
1641 > 1721 > 1749,Computers > Laptops > Memory
1641 > 1721 > 1750,Computers > Laptops > PC cards
1641 > 1721 > 1761,Computers > Laptops > Other
1641 > 1762 > 1763,Computers > Monitors > CRT monitors
1641 > 1762 > 1764,Computers > Monitors > LCD monitors
1641 > 1765 > 1766,Computers > Networking & modems > ADSL modems
1641 > 1765 > 1767,Computers > Networking & modems > Hubs & switches
1641 > 1765 > 1768,Computers > Networking & modems > Modems
1641 > 1765 > 1769,Computers > Networking & modems > Network cards
1641 > 1765 > 1770,Computers > Networking & modems > Routers & firewalls
1641 > 1765 > 1777,Computers > Networking & modems > Other
1641 > 1778 > 1790,Computers > Peripherals > Scanners
1641 > 1778 > 1796,Computers > Peripherals > UPS
1641 > 1778 > 1797,Computers > Peripherals > USB Hubs
1641 > 1778 > 1798,Computers > Peripherals > Webcams
1641 > 1778 > 1799,Computers > Peripherals > Wrist & mouse pads
1641 > 1778 > 1800,Computers > Peripherals > Other
1641 > 1816 > 1817,Computers > Printers > Ink jet & bubble jet
1641 > 1816 > 1818,Computers > Printers > Laser
1641 > 1816 > 1819,Computers > Printers > Other
1641 > 1820 > 1821,Computers > Servers > Server components
1641 > 1820 > 1822,Computers > Servers > Servers
1641 > 1823 > 1824,Computers > Software > Accounting
1641 > 1823 > 1825,Computers > Software > Antivirus
1641 > 1823 > 1826,Computers > Software > Business & finance
1641 > 1823 > 1835,Computers > Software > Graphics & multimedia
1641 > 1823 > 1836,Computers > Software > MS Office
1641 > 1823 > 1841,Computers > Software > Other
1641 > 1842 > 1843,Computers > Tablets & E-book readers > E-book readers
1641 > 1842 > 1870,Computers > Tablets & E-book readers > Tablets
1878 > 1879 > 1880,Crafts > Cake design > Candles & decorations
1878 > 1879 > 1881,Crafts > Cake design > Icing & edible decorations
1878 > 1879 > 1882,Crafts > Cake design > Moulds & tins
1878 > 1879 > 1883,"Crafts > Cake design > Stands, boxes & boards"
1878 > 1879 > 1884,Crafts > Cake design > Tools
1878 > 1879 > 1885,Crafts > Cake design > Other
1878 > 1888 > 1889,Crafts > Cross-stitch > Charts
1878 > 1888 > 1890,Crafts > Cross-stitch > Completed
1878 > 1888 > 1891,Crafts > Cross-stitch > Cottons
1878 > 1888 > 1892,Crafts > Cross-stitch > Fabric
1878 > 1888 > 1893,Crafts > Cross-stitch > Kits
1878 > 1888 > 1894,Crafts > Cross-stitch > Patterns
1878 > 1888 > 1895,Crafts > Cross-stitch > Other
1878 > 1897 > 1898,Crafts > Embroidery > Cottons
1878 > 1897 > 1899,Crafts > Embroidery > Patterns
1878 > 1897 > 1900,Crafts > Embroidery > Other
1878 > 1901 > 1902,Crafts > Fabric > Corduroy
1878 > 1901 > 1909,Crafts > Fabric > Flannel
1878 > 1901 > 1910,Crafts > Fabric > Lace
1878 > 1901 > 1911,Crafts > Fabric > Linen
1878 > 1901 > 1912,Crafts > Fabric > Lycra
1878 > 1901 > 1913,Crafts > Fabric > Satin
1878 > 1901 > 1914,Crafts > Fabric > Silk
1878 > 1901 > 1915,Crafts > Fabric > Synthetics & blends
1878 > 1901 > 1916,Crafts > Fabric > Upholstery & drapery
1878 > 1901 > 1917,Crafts > Fabric > Velvet & velour
1878 > 1901 > 1918,Crafts > Fabric > Wool
1878 > 1901 > 1919,Crafts > Fabric > Other
1878 > 1920 > 1921,Crafts > Greeting cards & envelopes > Baby
1878 > 1920 > 1922,Crafts > Greeting cards & envelopes > Birthday
1878 > 1920 > 1923,Crafts > Greeting cards & envelopes > Blank
1878 > 1920 > 1924,Crafts > Greeting cards & envelopes > Christmas
1878 > 1920 > 1925,Crafts > Greeting cards & envelopes > Wedding & anniversary
1878 > 1920 > 1926,Crafts > Greeting cards & envelopes > Other
1878 > 1927 > 1938,Crafts > Jewellery making & beading > Chains
1878 > 1927 > 1939,Crafts > Jewellery making & beading > Clasps & hooks
1878 > 1927 > 1940,Crafts > Jewellery making & beading > Crimps
1878 > 1927 > 1941,Crafts > Jewellery making & beading > Packaging
1878 > 1927 > 1942,Crafts > Jewellery making & beading > Thread & wire
1878 > 1927 > 1943,Crafts > Jewellery making & beading > Other
1878 > 1944 > 1945,Crafts > Knitting & Weaving > Looms & frames
1878 > 1944 > 1946,Crafts > Knitting & Weaving > Patterns
1878 > 1944 > 1947,Crafts > Knitting & Weaving > Weaving accessories
1878 > 1944 > 1948,Crafts > Knitting & Weaving > Yarn
1878 > 1944 > 1949,Crafts > Knitting & Weaving > Other
1878 > 1950 > 1951,Crafts > Mosaics > Gems
1878 > 1950 > 1952,Crafts > Mosaics > Kits
1878 > 1950 > 1962,Crafts > Mosaics > Tools
1878 > 1950 > 1963,Crafts > Mosaics > Other
1878 > 1966 > 1973,Crafts > Quilting > Kits
1878 > 1966 > 1974,Crafts > Quilting > Patterns
1878 > 1966 > 1975,Crafts > Quilting > Tools
1878 > 1966 > 1976,Crafts > Quilting > Other
1878 > 1977 > 1978,Crafts > Scrapbooking > Adhesive & glue
1878 > 1977 > 1998,Crafts > Scrapbooking > Kits & packs
1878 > 1977 > 1999,Crafts > Scrapbooking > Organisers & albums
1878 > 1977 > 2014,Crafts > Scrapbooking > Other
1878 > 2015 > 2016,Crafts > Sewing > Buttons
1878 > 2015 > 2017,Crafts > Sewing > Embellishments
1878 > 2015 > 2032,Crafts > Sewing > Sewing machines
1878 > 2015 > 2033,Crafts > Sewing > Thread
1878 > 2015 > 2034,Crafts > Sewing > Toy making
1878 > 2015 > 2035,Crafts > Sewing > Zips
1878 > 2015 > 2036,Crafts > Sewing > Other
1878 > 2038 > 2039,Crafts > Stamping > Ink & ink pads
1878 > 2038 > 2040,Crafts > Stamping > Stamps
1878 > 2038 > 2041,Crafts > Stamping > Other
2045 > 2046 > 2056,Electronics-photography > Batteries > Other
2045 > 2057 > 2058,Electronics-photography > Binoculars & telescopes > Binoculars
2045 > 2057 > 2059,Electronics-photography > Binoculars & telescopes > Telescopes
2045 > 2060 > 2083,Electronics-photography > Camera accessories > Cables
2045 > 2060 > 2084,Electronics-photography > Camera accessories > Filters
2045 > 2060 > 2102,Electronics-photography > Camera accessories > Lighting & studio
2045 > 2060 > 2103,Electronics-photography > Camera accessories > Protection & cleaning
2045 > 2060 > 2104,Electronics-photography > Camera accessories > Reflectors
2045 > 2060 > 2105,Electronics-photography > Camera accessories > Remote shutters
2045 > 2060 > 2106,Electronics-photography > Camera accessories > Tripods
2045 > 2060 > 2107,Electronics-photography > Camera accessories > Other
2045 > 2108 > 2123,Electronics-photography > Digital cameras > Other
2045 > 2124 > 2125,Electronics-photography > DVD & Blu-ray players > Blu-ray players
2045 > 2124 > 2129,Electronics-photography > DVD & Blu-ray players > DVD recorders
2045 > 2124 > 2130,Electronics-photography > DVD & Blu-ray players > VCR players
2045 > 2124 > 2131,Electronics-photography > DVD & Blu-ray players > Other
2045 > 2132 > 2133,Electronics-photography > Film cameras > 35mm compact
2045 > 2132 > 2134,Electronics-photography > Film cameras > 35mm SLR
2045 > 2132 > 2135,Electronics-photography > Film cameras > 35mm zoom
2045 > 2132 > 2136,Electronics-photography > Film cameras > Vintage
2045 > 2132 > 2137,Electronics-photography > Film cameras > Other formats
2045 > 2138 > 2139,Electronics-photography > GPS > Automotive
2045 > 2138 > 2140,Electronics-photography > GPS > Boating
2045 > 2138 > 2141,Electronics-photography > GPS > Fitness/Training GPS
2045 > 2138 > 2142,Electronics-photography > GPS > GPS accessories
2045 > 2138 > 2143,Electronics-photography > GPS > Handheld
2045 > 2138 > 2144,Electronics-photography > GPS > Laptop/PDA
2045 > 2145 > 2146,Electronics-photography > Home audio > Amplifiers & tuners
2045 > 2145 > 2147,Electronics-photography > Home audio > Cables
2045 > 2145 > 2148,Electronics-photography > Home audio > Cassette decks
2045 > 2145 > 2149,Electronics-photography > Home audio > CD players
2045 > 2145 > 2150,Electronics-photography > Home audio > Full systems
2045 > 2145 > 2151,Electronics-photography > Home audio > Headphones
2045 > 2145 > 2152,Electronics-photography > Home audio > Home theatre
2045 > 2145 > 2160,Electronics-photography > Home audio > Turntables
2045 > 2145 > 2161,Electronics-photography > Home audio > Vintage
2045 > 2145 > 2162,Electronics-photography > Home audio > Other
2045 > 2163 > 2164,Electronics-photography > iPod & MP3 accessories > Accessory bundles
2045 > 2163 > 2165,Electronics-photography > iPod & MP3 accessories > Adapters & connectors
2045 > 2163 > 2166,Electronics-photography > iPod & MP3 accessories > Armbands
2045 > 2163 > 2167,Electronics-photography > iPod & MP3 accessories > Cables
2045 > 2163 > 2168,Electronics-photography > iPod & MP3 accessories > Car kits
2045 > 2163 > 2175,Electronics-photography > iPod & MP3 accessories > Docks
2045 > 2163 > 2176,Electronics-photography > iPod & MP3 accessories > FM transmitters
2045 > 2163 > 2177,Electronics-photography > iPod & MP3 accessories > Hard cases
2045 > 2163 > 2178,Electronics-photography > iPod & MP3 accessories > Headphones & amplifiers
2045 > 2163 > 2179,Electronics-photography > iPod & MP3 accessories > Mounts & holders
2045 > 2163 > 2180,Electronics-photography > iPod & MP3 accessories > Parts & components
2045 > 2163 > 2181,Electronics-photography > iPod & MP3 accessories > Replacement batteries
2045 > 2163 > 2182,Electronics-photography > iPod & MP3 accessories > Screen protectors
2045 > 2163 > 2183,Electronics-photography > iPod & MP3 accessories > Soft cases & skins
2045 > 2163 > 2184,Electronics-photography > iPod & MP3 accessories > Speakers
2045 > 2163 > 2185,Electronics-photography > iPod & MP3 accessories > Other
2045 > 2186 > 2187,Electronics-photography > iPods > iPod Classic
2045 > 2186 > 2188,Electronics-photography > iPods > iPod Nano
2045 > 2186 > 2189,Electronics-photography > iPods > iPod Shuffle
2045 > 2186 > 2190,Electronics-photography > iPods > iPod Touch
2045 > 2186 > 2191,Electronics-photography > iPods > Other
2045 > 2192 > 2193,Electronics-photography > Media streaming > Apple TV
2045 > 2192 > 2194,Electronics-photography > Media streaming > Chromecast
2045 > 2192 > 2195,Electronics-photography > Media streaming > Smart TV Boxes
2045 > 2196 > 2197,Electronics-photography > Memory cards > Card readers
2045 > 2196 > 2215,Electronics-photography > Memory cards > XD
2045 > 2196 > 2216,Electronics-photography > Memory cards > Other
2045 > 2217 > 2218,Electronics-photography > MP3 players > 512MB & under
2045 > 2217 > 2219,Electronics-photography > MP3 players > 1GB
2045 > 2217 > 2220,Electronics-photography > MP3 players > 2 - 4GB
2045 > 2217 > 2221,Electronics-photography > MP3 players > 4 - 6GB
2045 > 2217 > 2222,Electronics-photography > MP3 players > 6 - 8GB
2045 > 2217 > 2223,Electronics-photography > MP3 players > 8 - 10GB
2045 > 2217 > 2224,Electronics-photography > MP3 players > 10GB & over
2045 > 2225 > 2226,Electronics-photography > Phone & fax > Answer phones
2045 > 2225 > 2227,Electronics-photography > Phone & fax > Corded phones
2045 > 2225 > 2228,Electronics-photography > Phone & fax > Cordless phones
2045 > 2225 > 2229,Electronics-photography > Phone & fax > Fax machines
2045 > 2225 > 2230,Electronics-photography > Phone & fax > Other
2045 > 2231 > 2232,Electronics-photography > Projectors & screens > Lamps
2045 > 2231 > 2233,Electronics-photography > Projectors & screens > Projectors
2045 > 2231 > 2234,Electronics-photography > Projectors & screens > Screens
2045 > 2231 > 2235,Electronics-photography > Projectors & screens > Other
2045 > 2236 > 2237,Electronics-photography > Radio equipment > Amateur radio
2045 > 2236 > 2238,Electronics-photography > Radio equipment > Commercial
2045 > 2236 > 2239,Electronics-photography > Radio equipment > Vintage
2045 > 2240 > 2241,Electronics-photography > TVs > Cables & aerials
2045 > 2240 > 2261,Electronics-photography > TVs > Remotes
2045 > 2240 > 2262,Electronics-photography > TVs > Satellite receivers
2045 > 2240 > 2263,Electronics-photography > TVs > Rear projection & CRT
2045 > 2240 > 2264,Electronics-photography > TVs > Terrestrial receivers
2045 > 2240 > 2265,Electronics-photography > TVs > TV Cabinets
2045 > 2240 > 2266,Electronics-photography > TVs > Wall brackets
2045 > 2240 > 2267,Electronics-photography > TVs > Other
2045 > 2268 > 2274,Electronics-photography > Video cameras > Action cameras
2045 > 2268 > 2275,Electronics-photography > Video cameras > Car cameras
2045 > 2268 > 2276,Electronics-photography > Video cameras > Consumables
2045 > 2268 > 2277,Electronics-photography > Video cameras > Professional cameras
2045 > 2268 > 2278,Electronics-photography > Video cameras > Security & spy cameras
2045 > 2268 > 2279,Electronics-photography > Video cameras > Standard cameras
2045 > 2280 > 2281,Electronics-photography > Other electronics > Adaptors & chargers
2045 > 2280 > 2282,Electronics-photography > Other electronics > Breathalysers
2045 > 2280 > 2283,Electronics-photography > Other electronics > Calculators
2045 > 2280 > 2284,Electronics-photography > Other electronics > Clocks & alarms
2045 > 2280 > 2285,Electronics-photography > Other electronics > Digital photo frames
2045 > 2280 > 2293,Electronics-photography > Other electronics > Laser pointers
2045 > 2280 > 2294,Electronics-photography > Other electronics > Torches
2045 > 2280 > 2295,Electronics-photography > Other electronics > Voice recorders
2045 > 2280 > 2296,Electronics-photography > Other electronics > Weather devices
2045 > 2280 > 2297,Electronics-photography > Other electronics > Other
2045 > 2298 > 2299,Electronics-photography > Other music players > Cassette
2045 > 2298 > 2300,Electronics-photography > Other music players > CD
2045 > 2298 > 2301,Electronics-photography > Other music players > Minidisc
2045 > 2298 > 2302,Electronics-photography > Other music players > Portable stereos
2045 > 2298 > 2303,Electronics-photography > Other music players > Radios
2045 > 2298 > 2304,Electronics-photography > Other music players > Other
2306 > 2307 > 2308,Gaming > Arcade & pinball machines > Complete units
2306 > 2307 > 2309,Gaming > Arcade & pinball machines > Parts
2306 > 2307 > 2310,Gaming > Arcade & pinball machines > Other
2306 > 2312 > 2320,Gaming > Nintendo DS > Consoles
2306 > 2312 > 2321,Gaming > Nintendo DS > Games
2306 > 2322 > 2323,Gaming > Nintendo 3DS > Accessories
2306 > 2322 > 2324,Gaming > Nintendo 3DS > Consoles
2306 > 2322 > 2325,Gaming > Nintendo 3DS > Games
2306 > 2326 > 2327,Gaming > Nintendo Switch > Accessories
2306 > 2326 > 2328,Gaming > Nintendo Switch > Consoles
2306 > 2326 > 2329,Gaming > Nintendo Switch > Games
2306 > 2330 > 2331,Gaming > Nintendo Wii > Accessories
2306 > 2330 > 2332,Gaming > Nintendo Wii > Cables & leads
2306 > 2330 > 2333,Gaming > Nintendo Wii > Consoles
2306 > 2330 > 2334,Gaming > Nintendo Wii > Games
2306 > 2335 > 2336,Gaming > Nintendo Wii U > Accessories
2306 > 2335 > 2337,Gaming > Nintendo Wii U > Consoles
2306 > 2335 > 2338,Gaming > Nintendo Wii U > Games
2306 > 2339 > 2355,Gaming > Other Nintendo > SNES & NES
2306 > 2339 > 2356,Gaming > Other Nintendo > Other
2306 > 2357 > 2358,Gaming > PC games > Action & adventure
2306 > 2357 > 2359,Gaming > PC games > Driving & racing
2306 > 2357 > 2360,Gaming > PC games > Fighting
2306 > 2357 > 2361,Gaming > PC games > Kids & educational
2306 > 2357 > 2362,Gaming > PC games > Role playing
2306 > 2357 > 2363,Gaming > PC games > Shooter
2306 > 2357 > 2364,Gaming > PC games > Simulation
2306 > 2357 > 2365,Gaming > PC games > Sports
2306 > 2357 > 2366,Gaming > PC games > Strategy & puzzle
2306 > 2357 > 2367,Gaming > PC games > Other
2306 > 2368 > 2374,Gaming > PlayStation > Consoles
2306 > 2386 > 2394,Gaming > PlayStation 2 > Consoles
2306 > 2407 > 2413,Gaming > PlayStation 3 > Consoles
2306 > 2424 > 2425,Gaming > PlayStation 4 > Accessories
2306 > 2424 > 2426,Gaming > PlayStation 4 > Consoles
2306 > 2424 > 2427,Gaming > PlayStation 4 > Games
2306 > 2428 > 2429,Gaming > PlayStation 5 > Accessories
2306 > 2428 > 2430,Gaming > PlayStation 5 > Consoles
2306 > 2428 > 2431,Gaming > PlayStation 5 > Games
2306 > 2432 > 2441,Gaming > PSP > Consoles
2306 > 2432 > 2451,Gaming > PSP > Movies
2306 > 2452 > 2453,Gaming > PlayStation Vita > Accessories
2306 > 2452 > 2454,Gaming > PlayStation Vita > Consoles
2306 > 2452 > 2455,Gaming > PlayStation Vita > Games
2306 > 2456 > 2457,Gaming > Sega > Dreamcast
2306 > 2456 > 2458,Gaming > Sega > Master system
2306 > 2456 > 2459,Gaming > Sega > Megadrive
2306 > 2456 > 2460,Gaming > Sega > Saturn
2306 > 2456 > 2461,Gaming > Sega > Other
2306 > 2462 > 2463,Gaming > Trading cards > Dragonball Z
2306 > 2462 > 2464,Gaming > Trading cards > Duel masters
2306 > 2462 > 2469,Gaming > Trading cards > Marvel
2306 > 2462 > 2470,Gaming > Trading cards > Pokemon
2306 > 2462 > 2476,Gaming > Trading cards > Other
2306 > 2477 > 2478,Gaming > War games > Lord of the Rings
2306 > 2477 > 2479,Gaming > War games > Warhammer
2306 > 2477 > 2480,"Gaming > War games > Warhammer 40,000"
2306 > 2477 > 2481,Gaming > War games > Other
2306 > 2482 > 2487,Gaming > Xbox > Consoles
2306 > 2499 > 2506,Gaming > Xbox 360 > Consoles
2306 > 2519 > 2520,Gaming > Xbox One > Accessories
2306 > 2519 > 2521,Gaming > Xbox One > Consoles
2306 > 2519 > 2522,Gaming > Xbox One > Games
2306 > 2523 > 2524,Gaming > Xbox Series X/S > Accessories
2306 > 2523 > 2525,Gaming > Xbox Series X/S > Consoles
2306 > 2523 > 2526,Gaming > Xbox Series X/S > Games
2528 > 2529 > 2530,Health-beauty > Bath & shower > Bath salts
2528 > 2529 > 2531,Health-beauty > Bath & shower > Body scrubs
2528 > 2529 > 2532,Health-beauty > Bath & shower > Body wash
2528 > 2529 > 2533,Health-beauty > Bath & shower > Sets & bulk lots
2528 > 2529 > 2534,Health-beauty > Bath & shower > Shower gel
2528 > 2529 > 2535,Health-beauty > Bath & shower > Soaps
2528 > 2529 > 2536,Health-beauty > Bath & shower > Other
2528 > 2537 > 2538,Health-beauty > Body moisturisers > Body oil
2528 > 2537 > 2539,Health-beauty > Body moisturisers > Butter
2528 > 2537 > 2540,Health-beauty > Body moisturisers > Creams
2528 > 2537 > 2541,Health-beauty > Body moisturisers > Lotions
2528 > 2537 > 2542,Health-beauty > Body moisturisers > Other
2528 > 2543 > 2544,Health-beauty > Face care > Acne & blemish cover
2528 > 2543 > 2554,Health-beauty > Face care > Exfoliators & scrubs
2528 > 2543 > 2555,Health-beauty > Face care > Eye creams
2528 > 2543 > 2556,Health-beauty > Face care > Make-up removers
2528 > 2543 > 2557,Health-beauty > Face care > Masks
2528 > 2543 > 2558,Health-beauty > Face care > Men's
2528 > 2543 > 2570,Health-beauty > Face care > Sets
2528 > 2543 > 2571,Health-beauty > Face care > Toners
2528 > 2543 > 2572,Health-beauty > Face care > Other
2528 > 2576 > 2584,Health-beauty > Glasses & contacts > Frames
2528 > 2576 > 2585,Health-beauty > Glasses & contacts > Reading glasses
2528 > 2576 > 2586,Health-beauty > Glasses & contacts > Other
2528 > 2587 > 2588,Health-beauty > Hair accessories > Brushes & combs
2528 > 2587 > 2589,Health-beauty > Hair accessories > Clips
2528 > 2587 > 2590,Health-beauty > Hair accessories > Hair extensions
2528 > 2587 > 2591,Health-beauty > Hair accessories > Hair ties & bands
2528 > 2587 > 2592,Health-beauty > Hair accessories > Wigs
2528 > 2587 > 2593,Health-beauty > Hair accessories > Other
2528 > 2594 > 2595,Health-beauty > Hair care products > Conditioner
2528 > 2594 > 2601,Health-beauty > Hair care products > Shampoo
2528 > 2594 > 2608,Health-beauty > Hair care products > Other
2528 > 2610 > 2611,Health-beauty > Hair straighteners > GHD
2528 > 2610 > 2612,Health-beauty > Hair straighteners > Remington
2528 > 2610 > 2613,Health-beauty > Hair straighteners > Vidal Sassoon
2528 > 2610 > 2614,Health-beauty > Hair straighteners > Other
2528 > 2615 > 2616,Health-beauty > Hand & foot care > Cutting & filing
2528 > 2615 > 2617,Health-beauty > Hand & foot care > Foot spas & massagers
2528 > 2615 > 2618,Health-beauty > Hand & foot care > Hand creams
2528 > 2615 > 2619,Health-beauty > Hand & foot care > Manicure & pedicure sets
2528 > 2615 > 2620,Health-beauty > Hand & foot care > Nail art
2528 > 2615 > 2634,Health-beauty > Hand & foot care > Nails & tips
2528 > 2615 > 2635,Health-beauty > Hand & foot care > Other
2528 > 2636 > 2637,Health-beauty > Makeup > Blusher
2528 > 2636 > 2638,Health-beauty > Makeup > Bronzer
2528 > 2636 > 2639,Health-beauty > Makeup > Bulk lots
2528 > 2636 > 2640,Health-beauty > Makeup > Compact mirrors
2528 > 2636 > 2641,Health-beauty > Makeup > Concealer
2528 > 2636 > 2658,Health-beauty > Makeup > Fake eyelashes
2528 > 2636 > 2664,Health-beauty > Makeup > Kits & packs
2528 > 2636 > 2665,Health-beauty > Makeup > Lip balm
2528 > 2636 > 2666,Health-beauty > Makeup > Lip gloss
2528 > 2636 > 2667,Health-beauty > Makeup > Lip pencils
2528 > 2636 > 2675,Health-beauty > Makeup > Makeup bags
2528 > 2636 > 2680,Health-beauty > Makeup > Mascara
2528 > 2636 > 2686,Health-beauty > Makeup > Other
2528 > 2687 > 2688,Health-beauty > Massage > Massage chairs
2528 > 2687 > 2689,Health-beauty > Massage > Massage equipment
2528 > 2687 > 2690,Health-beauty > Massage > Massage oils
2528 > 2687 > 2691,Health-beauty > Massage > Massage tables
2528 > 2687 > 2697,Health-beauty > Massage > Other
2528 > 2698 > 2699,Health-beauty > Medical supplies > Blood pressure monitors
2528 > 2698 > 2700,Health-beauty > Medical supplies > Braces & supports
2528 > 2698 > 2701,Health-beauty > Medical supplies > Face masks
2528 > 2698 > 2702,Health-beauty > Medical supplies > First aid kits
2528 > 2698 > 2703,Health-beauty > Medical supplies > Thermometers
2528 > 2698 > 2704,Health-beauty > Medical supplies > Other
2528 > 2705 > 2706,Health-beauty > Medicines > Acne & blemish treatments
2528 > 2705 > 2707,Health-beauty > Medicines > Allergy & sinus
2528 > 2705 > 2708,"Health-beauty > Medicines > Cough, cold & flu"
2528 > 2705 > 2709,Health-beauty > Medicines > Creams & lotions
2528 > 2705 > 2710,Health-beauty > Medicines > Digestion & nausea
2528 > 2705 > 2711,Health-beauty > Medicines > Eye care
2528 > 2705 > 2712,Health-beauty > Medicines > Head & hair treatments
2528 > 2705 > 2713,Health-beauty > Medicines > Pain relief
2528 > 2705 > 2714,Health-beauty > Medicines > Smoking cessation
2528 > 2705 > 2715,Health-beauty > Medicines > Other
2528 > 2716 > 2717,Health-beauty > Men's fragrances > Aramis
2528 > 2716 > 2718,Health-beauty > Men's fragrances > Armani
2528 > 2716 > 2719,Health-beauty > Men's fragrances > Azzaro
2528 > 2716 > 2720,Health-beauty > Men's fragrances > Burberry
2528 > 2716 > 2721,Health-beauty > Men's fragrances > Bvlgari
2528 > 2716 > 2722,Health-beauty > Men's fragrances > Calvin Klein
2528 > 2716 > 2723,Health-beauty > Men's fragrances > Carolina Herrera
2528 > 2716 > 2724,Health-beauty > Men's fragrances > Chanel
2528 > 2716 > 2725,Health-beauty > Men's fragrances > Christian Dior
2528 > 2716 > 2726,Health-beauty > Men's fragrances > Davidoff
2528 > 2716 > 2727,Health-beauty > Men's fragrances > Diesel
2528 > 2716 > 2728,Health-beauty > Men's fragrances > Dolce & Gabbana
2528 > 2716 > 2729,Health-beauty > Men's fragrances > Dunhill
2528 > 2716 > 2730,Health-beauty > Men's fragrances > Ferrari
2528 > 2716 > 2731,Health-beauty > Men's fragrances > Givenchy
2528 > 2716 > 2732,Health-beauty > Men's fragrances > Gucci
2528 > 2716 > 2733,Health-beauty > Men's fragrances > Guess
2528 > 2716 > 2734,Health-beauty > Men's fragrances > Hugo Boss
2528 > 2716 > 2735,Health-beauty > Men's fragrances > Issey Miyake
2528 > 2716 > 2736,Health-beauty > Men's fragrances > Jaguar
2528 > 2716 > 2737,Health-beauty > Men's fragrances > Jean Paul Gaultier
2528 > 2716 > 2738,Health-beauty > Men's fragrances > Joop
2528 > 2716 > 2739,Health-beauty > Men's fragrances > Lacoste
2528 > 2716 > 2740,Health-beauty > Men's fragrances > Mont blanc
2528 > 2716 > 2741,Health-beauty > Men's fragrances > Paco Rabanne
2528 > 2716 > 2742,Health-beauty > Men's fragrances > Ralph Lauren
2528 > 2716 > 2743,Health-beauty > Men's fragrances > Versace
2528 > 2716 > 2744,Health-beauty > Men's fragrances > Yves St. Laurent
2528 > 2716 > 2745,Health-beauty > Men's fragrances > Other
2528 > 2746 > 2747,Health-beauty > Mobility aids > Scooters
2528 > 2746 > 2748,Health-beauty > Mobility aids > Walking frames & sticks
2528 > 2746 > 2749,Health-beauty > Mobility aids > Wheelchairs
2528 > 2746 > 2750,Health-beauty > Mobility aids > Other
2528 > 2751 > 2756,Health-beauty > Naturopathy > Herbal
2528 > 2751 > 2757,Health-beauty > Naturopathy > Homeopathic remedies
2528 > 2751 > 2758,Health-beauty > Naturopathy > Hypnosis
2528 > 2751 > 2759,Health-beauty > Naturopathy > Meditation
2528 > 2751 > 2760,Health-beauty > Naturopathy > Other
2528 > 2761 > 2762,Health-beauty > Personal hygiene > Antiperspirant & deodorant
2528 > 2761 > 2763,Health-beauty > Personal hygiene > Feminine hygiene
2528 > 2761 > 2770,Health-beauty > Personal hygiene > Sexual health
2528 > 2761 > 2771,Health-beauty > Personal hygiene > Other
2528 > 2775 > 2776,Health-beauty > Shaving & hair removal > Clippers & trimmers
2528 > 2775 > 2777,Health-beauty > Shaving & hair removal > Disposable razors
2528 > 2775 > 2778,Health-beauty > Shaving & hair removal > Electric shavers
2528 > 2775 > 2779,Health-beauty > Shaving & hair removal > Waxing gear
2528 > 2775 > 2780,Health-beauty > Shaving & hair removal > Other
2528 > 2781 > 2782,Health-beauty > Sun care & tanning > Self tanning products
2528 > 2781 > 2783,Health-beauty > Sun care & tanning > Sunscreen
2528 > 2781 > 2784,Health-beauty > Sun care & tanning > Other
2528 > 2785 > 2786,Health-beauty > Weight loss > Exercise programmes
2528 > 2785 > 2787,Health-beauty > Weight loss > Shapewear
2528 > 2785 > 2788,Health-beauty > Weight loss > Other
2528 > 2789 > 2790,Health-beauty > Women's fragrances > Armani
2528 > 2789 > 2791,Health-beauty > Women's fragrances > Avon
2528 > 2789 > 2792,Health-beauty > Women's fragrances > Britney Spears
2528 > 2789 > 2793,Health-beauty > Women's fragrances > Burberry
2528 > 2789 > 2794,Health-beauty > Women's fragrances > Bvlgari
2528 > 2789 > 2795,Health-beauty > Women's fragrances > Cacharel
2528 > 2789 > 2796,Health-beauty > Women's fragrances > Calvin Klein
2528 > 2789 > 2797,Health-beauty > Women's fragrances > Chanel
2528 > 2789 > 2798,Health-beauty > Women's fragrances > Chloe
2528 > 2789 > 2799,Health-beauty > Women's fragrances > Christian Dior
2528 > 2789 > 2800,Health-beauty > Women's fragrances > Davidoff
2528 > 2789 > 2801,Health-beauty > Women's fragrances > DKNY
2528 > 2789 > 2802,Health-beauty > Women's fragrances > Dolce & Gabbana
2528 > 2789 > 2803,Health-beauty > Women's fragrances > Elizabeth Arden
2528 > 2789 > 2804,Health-beauty > Women's fragrances > Elizabeth Taylor
2528 > 2789 > 2805,Health-beauty > Women's fragrances > Escada
2528 > 2789 > 2806,Health-beauty > Women's fragrances > Estee Lauder
2528 > 2789 > 2807,Health-beauty > Women's fragrances > Giorgio of Beverly Hills
2528 > 2789 > 2808,Health-beauty > Women's fragrances > Givenchy
2528 > 2789 > 2809,Health-beauty > Women's fragrances > Gucci
2528 > 2789 > 2810,Health-beauty > Women's fragrances > Guerlain
2528 > 2789 > 2811,Health-beauty > Women's fragrances > Hugo Boss
2528 > 2789 > 2812,Health-beauty > Women's fragrances > Juicy Couture
2528 > 2789 > 2813,Health-beauty > Women's fragrances > Lancome
2528 > 2789 > 2814,Health-beauty > Women's fragrances > Marc Jacobs
2528 > 2789 > 2815,Health-beauty > Women's fragrances > Oscar de la Renta
2528 > 2789 > 2816,Health-beauty > Women's fragrances > Ralph Lauren
2528 > 2789 > 2817,Health-beauty > Women's fragrances > Versace
2528 > 2789 > 2818,Health-beauty > Women's fragrances > Victoria's Secret
2528 > 2789 > 2819,Health-beauty > Women's fragrances > Yves St. Laurent
2528 > 2789 > 2820,Health-beauty > Women's fragrances > Other
2823 > 2824 > 2825,Home & Living > Bathroom > Accessory sets
2823 > 2824 > 2826,Home & Living > Bathroom > Caddies & shelves
2823 > 2824 > 2827,Home & Living > Bathroom > DÃ©cor
2823 > 2824 > 2828,Home & Living > Bathroom > Scales
2823 > 2824 > 2829,Home & Living > Bathroom > Shower curtains
2823 > 2824 > 2830,Home & Living > Bathroom > Soap dishes & dispensers
2823 > 2824 > 2831,Home & Living > Bathroom > Toilet brushes & holders
2823 > 2824 > 2832,Home & Living > Bathroom > Toothbrush holders
2823 > 2824 > 2837,Home & Living > Bathroom > Other
2823 > 2838 > 2839,Home & Living > Bedding & towels > Bath & toilet mats
2823 > 2838 > 2880,Home & Living > Bedding & towels > Throws
2823 > 2838 > 2887,Home & Living > Bedding & towels > Other
2823 > 2888 > 2889,Home & Living > Bedroom furniture > Bedroom sets
2823 > 2888 > 2894,Home & Living > Bedroom furniture > Blanket boxes & chests
2823 > 2888 > 2900,Home & Living > Bedroom furniture > Dressing tables
2823 > 2888 > 2906,Home & Living > Bedroom furniture > Other
2823 > 2907 > 2942,Home & Living > Beds > Other
2823 > 2962 > 2963,Home & Living > Cleaning & bins > Bins
2823 > 2962 > 2964,Home & Living > Cleaning & bins > Brooms & mops
2823 > 2962 > 2965,Home & Living > Cleaning & bins > Cleaning supplies
2823 > 2962 > 2973,Home & Living > Cleaning & bins > Other
2823 > 2974 > 2975,Home & Living > Curtains & blinds > Curtain fabric
2823 > 2974 > 2976,Home & Living > Curtains & blinds > Curtain tie backs
2823 > 2974 > 2977,Home & Living > Curtains & blinds > Insect screens
2823 > 2974 > 2978,Home & Living > Curtains & blinds > Net curtains
2823 > 2974 > 2979,Home & Living > Curtains & blinds > Rods
2823 > 2974 > 2980,Home & Living > Curtains & blinds > Roller blinds
2823 > 2974 > 2981,Home & Living > Curtains & blinds > Roman blinds
2823 > 2974 > 2982,Home & Living > Curtains & blinds > Thermal curtains
2823 > 2974 > 2983,Home & Living > Curtains & blinds > Tracks & hooks
2823 > 2974 > 2988,Home & Living > Curtains & blinds > Vertical blinds
2823 > 2974 > 2989,Home & Living > Curtains & blinds > Other
2823 > 2990 > 2991,Home & Living > Food & beverage > Baking ingredients
2823 > 2990 > 2992,"Home & Living > Food & beverage > Cakes, biscuits & crackers"
2823 > 2990 > 2993,Home & Living > Food & beverage > Chips & snack foods
2823 > 2990 > 2994,Home & Living > Food & beverage > Chocolate & sweets
2823 > 2990 > 2995,Home & Living > Food & beverage > Coffee
2823 > 2990 > 2996,Home & Living > Food & beverage > Desserts & toppings
2823 > 2990 > 2997,Home & Living > Food & beverage > Fresh produce
2823 > 2990 > 2998,Home & Living > Food & beverage > Grains & pasta
2823 > 2990 > 2999,Home & Living > Food & beverage > Hampers
2823 > 2990 > 3000,Home & Living > Food & beverage > Herbs & spices
2823 > 2990 > 3001,"Home & Living > Food & beverage > Jam, honey & spreads"
2823 > 2990 > 3002,Home & Living > Food & beverage > Meat
2823 > 2990 > 3003,Home & Living > Food & beverage > Oils
2823 > 2990 > 3004,Home & Living > Food & beverage > Other beverages
2823 > 2990 > 3005,Home & Living > Food & beverage > Sauces & condiments
2823 > 2990 > 3006,Home & Living > Food & beverage > Tea
2823 > 2990 > 3007,Home & Living > Food & beverage > Other
2823 > 3008 > 3009,Home & Living > Heating & cooling > Dehumidifiers
2823 > 3008 > 3015,Home & Living > Heating & cooling > Firewood
2823 > 3008 > 3024,Home & Living > Heating & cooling > Heat transfer
2823 > 3008 > 3025,Home & Living > Heating & cooling > Ventilation systems
2823 > 3008 > 3026,Home & Living > Heating & cooling > Other
2823 > 3027 > 3032,Home & Living > Home dÃ©cor > Calendars
2823 > 3027 > 3051,Home & Living > Home dÃ©cor > Decals
2823 > 3027 > 3052,Home & Living > Home dÃ©cor > Flowers
2823 > 3027 > 3108,Home & Living > Home dÃ©cor > Signs
2823 > 3027 > 3114,Home & Living > Home dÃ©cor > Wall hangings
2823 > 3027 > 3115,Home & Living > Home dÃ©cor > Other
2823 > 3116 > 3172,Home & Living > Kitchen > Microwaves
2823 > 3116 > 3181,Home & Living > Kitchen > Scales & measures
2823 > 3116 > 3216,Home & Living > Kitchen > Water coolers & filters
2823 > 3116 > 3217,Home & Living > Kitchen > Other
2823 > 3218 > 3219,Home & Living > Lamps > Bulbs
2823 > 3218 > 3220,Home & Living > Lamps > Desk lamps
2823 > 3218 > 3221,Home & Living > Lamps > Floor lamps
2823 > 3218 > 3222,Home & Living > Lamps > Lampshades
2823 > 3218 > 3223,Home & Living > Lamps > Night lights
2823 > 3218 > 3224,Home & Living > Lamps > Table lamps
2823 > 3218 > 3225,Home & Living > Lamps > Other
2823 > 3226 > 3227,Home & Living > Laundry > Clothes lines & racks
2823 > 3226 > 3228,Home & Living > Laundry > Detergents
2823 > 3226 > 3229,Home & Living > Laundry > Dryers
2823 > 3226 > 3230,Home & Living > Laundry > Fittings & accessories
2823 > 3226 > 3231,Home & Living > Laundry > Irons and ironing boards
2823 > 3226 > 3232,Home & Living > Laundry > Laundry baskets
2823 > 3226 > 3233,Home & Living > Laundry > Laundry tubs
2823 > 3226 > 3234,Home & Living > Laundry > Lint removers
2823 > 3226 > 3235,Home & Living > Laundry > Pegs
2823 > 3226 > 3236,Home & Living > Laundry > Wash bags
2823 > 3226 > 3243,Home & Living > Laundry > Other
2823 > 3244 > 3245,Home & Living > Lifestyle > Cheese making
2823 > 3244 > 3264,Home & Living > Lifestyle > Novelty
2823 > 3244 > 3277,Home & Living > Lifestyle > Other
2823 > 3278 > 3279,"Home & Living > Lounge, dining & hall > Beanbags"
2823 > 3278 > 3292,"Home & Living > Lounge, dining & hall > Desks"
2823 > 3278 > 3298,"Home & Living > Lounge, dining & hall > Entertainment units"
2823 > 3278 > 3305,"Home & Living > Lounge, dining & hall > Ottomans & footstools"
2823 > 3278 > 3318,"Home & Living > Lounge, dining & hall > Other"
2823 > 3319 > 3320,Home & Living > Luggage & travel accessories > Luggage sets
2823 > 3319 > 3321,Home & Living > Luggage & travel accessories > Suitcases
2823 > 3319 > 3331,Home & Living > Luggage & travel accessories > Travel bags
2823 > 3319 > 3332,Home & Living > Luggage & travel accessories > Other
2823 > 3333 > 3368,"Home & Living > Outdoor, garden & conservatory > Greenhouses"
2823 > 3333 > 3400,"Home & Living > Outdoor, garden & conservatory > Outdoor lights"
2823 > 3333 > 3401,"Home & Living > Outdoor, garden & conservatory > Picnicware"
2823 > 3333 > 3443,"Home & Living > Outdoor, garden & conservatory > Watering & spraying"
2823 > 3333 > 3444,"Home & Living > Outdoor, garden & conservatory > Other"
2823 > 3445 > 3446,Home & Living > Party & festive supplies > Baby showers
2823 > 3445 > 3457,Home & Living > Party & festive supplies > Halloween
2823 > 3445 > 3486,Home & Living > Party & festive supplies > Other
2823 > 3487 > 3493,"Home & Living > Security, locks & alarms > Doorbells"
2823 > 3487 > 3499,"Home & Living > Security, locks & alarms > Safes"
2823 > 3487 > 3504,"Home & Living > Security, locks & alarms > Other"
3505 > 3506 > 3507,Jewellery & watches > Body jewellery & piercings > Anklets & toe rings
3505 > 3506 > 3508,Jewellery & watches > Body jewellery & piercings > Eyebrow
3505 > 3506 > 3513,Jewellery & watches > Body jewellery & piercings > Nose
3505 > 3506 > 3514,Jewellery & watches > Body jewellery & piercings > Tongue
3505 > 3506 > 3515,Jewellery & watches > Body jewellery & piercings > Other
3505 > 3516 > 3517,Jewellery & watches > Bracelets & bangles > Beaded
3505 > 3516 > 3524,Jewellery & watches > Bracelets & bangles > Copper
3505 > 3516 > 3525,Jewellery & watches > Bracelets & bangles > Crystal
3505 > 3516 > 3526,Jewellery & watches > Bracelets & bangles > Glass
3505 > 3516 > 3531,Jewellery & watches > Bracelets & bangles > Leather
3505 > 3516 > 3532,Jewellery & watches > Bracelets & bangles > Paua
3505 > 3516 > 3533,Jewellery & watches > Bracelets & bangles > Pearl
3505 > 3516 > 3538,Jewellery & watches > Bracelets & bangles > Wood
3505 > 3516 > 3539,Jewellery & watches > Bracelets & bangles > Other
3505 > 3541 > 3542,Jewellery & watches > Earrings > Bead
3505 > 3541 > 3543,Jewellery & watches > Earrings > Crystal
3505 > 3541 > 3544,Jewellery & watches > Earrings > Cubic zirconia
3505 > 3541 > 3545,Jewellery & watches > Earrings > Diamond
3505 > 3541 > 3546,Jewellery & watches > Earrings > Mother of pearl
3505 > 3541 > 3547,Jewellery & watches > Earrings > Paua
3505 > 3541 > 3548,Jewellery & watches > Earrings > Pearl
3505 > 3541 > 3549,Jewellery & watches > Earrings > Plain gold
3505 > 3541 > 3550,Jewellery & watches > Earrings > Plain silver
3505 > 3541 > 3551,Jewellery & watches > Earrings > Other gemstone
3505 > 3541 > 3552,Jewellery & watches > Earrings > Other
3505 > 3553 > 3554,Jewellery & watches > Gemstones > Amethyst
3505 > 3553 > 3555,Jewellery & watches > Gemstones > Emerald
3505 > 3553 > 3556,Jewellery & watches > Gemstones > Garnet
3505 > 3553 > 3557,Jewellery & watches > Gemstones > Jade
3505 > 3553 > 3558,Jewellery & watches > Gemstones > Quartz
3505 > 3553 > 3559,Jewellery & watches > Gemstones > Ruby
3505 > 3553 > 3560,Jewellery & watches > Gemstones > Sapphire
3505 > 3553 > 3561,Jewellery & watches > Gemstones > Topaz
3505 > 3553 > 3562,Jewellery & watches > Gemstones > Other
3505 > 3565 > 3566,Jewellery & watches > Men's jewellery > Bracelets
3505 > 3565 > 3567,Jewellery & watches > Men's jewellery > Necklaces
3505 > 3565 > 3568,Jewellery & watches > Men's jewellery > Rings
3505 > 3565 > 3569,Jewellery & watches > Men's jewellery > Other
3505 > 3570 > 3571,Jewellery & watches > Necklaces & pendants > Alloy
3505 > 3570 > 3584,Jewellery & watches > Necklaces & pendants > Bone
3505 > 3570 > 3585,Jewellery & watches > Necklaces & pendants > Crystal
3505 > 3570 > 3586,Jewellery & watches > Necklaces & pendants > Cubic zirconia
3505 > 3570 > 3587,Jewellery & watches > Necklaces & pendants > Diamond
3505 > 3570 > 3588,Jewellery & watches > Necklaces & pendants > Glass
3505 > 3570 > 3589,Jewellery & watches > Necklaces & pendants > Gold chains
3505 > 3570 > 3590,Jewellery & watches > Necklaces & pendants > Greenstone
3505 > 3570 > 3591,Jewellery & watches > Necklaces & pendants > Mother of pearl
3505 > 3570 > 3592,Jewellery & watches > Necklaces & pendants > Paua
3505 > 3570 > 3593,Jewellery & watches > Necklaces & pendants > Pearl
3505 > 3570 > 3594,Jewellery & watches > Necklaces & pendants > Pewter
3505 > 3570 > 3595,Jewellery & watches > Necklaces & pendants > Shell
3505 > 3570 > 3596,Jewellery & watches > Necklaces & pendants > Silver chains
3505 > 3570 > 3597,Jewellery & watches > Necklaces & pendants > Other gemstone
3505 > 3570 > 3598,Jewellery & watches > Necklaces & pendants > Other
3505 > 3599 > 3600,Jewellery & watches > Rings > Rose gold
3505 > 3599 > 3606,Jewellery & watches > Rings > Titanium
3505 > 3599 > 3619,Jewellery & watches > Rings > Other
3505 > 3621 > 3622,Jewellery & watches > Watches > Kids' watches
3505 > 3621 > 3629,Jewellery & watches > Watches > Parts & accessories
3505 > 3621 > 3630,Jewellery & watches > Watches > Unisex
3638 > 3639 > 3640,Mobile phones > Accessories > Accessory bundles
3638 > 3639 > 3641,Mobile phones > Accessories > Antenna signal boosters
3638 > 3639 > 3642,Mobile phones > Accessories > Armbands
3638 > 3639 > 3655,Mobile phones > Accessories > Cables
3638 > 3639 > 3656,Mobile phones > Accessories > Car mounts & holders
3638 > 3639 > 3657,Mobile phones > Accessories > Car speakerphone kits
3638 > 3639 > 3678,Mobile phones > Accessories > Charms
3638 > 3639 > 3679,Mobile phones > Accessories > External battery packs
3638 > 3639 > 3680,Mobile phones > Accessories > Faceplates
3638 > 3639 > 3681,Mobile phones > Accessories > FM transmitters
3638 > 3639 > 3686,Mobile phones > Accessories > Keyboards
3638 > 3639 > 3697,Mobile phones > Accessories > Screen protectors
3638 > 3639 > 3698,Mobile phones > Accessories > Straps & Lanyards
3638 > 3639 > 3699,Mobile phones > Accessories > Styluses
3638 > 3639 > 3700,Mobile phones > Accessories > Tripods & stands
3638 > 3639 > 3701,Mobile phones > Accessories > Other
3638 > 3702 > 3703,Mobile phones > Mobile phones > Alcatel
3638 > 3702 > 3704,Mobile phones > Mobile phones > Blackberry
3638 > 3702 > 3710,Mobile phones > Mobile phones > Huawei
3638 > 3702 > 3755,Mobile phones > Mobile phones > Motorola
3638 > 3702 > 3760,Mobile phones > Mobile phones > OPPO
3638 > 3702 > 3795,Mobile phones > Mobile phones > Spark
3638 > 3702 > 3796,Mobile phones > Mobile phones > Vodafone
3638 > 3702 > 3797,Mobile phones > Mobile phones > Xiaomi
3638 > 3702 > 3798,Mobile phones > Mobile phones > Other
3638 > 3799 > 3800,Mobile phones > Replacement parts & components > Antennas
3638 > 3799 > 3801,Mobile phones > Replacement parts & components > Battery covers
3638 > 3799 > 3802,Mobile phones > Replacement parts & components > Buttons
3638 > 3799 > 3803,Mobile phones > Replacement parts & components > Cables
3638 > 3799 > 3804,Mobile phones > Replacement parts & components > Cameras
3638 > 3799 > 3805,Mobile phones > Replacement parts & components > Card cutters
3638 > 3799 > 3806,Mobile phones > Replacement parts & components > Charging ports
3638 > 3799 > 3807,Mobile phones > Replacement parts & components > Keypads
3638 > 3799 > 3808,Mobile phones > Replacement parts & components > Screens
3638 > 3799 > 3809,Mobile phones > Replacement parts & components > Screws
3638 > 3799 > 3810,Mobile phones > Replacement parts & components > Sim card slots
3638 > 3799 > 3811,Mobile phones > Replacement parts & components > Speakers & earpieces
3638 > 3799 > 3812,Mobile phones > Replacement parts & components > Tools
3638 > 3799 > 3813,Mobile phones > Replacement parts & components > Other
3638 > 3814 > 3815,Mobile phones > SIM cards > 2degrees
3638 > 3814 > 3816,Mobile phones > SIM cards > Spark
3638 > 3814 > 3817,Mobile phones > SIM cards > Vodafone
3638 > 3814 > 3818,Mobile phones > SIM cards > Other
3819 > 3820 > 3821,Movies & TV > Blu-ray > Action
3819 > 3820 > 3822,Movies & TV > Blu-ray > Adventure
3819 > 3820 > 3823,Movies & TV > Blu-ray > Animated
3819 > 3820 > 3824,Movies & TV > Blu-ray > Anime
3819 > 3820 > 3825,Movies & TV > Blu-ray > Childrens
3819 > 3820 > 3826,Movies & TV > Blu-ray > Classics
3819 > 3820 > 3827,Movies & TV > Blu-ray > Comedy
3819 > 3820 > 3828,Movies & TV > Blu-ray > Documentary
3819 > 3820 > 3829,Movies & TV > Blu-ray > Drama
3819 > 3820 > 3830,Movies & TV > Blu-ray > Family
3819 > 3820 > 3831,Movies & TV > Blu-ray > Fantasy
3819 > 3820 > 3832,Movies & TV > Blu-ray > Foreign
3819 > 3820 > 3833,Movies & TV > Blu-ray > Horror
3819 > 3820 > 3834,Movies & TV > Blu-ray > Music
3819 > 3820 > 3835,Movies & TV > Blu-ray > Musical
3819 > 3820 > 3836,Movies & TV > Blu-ray > Mystery
3819 > 3820 > 3837,Movies & TV > Blu-ray > Performance
3819 > 3820 > 3840,Movies & TV > Blu-ray > Sci-fi
3819 > 3820 > 3841,Movies & TV > Blu-ray > Sports
3819 > 3820 > 3842,Movies & TV > Blu-ray > Thriller
3819 > 3820 > 3843,Movies & TV > Blu-ray > TV series
3819 > 3820 > 3844,Movies & TV > Blu-ray > War
3819 > 3820 > 3845,Movies & TV > Blu-ray > Western
3819 > 3820 > 3846,Movies & TV > Blu-ray > Other
3819 > 3848 > 3849,Movies & TV > DVDs > Action
3819 > 3848 > 3850,Movies & TV > DVDs > Adventure
3819 > 3848 > 3851,Movies & TV > DVDs > Animated
3819 > 3848 > 3852,Movies & TV > DVDs > Anime
3819 > 3848 > 3853,Movies & TV > DVDs > Childrens
3819 > 3848 > 3854,Movies & TV > DVDs > Classics
3819 > 3848 > 3855,Movies & TV > DVDs > Comedy
3819 > 3848 > 3856,Movies & TV > DVDs > Documentary
3819 > 3848 > 3857,Movies & TV > DVDs > Drama
3819 > 3848 > 3858,Movies & TV > DVDs > Family
3819 > 3848 > 3859,Movies & TV > DVDs > Fantasy
3819 > 3848 > 3860,Movies & TV > DVDs > Foreign
3819 > 3848 > 3861,Movies & TV > DVDs > Horror
3819 > 3848 > 3862,Movies & TV > DVDs > Music
3819 > 3848 > 3863,Movies & TV > DVDs > Musical
3819 > 3848 > 3864,Movies & TV > DVDs > Mystery
3819 > 3848 > 3865,Movies & TV > DVDs > Performance
3819 > 3848 > 3868,Movies & TV > DVDs > Sci-fi
3819 > 3848 > 3869,Movies & TV > DVDs > Sports
3819 > 3848 > 3870,Movies & TV > DVDs > Thriller
3819 > 3848 > 3871,Movies & TV > DVDs > TV series
3819 > 3848 > 3872,Movies & TV > DVDs > War
3819 > 3848 > 3873,Movies & TV > DVDs > Western
3819 > 3848 > 3874,Movies & TV > DVDs > Other
3819 > 3875 > 3876,Movies & TV > VHS > Action
3819 > 3875 > 3877,Movies & TV > VHS > Boxed sets
3819 > 3875 > 3878,Movies & TV > VHS > Bulk lots
3819 > 3875 > 3879,Movies & TV > VHS > Children
3819 > 3875 > 3880,Movies & TV > VHS > Collectors
3819 > 3875 > 3881,Movies & TV > VHS > Comedy
3819 > 3875 > 3882,Movies & TV > VHS > Documentary & educational
3819 > 3875 > 3883,Movies & TV > VHS > Drama
3819 > 3875 > 3884,Movies & TV > VHS > Family
3819 > 3875 > 3885,Movies & TV > VHS > Horror
3819 > 3875 > 3886,Movies & TV > VHS > Music video & concerts
3819 > 3875 > 3887,Movies & TV > VHS > Mysteries & thrillers
3819 > 3875 > 3889,Movies & TV > VHS > Sci-fi
3819 > 3875 > 3890,Movies & TV > VHS > Sports & fitness
3819 > 3875 > 3891,Movies & TV > VHS > TV series
3819 > 3875 > 3892,Movies & TV > VHS > Other
3893 > 3894 > 3923,Music-instruments > CDs > Ambient & new age
3893 > 3894 > 3932,Music-instruments > CDs > Bulk CDs
3893 > 3894 > 3933,Music-instruments > CDs > Children's music
3893 > 3894 > 3944,Music-instruments > CDs > Classical
3893 > 3894 > 3945,Music-instruments > CDs > Compilations
3893 > 3894 > 3976,Music-instruments > CDs > Karaoke
3893 > 4125 > 4170,Music-instruments > Instruments > Percussion
3893 > 4125 > 4183,Music-instruments > Instruments > Other
3893 > 4184 > 4185,Music-instruments > Music DVDs > Artist A-C
3893 > 4184 > 4186,Music-instruments > Music DVDs > Artist D-F
3893 > 4184 > 4187,Music-instruments > Music DVDs > Artist G-I
3893 > 4184 > 4188,Music-instruments > Music DVDs > Artist J-L
3893 > 4184 > 4189,Music-instruments > Music DVDs > Artist M-O
3893 > 4184 > 4190,Music-instruments > Music DVDs > Artist P-R
3893 > 4184 > 4191,Music-instruments > Music DVDs > Artist S-U
3893 > 4184 > 4192,Music-instruments > Music DVDs > Artist V-Z
3893 > 4184 > 4193,Music-instruments > Music DVDs > Various
3893 > 4194 > 4200,Music-instruments > Music memorabilia > Flags & banners
3893 > 4194 > 4201,Music-instruments > Music memorabilia > Novelties
3893 > 4194 > 4202,Music-instruments > Music memorabilia > Photos
3893 > 4194 > 4210,Music-instruments > Music memorabilia > Programmes
3893 > 4194 > 4211,"Music-instruments > Music memorabilia > Stickers, badges & patches"
3893 > 4194 > 4212,Music-instruments > Music memorabilia > Other
3893 > 4214 > 4215,"Music-instruments > PA, pro audio & DJ equipment > Cables"
3893 > 4214 > 4216,"Music-instruments > PA, pro audio & DJ equipment > CD Players"
3893 > 4214 > 4217,"Music-instruments > PA, pro audio & DJ equipment > Computer recording"
3893 > 4214 > 4218,"Music-instruments > PA, pro audio & DJ equipment > Headsets"
3893 > 4214 > 4225,"Music-instruments > PA, pro audio & DJ equipment > Live power amplifiers"
3893 > 4214 > 4230,"Music-instruments > PA, pro audio & DJ equipment > Mixers"
3893 > 4214 > 4231,"Music-instruments > PA, pro audio & DJ equipment > PA cabinets"
3893 > 4214 > 4232,"Music-instruments > PA, pro audio & DJ equipment > Rack gear"
3893 > 4214 > 4233,"Music-instruments > PA, pro audio & DJ equipment > Speakers"
3893 > 4214 > 4234,"Music-instruments > PA, pro audio & DJ equipment > Stage monitors"
3893 > 4214 > 4235,"Music-instruments > PA, pro audio & DJ equipment > Subwoofers"
3893 > 4214 > 4236,"Music-instruments > PA, pro audio & DJ equipment > Synthesisers"
3893 > 4214 > 4237,"Music-instruments > PA, pro audio & DJ equipment > Turntables"
3893 > 4214 > 4238,"Music-instruments > PA, pro audio & DJ equipment > Other"
3893 > 4239 > 4240,Music-instruments > Sheet music > Classical
3893 > 4239 > 4241,Music-instruments > Sheet music > Country
3893 > 4239 > 4242,Music-instruments > Sheet music > Jazz
3893 > 4239 > 4243,Music-instruments > Sheet music > Pop & rock
3893 > 4239 > 4244,Music-instruments > Sheet music > Other
3893 > 4245 > 4246,Music-instruments > Tapes > Artist A-F
3893 > 4245 > 4247,Music-instruments > Tapes > Artist G-L
3893 > 4245 > 4248,Music-instruments > Tapes > Artist M-R
3893 > 4245 > 4249,Music-instruments > Tapes > Artist S-Z
3893 > 4245 > 4250,Music-instruments > Tapes > Other
3893 > 4251 > 4273,Music-instruments > Vinyl > Other
4275 > 4276 > 4286,Pets & animals > Birds > Cages & accessories
4275 > 4276 > 4287,Pets & animals > Birds > Other
4275 > 4288 > 4289,Pets & animals > Cats > Beds & baskets
4275 > 4288 > 4290,Pets & animals > Cats > Cages and carry cases
4275 > 4288 > 4291,Pets & animals > Cats > Cat doors
4275 > 4288 > 4292,Pets & animals > Cats > Cats for sale
4275 > 4288 > 4293,Pets & animals > Cats > Cats to adopt
4275 > 4288 > 4294,Pets & animals > Cats > Toys & treats
4275 > 4288 > 4295,Pets & animals > Cats > Other
4275 > 4296 > 4297,Pets & animals > Dogs > Beds & baskets
4275 > 4296 > 4298,Pets & animals > Dogs > Bowls & feeders
4275 > 4296 > 4299,Pets & animals > Dogs > Collars & leads
4275 > 4296 > 4300,Pets & animals > Dogs > Dog apparel
4275 > 4296 > 4313,Pets & animals > Dogs > Dogs to adopt
4275 > 4296 > 4314,Pets & animals > Dogs > Food
4275 > 4296 > 4315,Pets & animals > Dogs > Grooming
4275 > 4296 > 4316,Pets & animals > Dogs > Health care
4275 > 4296 > 4324,Pets & animals > Dogs > Toys & treats
4275 > 4296 > 4325,Pets & animals > Dogs > Travel & carriers
4275 > 4296 > 4326,Pets & animals > Dogs > Other
4275 > 4327 > 4328,Pets & animals > Fish > Aquatic plants
4275 > 4327 > 4329,Pets & animals > Fish > Decorations
4275 > 4327 > 4335,Pets & animals > Fish > Fish food
4275 > 4327 > 4336,Pets & animals > Fish > Fish tanks & aquariums
4275 > 4327 > 4337,Pets & animals > Fish > Fishbowls
4275 > 4327 > 4338,Pets & animals > Fish > Lights & lamps
4275 > 4327 > 4339,Pets & animals > Fish > Pumps & filters
4275 > 4327 > 4340,Pets & animals > Fish > Snails
4275 > 4327 > 4341,Pets & animals > Fish > Stones & pebbles
4275 > 4327 > 4342,Pets & animals > Fish > Water treatment
4275 > 4327 > 4343,Pets & animals > Fish > Other
4275 > 4344 > 4345,Pets & animals > Lost & found > Birds
4275 > 4344 > 4346,Pets & animals > Lost & found > Cats
4275 > 4344 > 4347,Pets & animals > Lost & found > Dogs
4275 > 4344 > 4348,Pets & animals > Lost & found > Other
4275 > 4349 > 4350,Pets & animals > Mice & rodents > Cages
4275 > 4349 > 4351,Pets & animals > Mice & rodents > Chinchillas
4275 > 4349 > 4352,Pets & animals > Mice & rodents > Mice & rats
4275 > 4353 > 4354,Pets & animals > Rabbits > Cages
4275 > 4353 > 4355,Pets & animals > Rabbits > Guinea pigs
4275 > 4353 > 4356,Pets & animals > Rabbits > Hutches
4275 > 4353 > 4357,Pets & animals > Rabbits > Rabbits
4275 > 4353 > 4358,Pets & animals > Rabbits > Other
4275 > 4359 > 4360,Pets & animals > Reptiles & turtles > Accessories
4275 > 4359 > 4361,Pets & animals > Reptiles & turtles > Bearded dragons
4275 > 4359 > 4362,Pets & animals > Reptiles & turtles > Reptile food
4275 > 4359 > 4363,Pets & animals > Reptiles & turtles > Turtles
4275 > 4359 > 4364,Pets & animals > Reptiles & turtles > Other
4366 > 4367 > 4368,Pottery & Glass > Glass & crystal > Bowls & dishes
4366 > 4367 > 4369,Pottery & Glass > Glass & crystal > Candle holders
4366 > 4367 > 4370,Pottery & Glass > Glass & crystal > Decanters & bottles
4366 > 4367 > 4374,Pottery & Glass > Glass & crystal > Jugs
4366 > 4367 > 4382,Pottery & Glass > Glass & crystal > Plates
4366 > 4367 > 4383,Pottery & Glass > Glass & crystal > Vases
4366 > 4367 > 4384,Pottery & Glass > Glass & crystal > Other
4366 > 4385 > 4386,Pottery & Glass > Porcelain & pottery > Alfred Meakin
4366 > 4385 > 4387,Pottery & Glass > Porcelain & pottery > Aynsley
4366 > 4385 > 4393,Pottery & Glass > Porcelain & pottery > Blue Mountain
4366 > 4385 > 4399,Pottery & Glass > Porcelain & pottery > Colclough
4366 > 4385 > 4400,Pottery & Glass > Porcelain & pottery > Crown Devon
4366 > 4385 > 4401,Pottery & Glass > Porcelain & pottery > Crown Ducal
4366 > 4385 > 4409,Pottery & Glass > Porcelain & pottery > Delft
4366 > 4385 > 4410,Pottery & Glass > Porcelain & pottery > Denby
4366 > 4385 > 4411,Pottery & Glass > Porcelain & pottery > J. & G. Meakin
4366 > 4385 > 4412,Pottery & Glass > Porcelain & pottery > Johnson Brothers
4366 > 4385 > 4413,Pottery & Glass > Porcelain & pottery > Limoges
4366 > 4385 > 4414,Pottery & Glass > Porcelain & pottery > Noritake
4366 > 4385 > 4415,Pottery & Glass > Porcelain & pottery > Paragon
4366 > 4385 > 4416,Pottery & Glass > Porcelain & pottery > Poole
4366 > 4385 > 4417,Pottery & Glass > Porcelain & pottery > Queen Anne
4366 > 4385 > 4422,"Pottery & Glass > Porcelain & pottery > Royal Copenhagen, Bing & Grondahl"
4366 > 4385 > 4434,Pottery & Glass > Porcelain & pottery > Royal Worcester
4366 > 4385 > 4435,Pottery & Glass > Porcelain & pottery > Shelley
4366 > 4385 > 4436,Pottery & Glass > Porcelain & pottery > Spode
4366 > 4385 > 4440,Pottery & Glass > Porcelain & pottery > Susie Cooper
4366 > 4385 > 4441,Pottery & Glass > Porcelain & pottery > SylvaC
4366 > 4385 > 4449,Pottery & Glass > Porcelain & pottery > Titian
4366 > 4385 > 4450,Pottery & Glass > Porcelain & pottery > Tuscan
4366 > 4385 > 4451,Pottery & Glass > Porcelain & pottery > Unmarked pieces
4366 > 4385 > 4474,Pottery & Glass > Porcelain & pottery > Other European manufacturers
4366 > 4385 > 4475,Pottery & Glass > Porcelain & pottery > Other SA manufacturers
4483 > 4485 > 4489,Sports > Basketball > Balls
4483 > 4485 > 4490,Sports > Basketball > Hoops
4483 > 4485 > 4491,Sports > Basketball > Other
4483 > 4493 > 4516,Sports > Camping > Emergency & survival
4483 > 4493 > 4571,Sports > Camping > Walking poles
4483 > 4493 > 4572,Sports > Camping > Other
4483 > 4573 > 4574,Sports > Cricket > Apparel
4483 > 4573 > 4575,Sports > Cricket > Balls
4483 > 4573 > 4576,Sports > Cricket > Bats
4483 > 4573 > 4577,Sports > Cricket > Helmets
4483 > 4573 > 4578,Sports > Cricket > Pads & gloves
4483 > 4573 > 4579,Sports > Cricket > Other
4483 > 4580 > 4624,Sports > Cycling > Electric bikes
4483 > 4580 > 4668,Sports > Cycling > Other bikes
4483 > 4580 > 4669,Sports > Cycling > Other
4483 > 4670 > 4677,Sports > Dancing & gymnastics > Ballroom dancing
4483 > 4670 > 4678,Sports > Dancing & gymnastics > Gymnastics
4483 > 4670 > 4679,Sports > Dancing & gymnastics > Jazz
4483 > 4670 > 4680,Sports > Dancing & gymnastics > Tap dancing
4483 > 4670 > 4681,Sports > Dancing & gymnastics > Other
4483 > 4683 > 4684,Sports > Equestrian > Breastplates & martingales
4483 > 4683 > 4704,Sports > Equestrian > Girths
4483 > 4683 > 4705,Sports > Equestrian > Halters & lead ropes
4483 > 4683 > 4706,Sports > Equestrian > Horse boots
4483 > 4683 > 4712,Sports > Equestrian > Jumps
4483 > 4683 > 4718,Sports > Equestrian > Saddle blankets
4483 > 4683 > 4725,Sports > Equestrian > Other
4483 > 4726 > 4736,Sports > Exercise equipment & weights > Gyro exercise balls
4483 > 4726 > 4737,Sports > Exercise equipment & weights > Heart rate monitors
4483 > 4726 > 4738,Sports > Exercise equipment & weights > Home gyms & benches
4483 > 4726 > 4739,Sports > Exercise equipment & weights > Pedometers
4483 > 4726 > 4740,Sports > Exercise equipment & weights > Skipping ropes & hand grips
4483 > 4726 > 4741,Sports > Exercise equipment & weights > Swiss balls
4483 > 4726 > 4746,Sports > Exercise equipment & weights > Yoga & pilates equipment
4483 > 4726 > 4747,Sports > Exercise equipment & weights > Other
4483 > 4748 > 4759,Sports > Fishing > Fish smokers & cookers
4483 > 4748 > 4772,Sports > Fishing > Knives and boards
4483 > 4748 > 4793,Sports > Fishing > Scales
4483 > 4748 > 4794,Sports > Fishing > Tackle boxes
4483 > 4748 > 4795,Sports > Fishing > Other
4483 > 4796 > 4797,Sports > Golf > Bags
4483 > 4796 > 4801,Sports > Golf > Club covers
4483 > 4796 > 4819,Sports > Golf > Grips
4483 > 4796 > 4820,Sports > Golf > Hybrid clubs
4483 > 4796 > 4825,Sports > Golf > Ladies' clubs
4483 > 4796 > 4826,Sports > Golf > Putters
4483 > 4796 > 4827,Sports > Golf > Tees
4483 > 4796 > 4828,Sports > Golf > Trundlers & Carts
4483 > 4796 > 4829,Sports > Golf > Wedges & chippers
4483 > 4796 > 4830,Sports > Golf > Other
4483 > 4844 > 4888,Sports > Hunting & shooting > Gun safes
4483 > 4844 > 4919,Sports > Hunting & shooting > Other
4483 > 4920 > 4921,Sports > Kayaks > Apparel
4483 > 4920 > 4928,Sports > Kayaks > Paddles
4483 > 4920 > 4929,Sports > Kayaks > Other
4483 > 4930 > 4931,Sports > Kites & kitesurfing > Kitesurfing
4483 > 4930 > 4932,Sports > Kites & kitesurfing > Stunt kites
4483 > 4930 > 4933,Sports > Kites & kitesurfing > Other
4483 > 4934 > 4940,Sports > Martial arts & boxing > Bags
4483 > 4934 > 4941,Sports > Martial arts & boxing > Gloves
4483 > 4934 > 4942,Sports > Martial arts & boxing > Pads & mats
4483 > 4934 > 4943,Sports > Martial arts & boxing > Protective gear
4483 > 4934 > 4944,Sports > Martial arts & boxing > Other
4483 > 4946 > 4947,Sports > Paintball > Accessories
4483 > 4946 > 4948,Sports > Paintball > Apparel
4483 > 4946 > 4949,Sports > Paintball > Guns & markers
4483 > 4946 > 4950,Sports > Paintball > Masks
4483 > 4946 > 4951,Sports > Paintball > Paintballs
4483 > 4946 > 4952,Sports > Paintball > Other
4483 > 4954 > 4955,Sports > Racquet sports > Badminton
4483 > 4954 > 4956,Sports > Racquet sports > Squash
4483 > 4954 > 4957,Sports > Racquet sports > Table tennis
4483 > 4954 > 4963,Sports > Racquet sports > Other
4483 > 4964 > 4969,Sports > Rugby & league > Balls
4483 > 4964 > 4970,Sports > Rugby & league > Boots
4483 > 4964 > 4971,Sports > Rugby & league > Protective gear
4483 > 4964 > 4972,Sports > Rugby & league > Other
4483 > 4973 > 4974,"Sports > Running, track & field > Apparel"
4483 > 4973 > 4975,"Sports > Running, track & field > Footwear"
4483 > 4973 > 4976,"Sports > Running, track & field > Other"
4483 > 4988 > 4989,Sports > SCUBA & snorkelling > Bags
4483 > 4988 > 4990,Sports > SCUBA & snorkelling > BCDs
4483 > 4988 > 4991,Sports > SCUBA & snorkelling > Diving knives
4483 > 4988 > 4992,Sports > SCUBA & snorkelling > Fins
4483 > 4988 > 4993,Sports > SCUBA & snorkelling > Full dive sets
4483 > 4988 > 4994,Sports > SCUBA & snorkelling > Gloves & hoods
4483 > 4988 > 4995,Sports > SCUBA & snorkelling > Masks & snorkels
4483 > 4988 > 4996,Sports > SCUBA & snorkelling > Spears & spearguns
4483 > 4988 > 4997,Sports > SCUBA & snorkelling > Tanks & regulators
4483 > 4988 > 4998,Sports > SCUBA & snorkelling > Underwater cameras & torches
4483 > 4988 > 4999,Sports > SCUBA & snorkelling > Weight belts
4483 > 4988 > 5000,Sports > SCUBA & snorkelling > Other
4483 > 5001 > 5002,Sports > Skateboarding & rollerblading > Bearings
4483 > 5001 > 5007,Sports > Skateboarding & rollerblading > Protective gear
4483 > 5001 > 5008,Sports > Skateboarding & rollerblading > Ramps & rails
4483 > 5001 > 5009,Sports > Skateboarding & rollerblading > Roller skates
4483 > 5001 > 5018,Sports > Skateboarding & rollerblading > Trucks
4483 > 5001 > 5019,Sports > Skateboarding & rollerblading > Wheels
4483 > 5001 > 5020,Sports > Skateboarding & rollerblading > Other
4483 > 5021 > 5022,Sports > Ski & board > Goggles
4483 > 5021 > 5023,Sports > Ski & board > Helmets
4483 > 5021 > 5024,Sports > Ski & board > Ski boots
4483 > 5021 > 5045,Sports > Ski & board > Other
4483 > 5046 > 5047,Sports > Snooker & pool > Cues
4483 > 5046 > 5048,Sports > Snooker & pool > Tables
4483 > 5046 > 5049,Sports > Snooker & pool > Other
4483 > 5050 > 5051,Sports > Soccer > Apparel
4483 > 5050 > 5052,Sports > Soccer > Balls
4483 > 5050 > 5053,Sports > Soccer > Boots
4483 > 5050 > 5054,Sports > Soccer > Goal sets
4483 > 5050 > 5055,Sports > Soccer > Shin pads
4483 > 5050 > 5056,Sports > Soccer > Training equipment
4483 > 5050 > 5057,Sports > Soccer > Other
4483 > 5058 > 5059,Sports > Softball & baseball > Bats
4483 > 5058 > 5060,Sports > Softball & baseball > Gloves
4483 > 5058 > 5061,Sports > Softball & baseball > Other
4483 > 5063 > 5064,Sports > Sports memorabilia > Cricket
4483 > 5063 > 5065,Sports > Sports memorabilia > Golf
4483 > 5063 > 5070,Sports > Sports memorabilia > Rugby league
4483 > 5063 > 5076,Sports > Sports memorabilia > Soccer
4483 > 5063 > 5077,Sports > Sports memorabilia > Wrestling
4483 > 5063 > 5078,Sports > Sports memorabilia > Other
4483 > 5080 > 5081,Sports > Surfing > Board bags
4483 > 5080 > 5082,Sports > Surfing > Bodyboards
4483 > 5080 > 5083,Sports > Surfing > Fins
4483 > 5080 > 5084,Sports > Surfing > Leashes
4483 > 5080 > 5085,Sports > Surfing > Paddle boards
4483 > 5080 > 5089,Sports > Surfing > Wax and grip
4483 > 5080 > 5090,Sports > Surfing > Other
4483 > 5092 > 5093,Sports > Trading cards > American Football
4483 > 5092 > 5094,Sports > Trading cards > Baseball
4483 > 5092 > 5095,Sports > Trading cards > Basketball
4483 > 5092 > 5096,Sports > Trading cards > Cricket
4483 > 5092 > 5097,Sports > Trading cards > Rugby
4483 > 5092 > 5098,Sports > Trading cards > Rugby league
4483 > 5092 > 5099,Sports > Trading cards > Soccer
4483 > 5092 > 5100,Sports > Trading cards > Other
4483 > 5092 > 5101,Sports > Trading cards > Storage & display supplies
4483 > 5102 > 5103,Sports > Waterskiing & wakeboarding > Ski biscuits
4483 > 5102 > 5104,Sports > Waterskiing & wakeboarding > Wakeboards
4483 > 5102 > 5105,Sports > Waterskiing & wakeboarding > Waterskis
4483 > 5102 > 5106,Sports > Waterskiing & wakeboarding > Other
4483 > 5107 > 5116,Sports > Wetsuits & lifejackets > Other
4483 > 5117 > 5118,Sports > Windsurfing > Boards
4483 > 5117 > 5119,Sports > Windsurfing > Sails
4483 > 5117 > 5120,Sports > Windsurfing > Other
5122 > 5124 > 5125,Toys & models > Battery & wind-up > Animals
5122 > 5124 > 5126,Toys & models > Battery & wind-up > Cars
5122 > 5124 > 5127,Toys & models > Battery & wind-up > Robots
5122 > 5124 > 5128,"Toys & models > Battery & wind-up > Trains, boats & buses"
5122 > 5124 > 5129,"Toys & models > Battery & wind-up > Trucks, diggers & excavators"
5122 > 5124 > 5130,Toys & models > Battery & wind-up > Other
5122 > 5131 > 5132,Toys & models > Bears > Care Bears
5122 > 5131 > 5133,Toys & models > Bears > Collectable
5122 > 5131 > 5134,Toys & models > Bears > Russ
5122 > 5131 > 5135,Toys & models > Bears > Steiff
5122 > 5131 > 5136,Toys & models > Bears > Other
5122 > 5138 > 5139,Toys & models > Die casts > Auto Art
5122 > 5138 > 5140,Toys & models > Die casts > Bburago
5122 > 5138 > 5147,Toys & models > Die casts > Carlectables
5122 > 5138 > 5148,Toys & models > Die casts > Corgi
5122 > 5138 > 5149,Toys & models > Die casts > Dinky
5122 > 5138 > 5150,Toys & models > Die casts > Disney Pixar
5122 > 5138 > 5151,Toys & models > Die casts > Ertl
5122 > 5138 > 5152,Toys & models > Die casts > Fun ho
5122 > 5138 > 5157,Toys & models > Die casts > Jada
5122 > 5138 > 5158,Toys & models > Die casts > Johnny Lightning
5122 > 5138 > 5159,Toys & models > Die casts > Lesney
5122 > 5138 > 5160,Toys & models > Die casts > Lledo
5122 > 5138 > 5161,Toys & models > Die casts > Maisto
5122 > 5138 > 5166,Toys & models > Die casts > Micro
5122 > 5138 > 5167,Toys & models > Die casts > Minichamps
5122 > 5138 > 5168,Toys & models > Die casts > MotorMax
5122 > 5138 > 5169,Toys & models > Die casts > Muscle Machines
5122 > 5138 > 5170,Toys & models > Die casts > Oxford
5122 > 5138 > 5171,Toys & models > Die casts > Road Signature
5122 > 5138 > 5172,Toys & models > Die casts > Siku
5122 > 5138 > 5173,Toys & models > Die casts > Sunstar
5122 > 5138 > 5174,Toys & models > Die casts > Thomas the Tank Engine
5122 > 5138 > 5175,Toys & models > Die casts > Tomica & Tomy
5122 > 5138 > 5176,Toys & models > Die casts > Trax
5122 > 5138 > 5177,Toys & models > Die casts > Other
5122 > 5178 > 5179,Toys & models > Dolls > Accessories
5122 > 5178 > 5185,Toys & models > Dolls > American Girl
5122 > 5178 > 5190,Toys & models > Dolls > Cabbage Patch
5122 > 5178 > 5195,Toys & models > Dolls > Disney character dolls
5122 > 5178 > 5201,Toys & models > Dolls > Living Dead & Bleeding Edge
5122 > 5178 > 5202,Toys & models > Dolls > Monster High
5122 > 5178 > 5207,Toys & models > Dolls > Polly Pocket
5122 > 5178 > 5214,Toys & models > Dolls > Prams & strollers
5122 > 5178 > 5220,Toys & models > Dolls > Soft dolls
5122 > 5178 > 5221,Toys & models > Dolls > Other
5122 > 5222 > 5223,Toys & models > Educational toys > Alphabet
5122 > 5222 > 5224,Toys & models > Educational toys > Animals
5122 > 5222 > 5225,Toys & models > Educational toys > Kids' computers & games
5122 > 5222 > 5226,Toys & models > Educational toys > Maths & numbers
5122 > 5222 > 5227,Toys & models > Educational toys > Music
5122 > 5222 > 5228,Toys & models > Educational toys > Reading & writing
5122 > 5222 > 5229,Toys & models > Educational toys > Science
5122 > 5222 > 5230,Toys & models > Educational toys > Shapes & colours
5122 > 5222 > 5231,Toys & models > Educational toys > Other
5122 > 5233 > 5257,Toys & models > Figurines & miniatures > Funko Pop
5122 > 5233 > 5272,Toys & models > Figurines & miniatures > Other
5122 > 5273 > 5299,"Toys & models > Games, puzzles & tricks > Magic tricks & sets"
5122 > 5273 > 5300,"Toys & models > Games, puzzles & tricks > Marbles & marble structures"
5122 > 5273 > 5305,"Toys & models > Games, puzzles & tricks > Other"
5122 > 5306 > 5307,Toys & models > Kids' arts & crafts > Easels & boards
5122 > 5306 > 5322,Toys & models > Kids' arts & crafts > Pencil cases & tins
5122 > 5306 > 5333,Toys & models > Kids' arts & crafts > Stickers & glitter
5122 > 5306 > 5334,Toys & models > Kids' arts & crafts > Other
5122 > 5335 > 5336,Toys & models > Kids' furniture > Armchairs & couches
5122 > 5335 > 5337,Toys & models > Kids' furniture > Tables & chairs
5122 > 5335 > 5338,Toys & models > Kids' furniture > Other
5122 > 5339 > 5340,Toys & models > Lego & building toys > Duplo
5122 > 5339 > 5341,Toys & models > Lego & building toys > Knex
5122 > 5339 > 5360,Toys & models > Lego & building toys > Magnetic sets
5122 > 5339 > 5361,Toys & models > Lego & building toys > Meccano
5122 > 5339 > 5362,Toys & models > Lego & building toys > Mega Bloks
5122 > 5339 > 5363,Toys & models > Lego & building toys > Mixed lots
5122 > 5339 > 5364,Toys & models > Lego & building toys > Playmobil
5122 > 5339 > 5365,Toys & models > Lego & building toys > Wooden blocks
5122 > 5339 > 5366,Toys & models > Lego & building toys > Other
5122 > 5367 > 5394,Toys & models > Models > Ships & boats
5122 > 5367 > 5395,Toys & models > Models > Tools & supplies
5122 > 5367 > 5396,Toys & models > Models > Other
5122 > 5397 > 5398,Toys & models > Outdoor toys & trampolines > Bouncy castles & inflatables
5122 > 5397 > 5399,Toys & models > Outdoor toys & trampolines > Climbing frames
5122 > 5397 > 5400,Toys & models > Outdoor toys & trampolines > Paddling pools & sand pits
5122 > 5397 > 5401,Toys & models > Outdoor toys & trampolines > Playhouses
5122 > 5397 > 5402,Toys & models > Outdoor toys & trampolines > Sand & water toys
5122 > 5397 > 5403,Toys & models > Outdoor toys & trampolines > Swings and slides
5122 > 5397 > 5404,Toys & models > Outdoor toys & trampolines > Tents & tunnels
5122 > 5397 > 5409,Toys & models > Outdoor toys & trampolines > Other
5122 > 5411 > 5417,Toys & models > Pretend playing > Kitchen & housework
5122 > 5411 > 5418,Toys & models > Pretend playing > Tools & building
5122 > 5411 > 5419,Toys & models > Pretend playing > Other
5122 > 5420 > 5421,Toys & models > Radio control & robots > Boats
5122 > 5420 > 5446,Toys & models > Radio control & robots > Planes
5122 > 5420 > 5447,Toys & models > Radio control & robots > Robots
5122 > 5420 > 5448,Toys & models > Radio control & robots > Trucks & tanks
5122 > 5420 > 5449,Toys & models > Radio control & robots > Other
5122 > 5450 > 5451,Toys & models > Ride-on toys > Battery powered
5122 > 5450 > 5456,Toys & models > Ride-on toys > Cars
5122 > 5450 > 5457,Toys & models > Ride-on toys > Carts & trolleys
5122 > 5450 > 5458,Toys & models > Ride-on toys > Moonhoppers
5122 > 5450 > 5459,Toys & models > Ride-on toys > Rocking horses
5122 > 5450 > 5460,Toys & models > Ride-on toys > Scooters
5122 > 5450 > 5461,Toys & models > Ride-on toys > Other
5122 > 5462 > 5463,Toys & models > Slot cars & tracks > Cars
5122 > 5462 > 5464,Toys & models > Slot cars & tracks > Sets
5122 > 5462 > 5465,Toys & models > Slot cars & tracks > Tracks
5122 > 5462 > 5466,Toys & models > Slot cars & tracks > Other
5122 > 5467 > 5497,Toys & models > Soft toys & bears > Other
5122 > 5498 > 5499,Toys & models > Vehicle toys > Aircraft
5122 > 5498 > 5500,Toys & models > Vehicle toys > Boats
5122 > 5498 > 5501,Toys & models > Vehicle toys > Cars
5122 > 5498 > 5502,Toys & models > Vehicle toys > Construction & farm vehicles
5122 > 5498 > 5503,Toys & models > Vehicle toys > Emergency service vehicles
5122 > 5498 > 5504,Toys & models > Vehicle toys > Motorcycles
5122 > 5498 > 5505,Toys & models > Vehicle toys > Trains
5122 > 5498 > 5506,Toys & models > Vehicle toys > Trucks & buses
5122 > 5498 > 5507,Toys & models > Vehicle toys > Other
5122 > 5509 > 5510,Toys & models > Wooden > Animals
5122 > 5509 > 5511,Toys & models > Wooden > Blocks
5122 > 5509 > 5512,Toys & models > Wooden > Buildings & structures
5122 > 5509 > 5513,Toys & models > Wooden > Cars & trucks
5122 > 5509 > 5514,Toys & models > Wooden > Pull & push along
5122 > 5509 > 5515,Toys & models > Wooden > Trains & tracks
5122 > 5509 > 5516,Toys & models > Wooden > Other
5518 > 5519 > 5520,Travel-events-activities > Accommodation > International
5518 > 5546 > 5547,Travel-events-activities > Event tickets > Concerts
5518 > 5546 > 5548,Travel-events-activities > Event tickets > Sports
5518 > 5546 > 5549,Travel-events-activities > Event tickets > Other
5518 > 5550 > 5551,Travel-events-activities > Flights > Domestic
5518 > 5550 > 5552,Travel-events-activities > Flights > International
5518 > 5553 > 5555,Travel-events-activities > Holiday packages > Saudia Arab
1 > 19 > 24 > 25,Antiques & collectables > Art deco & retro > Home dÃ©cor > Baskets & boxes
1 > 19 > 24 > 26,Antiques & collectables > Art deco & retro > Home dÃ©cor > Lamps & lightshades
1 > 19 > 24 > 27,Antiques & collectables > Art deco & retro > Home dÃ©cor > Mirrors
1 > 19 > 24 > 28,Antiques & collectables > Art deco & retro > Home dÃ©cor > Pictures & frames
1 > 19 > 24 > 29,"Antiques & collectables > Art deco & retro > Home dÃ©cor > Plates, bowls & dishes"
1 > 19 > 24 > 30,Antiques & collectables > Art deco & retro > Home dÃ©cor > Vases & jugs
1 > 19 > 24 > 31,Antiques & collectables > Art deco & retro > Home dÃ©cor > Other
1 > 43 > 48 > 49,Antiques & collectables > Banknotes > Saudia Arab > Decimal
1 > 43 > 48 > 50,Antiques & collectables > Banknotes > Saudia Arab > Pre-decimal
1 > 56 > 63 > 64,Antiques & collectables > Coins > Saudia Arab (Decimal) > Bronze & copper
1 > 56 > 63 > 65,Antiques & collectables > Coins > Saudia Arab (Decimal) > Silver
1 > 56 > 63 > 66,Antiques & collectables > Coins > Saudia Arab (Decimal) > Gold
1 > 56 > 63 > 67,Antiques & collectables > Coins > Saudia Arab (Decimal) > Collections
1 > 56 > 63 > 68,Antiques & collectables > Coins > Saudia Arab (Decimal) > Commemorative
1 > 56 > 63 > 69,Antiques & collectables > Coins > Saudia Arab (Decimal) > Proof sets
1 > 56 > 63 > 70,Antiques & collectables > Coins > Saudia Arab (Decimal) > Other
1 > 56 > 71 > 72,Antiques & collectables > Coins > Saudia Arab (Pre-decimal) > Halfpennies
1 > 56 > 71 > 73,Antiques & collectables > Coins > Saudia Arab (Pre-decimal) > Pennies
1 > 56 > 71 > 74,Antiques & collectables > Coins > Saudia Arab (Pre-decimal) > Threepences
1 > 56 > 71 > 75,Antiques & collectables > Coins > Saudia Arab (Pre-decimal) > Sixpence
1 > 56 > 71 > 76,Antiques & collectables > Coins > Saudia Arab (Pre-decimal) > Shillings
1 > 56 > 71 > 77,Antiques & collectables > Coins > Saudia Arab (Pre-decimal) > Florins
1 > 56 > 71 > 78,Antiques & collectables > Coins > Saudia Arab (Pre-decimal) > Collections
1 > 56 > 71 > 79,Antiques & collectables > Coins > Saudia Arab (Pre-decimal) > Half crowns
1 > 56 > 71 > 80,Antiques & collectables > Coins > Saudia Arab (Pre-decimal) > Crowns
1 > 56 > 71 > 81,Antiques & collectables > Coins > Saudia Arab (Pre-decimal) > Other
1 > 97 > 98 > 99,Antiques & collectables > Furniture & woodenware > Furniture > Pre 1900
1 > 97 > 98 > 100,Antiques & collectables > Furniture & woodenware > Furniture > 1900-1949
1 > 97 > 98 > 101,Antiques & collectables > Furniture & woodenware > Furniture > 1950-today
1 > 97 > 102 > 103,Antiques & collectables > Furniture & woodenware > Woodenware > 1900-1949
1 > 97 > 102 > 104,Antiques & collectables > Furniture & woodenware > Woodenware > 1950-today
1 > 97 > 102 > 105,Antiques & collectables > Furniture & woodenware > Woodenware > Pre 1900
1 > 152 > 153 > 154,"Antiques & collectables > Pins, badges & patches > Patches > Girl Guides"
1 > 152 > 153 > 155,"Antiques & collectables > Pins, badges & patches > Patches > Scouts"
1 > 152 > 153 > 156,"Antiques & collectables > Pins, badges & patches > Patches > Other"
1 > 158 > 162 > 163,Antiques & collectables > Postcards & writing > Saudia Arab cities > North Island
1 > 158 > 162 > 164,Antiques & collectables > Postcards & writing > Saudia Arab cities > South Island
1 > 170 > 172 > 173,"Antiques & collectables > Silver, metalware & tins > Silver > Silver plate"
1 > 170 > 172 > 174,"Antiques & collectables > Silver, metalware & tins > Silver > Sterling"
1 > 177 > 183 > 184,Antiques & collectables > Stamps > Saudia Arab > Booklets
1 > 177 > 183 > 185,Antiques & collectables > Stamps > Saudia Arab > Sheets
1 > 177 > 183 > 186,Antiques & collectables > Stamps > Saudia Arab > Collections
1 > 177 > 183 > 187,Antiques & collectables > Stamps > Saudia Arab > First day covers (Pre-decimal)
1 > 177 > 183 > 188,Antiques & collectables > Stamps > Saudia Arab > First day covers (Decimal)
1 > 177 > 183 > 189,Antiques & collectables > Stamps > Saudia Arab > Mint (Pre-decimal)
1 > 177 > 183 > 190,Antiques & collectables > Stamps > Saudia Arab > Mint (Decimal)
1 > 177 > 183 > 191,Antiques & collectables > Stamps > Saudia Arab > Used (Pre-decimal)
1 > 177 > 183 > 192,Antiques & collectables > Stamps > Saudia Arab > Used (Decimal)
1 > 177 > 183 > 193,Antiques & collectables > Stamps > Saudia Arab > Other
1 > 177 > 196 > 197,Antiques & collectables > Stamps > Other > First day covers
1 > 177 > 196 > 198,Antiques & collectables > Stamps > Other > Mint
1 > 177 > 196 > 199,Antiques & collectables > Stamps > Other > Used
209 > 210 > 213 > 214,Art > Art supplies & equipment > Paints & varnishes > Acrylic-based
209 > 210 > 213 > 215,Art > Art supplies & equipment > Paints & varnishes > Oil-based
209 > 210 > 213 > 216,Art > Art supplies & equipment > Paints & varnishes > Water-based
209 > 210 > 213 > 217,Art > Art supplies & equipment > Paints & varnishes > Other
209 > 230 > 231 > 232,Art > Paintings > Abstract > Acrylic
209 > 230 > 231 > 233,Art > Paintings > Abstract > Mixed media
209 > 230 > 231 > 234,Art > Paintings > Abstract > Oil
209 > 230 > 231 > 235,Art > Paintings > Abstract > Watercolour
209 > 230 > 231 > 236,Art > Paintings > Abstract > Other
209 > 230 > 237 > 238,Art > Paintings > Flora & fauna > Acrylic
209 > 230 > 237 > 239,Art > Paintings > Flora & fauna > Mixed media
209 > 230 > 237 > 240,Art > Paintings > Flora & fauna > Oil
209 > 230 > 237 > 241,Art > Paintings > Flora & fauna > Watercolour
209 > 230 > 237 > 242,Art > Paintings > Flora & fauna > Other
209 > 230 > 243 > 244,Art > Paintings > Landscape > Acrylic
209 > 230 > 243 > 245,Art > Paintings > Landscape > Mixed media
209 > 230 > 243 > 246,Art > Paintings > Landscape > Oil
209 > 230 > 243 > 247,Art > Paintings > Landscape > Watercolour
209 > 230 > 243 > 248,Art > Paintings > Landscape > Other
209 > 230 > 255 > 256,Art > Paintings > Portrait > Acrylic
209 > 230 > 255 > 257,Art > Paintings > Portrait > Mixed media
209 > 230 > 255 > 258,Art > Paintings > Portrait > Oil
209 > 230 > 255 > 259,Art > Paintings > Portrait > Watercolour
209 > 230 > 255 > 260,Art > Paintings > Portrait > Other
209 > 230 > 261 > 262,Art > Paintings > Still life > Acrylic
209 > 230 > 261 > 263,Art > Paintings > Still life > Mixed media
209 > 230 > 261 > 264,Art > Paintings > Still life > Oil
209 > 230 > 261 > 265,Art > Paintings > Still life > Watercolour
209 > 230 > 261 > 266,Art > Paintings > Still life > Other
209 > 230 > 267 > 268,Art > Paintings > Other > Acrylic
209 > 230 > 267 > 269,Art > Paintings > Other > Mixed media
209 > 230 > 267 > 270,Art > Paintings > Other > Oil
209 > 230 > 267 > 271,Art > Paintings > Other > Watercolour
209 > 230 > 267 > 272,Art > Paintings > Other > Other
292 > 293 > 295 > 296,Baby-gear > Baby carriers > Frontpacks > Bye Bye
292 > 293 > 295 > 297,Baby-gear > Baby carriers > Frontpacks > Elite
292 > 293 > 295 > 298,Baby-gear > Baby carriers > Frontpacks > Kapoochi
292 > 293 > 295 > 299,Baby-gear > Baby carriers > Frontpacks > Snugli
292 > 293 > 295 > 300,Baby-gear > Baby carriers > Frontpacks > Tomy
292 > 293 > 295 > 301,Baby-gear > Baby carriers > Frontpacks > Other
292 > 305 > 311 > 312,Baby-gear > Baby room & furniture > Wall hangings & paintings > Animals
292 > 305 > 311 > 313,Baby-gear > Baby room & furniture > Wall hangings & paintings > Fairy tales
292 > 305 > 311 > 314,Baby-gear > Baby room & furniture > Wall hangings & paintings > Names & letters
292 > 305 > 311 > 315,Baby-gear > Baby room & furniture > Wall hangings & paintings > Other
292 > 324 > 325 > 326,Baby-gear > Blankets & covers > Baby sleeping bags > Cotton
292 > 324 > 325 > 327,Baby-gear > Blankets & covers > Baby sleeping bags > Fleece
292 > 324 > 325 > 328,Baby-gear > Blankets & covers > Baby sleeping bags > Merino
292 > 324 > 325 > 329,Baby-gear > Blankets & covers > Baby sleeping bags > Other
292 > 324 > 331 > 332,Baby-gear > Blankets & covers > Cot blankets > Cotton
292 > 324 > 331 > 333,Baby-gear > Blankets & covers > Cot blankets > Wool blankets
292 > 324 > 331 > 334,Baby-gear > Blankets & covers > Cot blankets > Other
292 > 324 > 337 > 338,Baby-gear > Blankets & covers > Sheets > Bassinet sheets
292 > 324 > 337 > 339,Baby-gear > Blankets & covers > Sheets > Cot sheets
292 > 324 > 337 > 340,Baby-gear > Blankets & covers > Sheets > Other
292 > 353 > 354 > 355,Baby-gear > Clothing > All in ones > Newborn
292 > 353 > 354 > 356,Baby-gear > Clothing > All in ones > 3-6 months
292 > 353 > 354 > 357,Baby-gear > Clothing > All in ones > 6-9 months
292 > 353 > 354 > 358,Baby-gear > Clothing > All in ones > 9-12 months
292 > 353 > 354 > 359,Baby-gear > Clothing > All in ones > 12-18 months
292 > 353 > 354 > 360,Baby-gear > Clothing > All in ones > 18-24 months
292 > 353 > 361 > 362,Baby-gear > Clothing > Bulk lots > Newborn
292 > 353 > 361 > 363,Baby-gear > Clothing > Bulk lots > 3-6 months
292 > 353 > 361 > 364,Baby-gear > Clothing > Bulk lots > 6-9 months
292 > 353 > 361 > 365,Baby-gear > Clothing > Bulk lots > 9-12 months
292 > 353 > 361 > 366,Baby-gear > Clothing > Bulk lots > 12-18 months
292 > 353 > 361 > 367,Baby-gear > Clothing > Bulk lots > 18-24 months
292 > 353 > 368 > 369,Baby-gear > Clothing > Dresses & skirts > Newborn
292 > 353 > 368 > 370,Baby-gear > Clothing > Dresses & skirts > 3-6 months
292 > 353 > 368 > 371,Baby-gear > Clothing > Dresses & skirts > 6-9 months
292 > 353 > 368 > 372,Baby-gear > Clothing > Dresses & skirts > 9-12 months
292 > 353 > 368 > 373,Baby-gear > Clothing > Dresses & skirts > 12-18 months
292 > 353 > 368 > 374,Baby-gear > Clothing > Dresses & skirts > 18-24 months
292 > 353 > 375 > 376,Baby-gear > Clothing > Footwear & accessories > Newborn
292 > 353 > 375 > 377,Baby-gear > Clothing > Footwear & accessories > 3-6 months
292 > 353 > 375 > 378,Baby-gear > Clothing > Footwear & accessories > 6-9 months
292 > 353 > 375 > 379,Baby-gear > Clothing > Footwear & accessories > 9-12 months
292 > 353 > 375 > 380,Baby-gear > Clothing > Footwear & accessories > 12-18 months
292 > 353 > 375 > 381,Baby-gear > Clothing > Footwear & accessories > 18-24 months
292 > 353 > 382 > 383,Baby-gear > Clothing > Hats > Newborn
292 > 353 > 382 > 384,Baby-gear > Clothing > Hats > 3-6 months
292 > 353 > 382 > 385,Baby-gear > Clothing > Hats > 6-9 months
292 > 353 > 382 > 386,Baby-gear > Clothing > Hats > 9-12 months
292 > 353 > 382 > 387,Baby-gear > Clothing > Hats > 12-18 months
292 > 353 > 382 > 388,Baby-gear > Clothing > Hats > 18-24 months
292 > 353 > 389 > 390,Baby-gear > Clothing > Jackets > Newborn
292 > 353 > 389 > 391,Baby-gear > Clothing > Jackets > 3-6 months
292 > 353 > 389 > 392,Baby-gear > Clothing > Jackets > 6-9 months
292 > 353 > 389 > 393,Baby-gear > Clothing > Jackets > 9-12 months
292 > 353 > 389 > 394,Baby-gear > Clothing > Jackets > 12-18 months
292 > 353 > 389 > 395,Baby-gear > Clothing > Jackets > 18-24 months
292 > 353 > 396 > 397,Baby-gear > Clothing > Matching sets > Newborn
292 > 353 > 396 > 398,Baby-gear > Clothing > Matching sets > 3-6 months
292 > 353 > 396 > 399,Baby-gear > Clothing > Matching sets > 6-9 months
292 > 353 > 396 > 400,Baby-gear > Clothing > Matching sets > 9-12 months
292 > 353 > 396 > 401,Baby-gear > Clothing > Matching sets > 12-18 months
292 > 353 > 396 > 402,Baby-gear > Clothing > Matching sets > 18-24 months
292 > 353 > 403 > 404,Baby-gear > Clothing > Pants & overalls > Newborn
292 > 353 > 403 > 405,Baby-gear > Clothing > Pants & overalls > 3-6 months
292 > 353 > 403 > 406,Baby-gear > Clothing > Pants & overalls > 6-9 months
292 > 353 > 403 > 407,Baby-gear > Clothing > Pants & overalls > 9-12 months
292 > 353 > 403 > 408,Baby-gear > Clothing > Pants & overalls > 12-18 months
292 > 353 > 403 > 409,Baby-gear > Clothing > Pants & overalls > 18-24 months
292 > 353 > 410 > 411,Baby-gear > Clothing > Pyjamas > Newborn
292 > 353 > 410 > 412,Baby-gear > Clothing > Pyjamas > 3-6 months
292 > 353 > 410 > 413,Baby-gear > Clothing > Pyjamas > 6-9 months
292 > 353 > 410 > 414,Baby-gear > Clothing > Pyjamas > 9-12 months
292 > 353 > 410 > 415,Baby-gear > Clothing > Pyjamas > 12-18 months
292 > 353 > 410 > 416,Baby-gear > Clothing > Pyjamas > 18-24 months
292 > 353 > 417 > 418,Baby-gear > Clothing > Swimwear > Newborn
292 > 353 > 417 > 419,Baby-gear > Clothing > Swimwear > 3-6 months
292 > 353 > 417 > 420,Baby-gear > Clothing > Swimwear > 6-9 months
292 > 353 > 417 > 421,Baby-gear > Clothing > Swimwear > 9-12 months
292 > 353 > 417 > 422,Baby-gear > Clothing > Swimwear > 12-18 months
292 > 353 > 417 > 423,Baby-gear > Clothing > Swimwear > 18-24 months
292 > 353 > 424 > 425,Baby-gear > Clothing > Tops > Newborn
292 > 353 > 424 > 426,Baby-gear > Clothing > Tops > 3-6 months
292 > 353 > 424 > 427,Baby-gear > Clothing > Tops > 6-9 months
292 > 353 > 424 > 428,Baby-gear > Clothing > Tops > 9-12 months
292 > 353 > 424 > 429,Baby-gear > Clothing > Tops > 12-18 months
292 > 353 > 424 > 430,Baby-gear > Clothing > Tops > 18-24 months
292 > 353 > 431 > 432,Baby-gear > Clothing > Other > Newborn
292 > 353 > 431 > 433,Baby-gear > Clothing > Other > 3-6 months
292 > 353 > 431 > 434,Baby-gear > Clothing > Other > 6-9 months
292 > 353 > 431 > 435,Baby-gear > Clothing > Other > 9-12 months
292 > 353 > 431 > 436,Baby-gear > Clothing > Other > 12-18 months
292 > 353 > 431 > 437,Baby-gear > Clothing > Other > 18-24 months
292 > 438 > 439 > 440,Baby-gear > Cots & bassinets > Bassinets > Baskets
292 > 438 > 439 > 441,Baby-gear > Cots & bassinets > Bassinets > Hanging
292 > 438 > 439 > 442,Baby-gear > Cots & bassinets > Bassinets > Standing
292 > 438 > 439 > 443,Baby-gear > Cots & bassinets > Bassinets > Other
292 > 448 > 449 > 450,Baby-gear > Feeding > Bibs > Bulk lots
292 > 448 > 449 > 451,Baby-gear > Feeding > Bibs > Single bibs
292 > 448 > 453 > 454,Baby-gear > Feeding > Breast pumps > Electronic
292 > 448 > 453 > 455,Baby-gear > Feeding > Breast pumps > Manual
292 > 448 > 453 > 456,Baby-gear > Feeding > Breast pumps > Other
292 > 448 > 457 > 458,Baby-gear > Feeding > Cups & bottles > Bottles
292 > 448 > 457 > 459,Baby-gear > Feeding > Cups & bottles > Cups
292 > 448 > 457 > 460,Baby-gear > Feeding > Cups & bottles > Other
292 > 466 > 467 > 468,Baby-gear > Nappies & changing > Change tables & mats > Change mats
292 > 466 > 467 > 469,Baby-gear > Nappies & changing > Change tables & mats > Change tables
292 > 466 > 467 > 470,Baby-gear > Nappies & changing > Change tables & mats > Other
292 > 466 > 471 > 472,Baby-gear > Nappies & changing > Cloth nappies > Fitted nappies
292 > 466 > 471 > 473,Baby-gear > Nappies & changing > Cloth nappies > Flat nappies
292 > 466 > 471 > 474,Baby-gear > Nappies & changing > Cloth nappies > Overnaps
292 > 466 > 471 > 475,Baby-gear > Nappies & changing > Cloth nappies > Other
292 > 482 > 483 > 484,Baby-gear > Prams & strollers > Accessories > Covers
292 > 482 > 483 > 485,Baby-gear > Prams & strollers > Accessories > Liners & sleeping bags
292 > 482 > 483 > 486,Baby-gear > Prams & strollers > Accessories > Other
292 > 501 > 502 > 503,"Baby-gear > Toys > Activity gyms, mats & tables > Activity gyms & mats"
292 > 501 > 502 > 504,"Baby-gear > Toys > Activity gyms, mats & tables > Exersaucers"
292 > 501 > 502 > 505,"Baby-gear > Toys > Activity gyms, mats & tables > Tables"
292 > 501 > 502 > 506,"Baby-gear > Toys > Activity gyms, mats & tables > Other"
292 > 501 > 510 > 511,Baby-gear > Toys > Musical > Instruments
292 > 501 > 510 > 512,Baby-gear > Toys > Musical > Music boxes
292 > 501 > 510 > 513,Baby-gear > Toys > Musical > Other
292 > 501 > 515 > 516,Baby-gear > Toys > Rattles & teethers > Rattles
292 > 501 > 515 > 517,Baby-gear > Toys > Rattles & teethers > Teethers
292 > 501 > 515 > 518,Baby-gear > Toys > Rattles & teethers > Other
292 > 501 > 521 > 522,Baby-gear > Toys > Soft toys > Bears
292 > 501 > 521 > 523,Baby-gear > Toys > Soft toys > Dogs
292 > 501 > 521 > 524,Baby-gear > Toys > Soft toys > Rabbits
292 > 501 > 521 > 525,Baby-gear > Toys > Soft toys > Other
528 > 529 > 530 > 531,Books > Audio books > CD > Children's
528 > 529 > 530 > 532,Books > Audio books > CD > Fiction
528 > 529 > 530 > 533,Books > Audio books > CD > Non-fiction
528 > 529 > 530 > 534,Books > Audio books > CD > Other
528 > 537 > 538 > 539,Books > Children & babies > Activity & colouring > Colouring
528 > 537 > 538 > 540,Books > Children & babies > Activity & colouring > Puzzles & games
528 > 537 > 538 > 541,Books > Children & babies > Activity & colouring > Sticker
528 > 537 > 538 > 542,Books > Children & babies > Activity & colouring > Other
528 > 537 > 543 > 544,Books > Children & babies > Educational > Dictionaries & encyclopaedia
528 > 537 > 543 > 545,Books > Children & babies > Educational > Foreign languages
528 > 537 > 543 > 546,Books > Children & babies > Educational > Geography
528 > 537 > 543 > 547,Books > Children & babies > Educational > Government & politics
528 > 537 > 543 > 548,Books > Children & babies > Educational > History
528 > 537 > 543 > 549,Books > Children & babies > Educational > Maths & numbers
528 > 537 > 543 > 550,Books > Children & babies > Educational > Reading & writing
528 > 537 > 543 > 551,Books > Children & babies > Educational > Science & nature
528 > 537 > 543 > 552,Books > Children & babies > Educational > Shapes & colours
528 > 537 > 543 > 553,Books > Children & babies > Educational > Other
528 > 537 > 557 > 558,Books > Children & babies > Picture books > Beatrix Potter
528 > 537 > 557 > 559,Books > Children & babies > Picture books > Disney
528 > 537 > 557 > 560,Books > Children & babies > Picture books > Dr. Seuss
528 > 537 > 557 > 561,Books > Children & babies > Picture books > Golden books
528 > 537 > 557 > 562,Books > Children & babies > Picture books > Lynley Dodd
528 > 537 > 557 > 563,Books > Children & babies > Picture books > Thomas the Tank Engine
528 > 537 > 557 > 564,Books > Children & babies > Picture books > Winnie the Pooh
528 > 537 > 557 > 565,Books > Children & babies > Picture books > Other
528 > 567 > 572 > 573,Books > Comics & graphic novels > Marvel > Spider-Man
528 > 567 > 572 > 574,Books > Comics & graphic novels > Marvel > The Hulk
528 > 567 > 572 > 575,Books > Comics & graphic novels > Marvel > X-Men
528 > 567 > 572 > 576,Books > Comics & graphic novels > Marvel > Other
528 > 581 > 582 > 585,Books > Fiction & literature > Adventure > Author G-I
528 > 581 > 582 > 586,Books > Fiction & literature > Adventure > Author J-L
528 > 581 > 582 > 587,Books > Fiction & literature > Adventure > Author M-O
528 > 581 > 582 > 588,Books > Fiction & literature > Adventure > Author P-R
528 > 581 > 582 > 589,Books > Fiction & literature > Adventure > Author S-U
528 > 581 > 582 > 590,Books > Fiction & literature > Adventure > Author V-Z
528 > 581 > 582 > 591,Books > Fiction & literature > Adventure > Other
528 > 581 > 592 > 593,Books > Fiction & literature > Classics > Author A-C
528 > 581 > 592 > 594,Books > Fiction & literature > Classics > Author D-F
528 > 581 > 592 > 595,Books > Fiction & literature > Classics > Author G-I
528 > 581 > 592 > 596,Books > Fiction & literature > Classics > Author J-L
528 > 581 > 592 > 597,Books > Fiction & literature > Classics > Author M-O
528 > 581 > 592 > 598,Books > Fiction & literature > Classics > Author P-R
528 > 581 > 592 > 599,Books > Fiction & literature > Classics > Author S-U
528 > 581 > 592 > 600,Books > Fiction & literature > Classics > Author V-Z
528 > 581 > 592 > 601,Books > Fiction & literature > Classics > Other
528 > 581 > 602 > 603,Books > Fiction & literature > Historical fiction > Author A-C
528 > 581 > 602 > 604,Books > Fiction & literature > Historical fiction > Author D-F
528 > 581 > 602 > 605,Books > Fiction & literature > Historical fiction > Author G-I
528 > 581 > 602 > 606,Books > Fiction & literature > Historical fiction > Author J-L
528 > 581 > 602 > 607,Books > Fiction & literature > Historical fiction > Author M-O
528 > 581 > 602 > 608,Books > Fiction & literature > Historical fiction > Author P-R
528 > 581 > 602 > 609,Books > Fiction & literature > Historical fiction > Author S-U
528 > 581 > 602 > 610,Books > Fiction & literature > Historical fiction > Author V-Z
528 > 581 > 602 > 611,Books > Fiction & literature > Historical fiction > Other
528 > 581 > 612 > 613,Books > Fiction & literature > Horror > Author A-C
528 > 581 > 612 > 614,Books > Fiction & literature > Horror > Author D-F
528 > 581 > 612 > 615,Books > Fiction & literature > Horror > Author G-I
528 > 581 > 612 > 616,Books > Fiction & literature > Horror > Author J-L
528 > 581 > 612 > 617,Books > Fiction & literature > Horror > Author M-O
528 > 581 > 612 > 618,Books > Fiction & literature > Horror > Author P-R
528 > 581 > 612 > 619,Books > Fiction & literature > Horror > Author S-U
528 > 581 > 612 > 620,Books > Fiction & literature > Horror > Author V-Z
528 > 581 > 612 > 621,Books > Fiction & literature > Horror > Other
528 > 581 > 622 > 623,Books > Fiction & literature > Humour > Author A-C
528 > 581 > 622 > 624,Books > Fiction & literature > Humour > Author D-F
528 > 581 > 622 > 625,Books > Fiction & literature > Humour > Author G-I
528 > 581 > 622 > 626,Books > Fiction & literature > Humour > Author J-L
528 > 581 > 622 > 627,Books > Fiction & literature > Humour > Author M-O
528 > 581 > 622 > 628,Books > Fiction & literature > Humour > Author P-R
528 > 581 > 622 > 629,Books > Fiction & literature > Humour > Author S-U
528 > 581 > 622 > 630,Books > Fiction & literature > Humour > Author V-Z
528 > 581 > 622 > 631,Books > Fiction & literature > Humour > Other
528 > 581 > 632 > 633,Books > Fiction & literature > Mystery & thriller > Author A-C
528 > 581 > 632 > 634,Books > Fiction & literature > Mystery & thriller > Author D-F
528 > 581 > 632 > 635,Books > Fiction & literature > Mystery & thriller > Author G-I
528 > 581 > 632 > 636,Books > Fiction & literature > Mystery & thriller > Author J-L
528 > 581 > 632 > 637,Books > Fiction & literature > Mystery & thriller > Author M-O
528 > 581 > 632 > 638,Books > Fiction & literature > Mystery & thriller > Author P-R
528 > 581 > 632 > 639,Books > Fiction & literature > Mystery & thriller > Author S-U
528 > 581 > 632 > 640,Books > Fiction & literature > Mystery & thriller > Author V-Z
528 > 581 > 632 > 641,Books > Fiction & literature > Mystery & thriller > Other
528 > 581 > 642 > 643,Books > Fiction & literature > Saudia Arab > Author A-C
528 > 581 > 642 > 644,Books > Fiction & literature > Saudia Arab > Author D-F
528 > 581 > 642 > 645,Books > Fiction & literature > Saudia Arab > Author G-I
528 > 581 > 642 > 646,Books > Fiction & literature > Saudia Arab > Author J-L
528 > 581 > 642 > 647,Books > Fiction & literature > Saudia Arab > Author M-O
528 > 581 > 642 > 648,Books > Fiction & literature > Saudia Arab > Author P-R
528 > 581 > 642 > 649,Books > Fiction & literature > Saudia Arab > Author S-U
528 > 581 > 642 > 650,Books > Fiction & literature > Saudia Arab > Author V-Z
528 > 581 > 642 > 651,Books > Fiction & literature > Saudia Arab > Other
528 > 581 > 663 > 664,Books > Fiction & literature > Science fiction & fantasy > Author A-C
528 > 581 > 663 > 665,Books > Fiction & literature > Science fiction & fantasy > Author D-F
528 > 581 > 663 > 666,Books > Fiction & literature > Science fiction & fantasy > Author G-I
528 > 581 > 663 > 667,Books > Fiction & literature > Science fiction & fantasy > Author J-L
528 > 581 > 663 > 668,Books > Fiction & literature > Science fiction & fantasy > Author M-O
528 > 581 > 663 > 669,Books > Fiction & literature > Science fiction & fantasy > Author P-R
528 > 581 > 663 > 670,Books > Fiction & literature > Science fiction & fantasy > Author S-U
528 > 581 > 663 > 671,Books > Fiction & literature > Science fiction & fantasy > Author V-Z
528 > 581 > 663 > 672,Books > Fiction & literature > Science fiction & fantasy > Other
528 > 581 > 673 > 674,Books > Fiction & literature > War > Author A-C
528 > 581 > 673 > 675,Books > Fiction & literature > War > Author D-F
528 > 581 > 673 > 676,Books > Fiction & literature > War > Author G-I
528 > 581 > 673 > 677,Books > Fiction & literature > War > Author J-L
528 > 581 > 673 > 678,Books > Fiction & literature > War > Author M-O
528 > 581 > 673 > 679,Books > Fiction & literature > War > Author P-R
528 > 581 > 673 > 680,Books > Fiction & literature > War > Author S-U
528 > 581 > 673 > 681,Books > Fiction & literature > War > Author V-Z
528 > 581 > 673 > 682,Books > Fiction & literature > War > Other
528 > 581 > 684 > 685,Books > Fiction & literature > General fiction > Author A-C
528 > 581 > 684 > 686,Books > Fiction & literature > General fiction > Author D-F
528 > 581 > 684 > 687,Books > Fiction & literature > General fiction > Author G-I
528 > 581 > 684 > 688,Books > Fiction & literature > General fiction > Author J-L
528 > 581 > 684 > 689,Books > Fiction & literature > General fiction > Author M-O
528 > 581 > 684 > 690,Books > Fiction & literature > General fiction > Author P-R
528 > 581 > 684 > 691,Books > Fiction & literature > General fiction > Author S-U
528 > 581 > 684 > 692,Books > Fiction & literature > General fiction > Author V-Z
528 > 703 > 705 > 706,Books > Magazines > Automotive & aviation > Aviation
528 > 703 > 705 > 707,Books > Magazines > Automotive & aviation > Classic cars
528 > 703 > 705 > 708,Books > Magazines > Automotive & aviation > Motorbikes
528 > 703 > 705 > 709,Books > Magazines > Automotive & aviation > Racing & performance
528 > 703 > 705 > 710,Books > Magazines > Automotive & aviation > Trucks
528 > 703 > 705 > 711,Books > Magazines > Automotive & aviation > Other
528 > 725 > 727 > 728,"Books > Non-fiction > Art, photography & design > Architecture"
528 > 725 > 727 > 729,"Books > Non-fiction > Art, photography & design > Art history"
528 > 725 > 727 > 730,"Books > Non-fiction > Art, photography & design > Art instruction"
528 > 725 > 727 > 731,"Books > Non-fiction > Art, photography & design > Design"
528 > 725 > 727 > 732,"Books > Non-fiction > Art, photography & design > Drawing"
528 > 725 > 727 > 733,"Books > Non-fiction > Art, photography & design > Fashion"
528 > 725 > 727 > 734,"Books > Non-fiction > Art, photography & design > Painting"
528 > 725 > 727 > 735,"Books > Non-fiction > Art, photography & design > Photography"
528 > 725 > 727 > 736,"Books > Non-fiction > Art, photography & design > Sculpture"
528 > 725 > 727 > 737,"Books > Non-fiction > Art, photography & design > Other"
528 > 725 > 738 > 739,Books > Non-fiction > Biography > Business
528 > 725 > 738 > 740,Books > Non-fiction > Biography > Literary
528 > 725 > 738 > 741,Books > Non-fiction > Biography > Military
528 > 725 > 738 > 742,Books > Non-fiction > Biography > Movie & TV
528 > 725 > 738 > 743,Books > Non-fiction > Biography > Music
528 > 725 > 738 > 744,Books > Non-fiction > Biography > Politics
528 > 725 > 738 > 745,Books > Non-fiction > Biography > Religious
528 > 725 > 738 > 746,Books > Non-fiction > Biography > Royalty
528 > 725 > 738 > 747,Books > Non-fiction > Biography > Sport
528 > 725 > 738 > 748,Books > Non-fiction > Biography > Other
528 > 725 > 749 > 750,"Books > Non-fiction > Business, finance & law > Accounting"
528 > 725 > 749 > 751,"Books > Non-fiction > Business, finance & law > Business"
528 > 725 > 749 > 752,"Books > Non-fiction > Business, finance & law > Economics"
528 > 725 > 749 > 753,"Books > Non-fiction > Business, finance & law > Finance"
528 > 725 > 749 > 754,"Books > Non-fiction > Business, finance & law > Investing"
528 > 725 > 749 > 755,"Books > Non-fiction > Business, finance & law > Law"
528 > 725 > 749 > 756,"Books > Non-fiction > Business, finance & law > Management & leadership"
528 > 725 > 749 > 757,"Books > Non-fiction > Business, finance & law > Personal finance"
528 > 725 > 749 > 758,"Books > Non-fiction > Business, finance & law > Real estate"
528 > 725 > 749 > 759,"Books > Non-fiction > Business, finance & law > Sales & marketing"
528 > 725 > 749 > 760,"Books > Non-fiction > Business, finance & law > Small business & entrepreneurship"
528 > 725 > 749 > 761,"Books > Non-fiction > Business, finance & law > Other"
528 > 725 > 762 > 763,Books > Non-fiction > Computers & internet > Manuals
528 > 725 > 762 > 764,Books > Non-fiction > Computers & internet > Programming
528 > 725 > 762 > 765,Books > Non-fiction > Computers & internet > Other
528 > 725 > 766 > 767,Books > Non-fiction > Cooking > Baking & desserts
528 > 725 > 766 > 768,Books > Non-fiction > Cooking > Celebrity chefs
528 > 725 > 766 > 769,Books > Non-fiction > Cooking > Entertaining & party
528 > 725 > 766 > 770,Books > Non-fiction > Cooking > Ethnic
528 > 725 > 766 > 771,Books > Non-fiction > Cooking > Healthy eating
528 > 725 > 766 > 772,Books > Non-fiction > Cooking > Meat
528 > 725 > 766 > 773,Books > Non-fiction > Cooking > Microwave
528 > 725 > 766 > 774,Books > Non-fiction > Cooking > Pasta
528 > 725 > 766 > 775,Books > Non-fiction > Cooking > Vegan & vegetarian
528 > 725 > 766 > 776,Books > Non-fiction > Cooking > Other
528 > 725 > 777 > 778,Books > Non-fiction > Crafts > Cake design
528 > 725 > 777 > 779,Books > Non-fiction > Crafts > Flower arrangement
528 > 725 > 777 > 780,Books > Non-fiction > Crafts > Knitting & needlecraft
528 > 725 > 777 > 781,Books > Non-fiction > Crafts > Pottery & ceramics
528 > 725 > 777 > 782,Books > Non-fiction > Crafts > Sewing & textiles
528 > 725 > 777 > 783,Books > Non-fiction > Crafts > Toy making
528 > 725 > 777 > 784,Books > Non-fiction > Crafts > Other
528 > 725 > 787 > 788,Books > Non-fiction > Health & lifestyle > Beauty & fashion
528 > 725 > 787 > 789,Books > Non-fiction > Health & lifestyle > Death & grief
528 > 725 > 787 > 790,Books > Non-fiction > Health & lifestyle > Diet
528 > 725 > 787 > 791,Books > Non-fiction > Health & lifestyle > Disorders & diseases
528 > 725 > 787 > 792,Books > Non-fiction > Health & lifestyle > Fitness & exercise
528 > 725 > 787 > 793,Books > Non-fiction > Health & lifestyle > Massage & meditation
528 > 725 > 787 > 794,Books > Non-fiction > Health & lifestyle > Men's health
528 > 725 > 787 > 795,Books > Non-fiction > Health & lifestyle > Mental health
528 > 725 > 787 > 796,Books > Non-fiction > Health & lifestyle > Natural healing
528 > 725 > 787 > 797,Books > Non-fiction > Health & lifestyle > Parenting
528 > 725 > 787 > 798,Books > Non-fiction > Health & lifestyle > Pregnancy & baby
528 > 725 > 787 > 799,Books > Non-fiction > Health & lifestyle > Recovery
528 > 725 > 787 > 800,Books > Non-fiction > Health & lifestyle > Relationships
528 > 725 > 787 > 801,Books > Non-fiction > Health & lifestyle > Safety & first aid
528 > 725 > 787 > 802,Books > Non-fiction > Health & lifestyle > Sexual health & wellbeing
528 > 725 > 787 > 803,Books > Non-fiction > Health & lifestyle > Women's health
528 > 725 > 787 > 804,Books > Non-fiction > Health & lifestyle > Other
528 > 725 > 805 > 806,Books > Non-fiction > History > Ancient
528 > 725 > 805 > 807,Books > Non-fiction > History > Asia
528 > 725 > 805 > 808,Books > Non-fiction > History > Australia
528 > 725 > 805 > 809,Books > Non-fiction > History > Britain
528 > 725 > 805 > 810,Books > Non-fiction > History > Europe
528 > 725 > 805 > 811,Books > Non-fiction > History > Saudia Arab
528 > 725 > 805 > 812,Books > Non-fiction > History > The Americas
528 > 725 > 805 > 813,Books > Non-fiction > History > World
528 > 725 > 805 > 814,Books > Non-fiction > History > Other
528 > 725 > 816 > 817,Books > Non-fiction > Home & garden > Herb & vegetable gardening
528 > 725 > 816 > 818,Books > Non-fiction > Home & garden > Home decorating & interior design
528 > 725 > 816 > 819,Books > Non-fiction > Home & garden > Home improvements
528 > 725 > 816 > 820,Books > Non-fiction > Home & garden > Indoor plants
528 > 725 > 816 > 821,Books > Non-fiction > Home & garden > Other gardening
528 > 725 > 816 > 822,Books > Non-fiction > Home & garden > Roses
528 > 725 > 816 > 823,Books > Non-fiction > Home & garden > Trees & shrubs
528 > 725 > 816 > 824,Books > Non-fiction > Home & garden > Other
528 > 725 > 827 > 828,Books > Non-fiction > Music > Guides & educational
528 > 725 > 827 > 829,Books > Non-fiction > Music > Musicians & groups
528 > 725 > 827 > 830,Books > Non-fiction > Music > Other
528 > 725 > 832 > 833,Books > Non-fiction > Pets > Birds
528 > 725 > 832 > 834,Books > Non-fiction > Pets > Cats
528 > 725 > 832 > 835,Books > Non-fiction > Pets > Dogs
528 > 725 > 832 > 836,Books > Non-fiction > Pets > Fish
528 > 725 > 832 > 837,Books > Non-fiction > Pets > Horses
528 > 725 > 832 > 838,Books > Non-fiction > Pets > Other
528 > 725 > 842 > 843,Books > Non-fiction > Reference > Atlases
528 > 725 > 842 > 844,Books > Non-fiction > Reference > Dictionaries & thesauruses
528 > 725 > 842 > 845,Books > Non-fiction > Reference > Encyclopedias
528 > 725 > 842 > 846,Books > Non-fiction > Reference > World record books
528 > 725 > 842 > 847,Books > Non-fiction > Reference > Other
528 > 725 > 848 > 849,Books > Non-fiction > Religion & spirituality > Bibles
528 > 725 > 848 > 850,Books > Non-fiction > Religion & spirituality > Christianity
528 > 725 > 848 > 851,Books > Non-fiction > Religion & spirituality > Discussion & critical thinking
528 > 725 > 848 > 852,Books > Non-fiction > Religion & spirituality > Islam
528 > 725 > 848 > 853,Books > Non-fiction > Religion & spirituality > New age
528 > 725 > 848 > 854,Books > Non-fiction > Religion & spirituality > Other
528 > 725 > 855 > 856,Books > Non-fiction > Science & medical > Biology
528 > 725 > 855 > 857,Books > Non-fiction > Science & medical > Chemistry
528 > 725 > 855 > 858,Books > Non-fiction > Science & medical > Earth
528 > 725 > 855 > 859,Books > Non-fiction > Science & medical > Ecology
528 > 725 > 855 > 860,Books > Non-fiction > Science & medical > Physics
528 > 725 > 855 > 861,Books > Non-fiction > Science & medical > Space & astronomy
528 > 725 > 855 > 862,Books > Non-fiction > Science & medical > Other
528 > 725 > 863 > 864,Books > Non-fiction > Self-help > Female specific
528 > 725 > 863 > 865,Books > Non-fiction > Self-help > Life coaching
528 > 725 > 863 > 866,Books > Non-fiction > Self-help > Male specific
528 > 725 > 863 > 867,Books > Non-fiction > Self-help > Money
528 > 725 > 863 > 868,Books > Non-fiction > Self-help > Relationships
528 > 725 > 863 > 869,Books > Non-fiction > Self-help > Other
528 > 725 > 870 > 871,Books > Non-fiction > Sport > Basketball
528 > 725 > 870 > 872,"Books > Non-fiction > Sport > Climbing, hiking & tramping"
528 > 725 > 870 > 873,Books > Non-fiction > Sport > Cricket
528 > 725 > 870 > 874,Books > Non-fiction > Sport > Cycling
528 > 725 > 870 > 875,Books > Non-fiction > Sport > Diving & scuba
528 > 725 > 870 > 876,Books > Non-fiction > Sport > Equestrian
528 > 725 > 870 > 877,Books > Non-fiction > Sport > Fishing
528 > 725 > 870 > 878,Books > Non-fiction > Sport > Golf
528 > 725 > 870 > 879,Books > Non-fiction > Sport > Hunting & shooting
528 > 725 > 870 > 880,"Books > Non-fiction > Sport > Kayaking, canoeing & rowing"
528 > 725 > 870 > 881,Books > Non-fiction > Sport > Martial arts
528 > 725 > 870 > 882,Books > Non-fiction > Sport > Motorsport
528 > 725 > 870 > 883,Books > Non-fiction > Sport > Racquet sports
528 > 725 > 870 > 884,Books > Non-fiction > Sport > Rugby
528 > 725 > 870 > 885,Books > Non-fiction > Sport > Running
528 > 725 > 870 > 886,Books > Non-fiction > Sport > Sailing
528 > 725 > 870 > 887,Books > Non-fiction > Sport > Snow sports
528 > 725 > 870 > 888,Books > Non-fiction > Sport > Soccer
528 > 725 > 870 > 889,Books > Non-fiction > Sport > Surfing
528 > 725 > 870 > 890,Books > Non-fiction > Sport > Swimming
528 > 725 > 870 > 891,Books > Non-fiction > Sport > Other
528 > 725 > 893 > 894,Books > Non-fiction > Transport > Aviation
528 > 725 > 893 > 895,Books > Non-fiction > Transport > Bikes
528 > 725 > 893 > 896,Books > Non-fiction > Transport > Cars
528 > 725 > 893 > 897,Books > Non-fiction > Transport > Marine
528 > 725 > 893 > 898,Books > Non-fiction > Transport > Rail
528 > 725 > 893 > 899,Books > Non-fiction > Transport > Trucks
528 > 725 > 893 > 900,Books > Non-fiction > Transport > Other
528 > 725 > 901 > 902,Books > Non-fiction > Travel > Africa
528 > 725 > 901 > 903,Books > Non-fiction > Travel > Asia
528 > 725 > 901 > 904,Books > Non-fiction > Travel > Australia
528 > 725 > 901 > 905,Books > Non-fiction > Travel > Central & South America
528 > 725 > 901 > 906,Books > Non-fiction > Travel > Europe
528 > 725 > 901 > 907,Books > Non-fiction > Travel > Saudia Arab
528 > 725 > 901 > 908,Books > Non-fiction > Travel > North America
528 > 725 > 901 > 909,Books > Non-fiction > Travel > Pacific Islands
528 > 725 > 901 > 910,Books > Non-fiction > Travel > Other
528 > 725 > 912 > 913,Books > Non-fiction > War & military > World War I
528 > 725 > 912 > 914,Books > Non-fiction > War & military > World War II
528 > 725 > 912 > 915,Books > Non-fiction > War & military > Other
528 > 918 > 919 > 920,Books > Rare & collectable > Annuals > 1950 - today
528 > 918 > 919 > 921,Books > Rare & collectable > Annuals > Pre 1950
528 > 918 > 931 > 932,Books > Rare & collectable > Other > 1950 - today
528 > 918 > 931 > 933,Books > Rare & collectable > Other > Pre 1950
957 > 958 > 959 > 960,Building-renovation > Bathroom > Basins & vanities > Basins
957 > 958 > 959 > 961,Building-renovation > Bathroom > Basins & vanities > Vanities
957 > 958 > 959 > 962,Building-renovation > Bathroom > Basins & vanities > Other
957 > 958 > 963 > 964,Building-renovation > Bathroom > Baths > Baths
957 > 958 > 963 > 965,Building-renovation > Bathroom > Baths > Spa baths
957 > 958 > 963 > 966,Building-renovation > Bathroom > Baths > Other
957 > 958 > 969 > 970,Building-renovation > Bathroom > Showers > Shower boxes
957 > 958 > 969 > 971,Building-renovation > Bathroom > Showers > Shower heads & mixers
957 > 958 > 969 > 972,Building-renovation > Bathroom > Showers > Other
957 > 958 > 973 > 974,Building-renovation > Bathroom > Taps > Mixers
957 > 958 > 973 > 975,Building-renovation > Bathroom > Taps > Taps
957 > 958 > 973 > 976,Building-renovation > Bathroom > Taps > Other
957 > 979 > 980 > 981,Building-renovation > Building supplies > Fixing & fastening > Nails
957 > 979 > 980 > 982,Building-renovation > Building supplies > Fixing & fastening > Screws & bolts
957 > 979 > 980 > 983,Building-renovation > Building supplies > Fixing & fastening > Other
957 > 979 > 984 > 985,Building-renovation > Building supplies > Panels & boards > Plasterboard
957 > 979 > 984 > 986,Building-renovation > Building supplies > Panels & boards > Plywood
957 > 979 > 984 > 987,Building-renovation > Building supplies > Panels & boards > Other
957 > 979 > 988 > 989,Building-renovation > Building supplies > Roofing > Polycarbonate roofing
957 > 979 > 988 > 990,Building-renovation > Building supplies > Roofing > Roofing iron
957 > 979 > 988 > 991,Building-renovation > Building supplies > Roofing > Spouting & drainage
957 > 979 > 988 > 992,Building-renovation > Building supplies > Roofing > Tiles
957 > 979 > 988 > 993,Building-renovation > Building supplies > Roofing > Other
957 > 979 > 994 > 995,Building-renovation > Building supplies > Safety gear > Fire extinguishers
957 > 979 > 994 > 996,Building-renovation > Building supplies > Safety gear > High visibility clothing
957 > 979 > 994 > 997,Building-renovation > Building supplies > Safety gear > Protective gear
957 > 979 > 994 > 998,Building-renovation > Building supplies > Safety gear > Other
957 > 979 > 999 > 1000,Building-renovation > Building supplies > Scaffolding & ladders > Ladders
957 > 979 > 999 > 1001,Building-renovation > Building supplies > Scaffolding & ladders > Scaffolding
957 > 979 > 999 > 1002,Building-renovation > Building supplies > Scaffolding & ladders > Other
957 > 979 > 1004 > 1005,Building-renovation > Building supplies > Timber > Decking timber
957 > 979 > 1004 > 1006,Building-renovation > Building supplies > Timber > Fencing
957 > 979 > 1004 > 1007,Building-renovation > Building supplies > Timber > Framing
957 > 979 > 1004 > 1008,Building-renovation > Building supplies > Timber > Weatherboards
957 > 979 > 1004 > 1009,Building-renovation > Building supplies > Timber > Other
957 > 1012 > 1015 > 1016,"Building-renovation > Carpet, tiles & flooring > Tiles > Ceramic"
957 > 1012 > 1015 > 1017,"Building-renovation > Carpet, tiles & flooring > Tiles > Cork"
957 > 1012 > 1015 > 1018,"Building-renovation > Carpet, tiles & flooring > Tiles > Granite & marble"
957 > 1012 > 1015 > 1019,"Building-renovation > Carpet, tiles & flooring > Tiles > Porcelain"
957 > 1012 > 1015 > 1020,"Building-renovation > Carpet, tiles & flooring > Tiles > Other"
957 > 1023 > 1024 > 1025,"Building-renovation > Doors, windows & mouldings > Doors > Bifold doors"
957 > 1023 > 1024 > 1026,"Building-renovation > Doors, windows & mouldings > Doors > French doors"
957 > 1023 > 1024 > 1027,"Building-renovation > Doors, windows & mouldings > Doors > Security doors"
957 > 1023 > 1024 > 1028,"Building-renovation > Doors, windows & mouldings > Doors > Single doors"
957 > 1023 > 1024 > 1029,"Building-renovation > Doors, windows & mouldings > Doors > Sliding doors"
957 > 1023 > 1024 > 1030,"Building-renovation > Doors, windows & mouldings > Doors > Other"
957 > 1023 > 1032 > 1033,"Building-renovation > Doors, windows & mouldings > Windows > Aluminium windows"
957 > 1023 > 1032 > 1034,"Building-renovation > Doors, windows & mouldings > Windows > Stained glass & leadlight"
957 > 1023 > 1032 > 1035,"Building-renovation > Doors, windows & mouldings > Windows > Wooden"
957 > 1023 > 1032 > 1036,"Building-renovation > Doors, windows & mouldings > Windows > Other"
957 > 1038 > 1040 > 1041,Building-renovation > Electrical & lighting > Lights > Exterior lights
957 > 1038 > 1040 > 1042,Building-renovation > Electrical & lighting > Lights > Hanging lights
957 > 1038 > 1040 > 1043,Building-renovation > Electrical & lighting > Lights > Inset lights
957 > 1038 > 1040 > 1044,Building-renovation > Electrical & lighting > Lights > Wall lights
957 > 1038 > 1040 > 1045,Building-renovation > Electrical & lighting > Lights > Other
957 > 1038 > 1046 > 1047,Building-renovation > Electrical & lighting > Switches & switchboards > Sockets
957 > 1038 > 1046 > 1048,Building-renovation > Electrical & lighting > Switches & switchboards > Switchboards
957 > 1038 > 1046 > 1049,Building-renovation > Electrical & lighting > Switches & switchboards > Switches
957 > 1038 > 1046 > 1050,Building-renovation > Electrical & lighting > Switches & switchboards > Other
957 > 1072 > 1074 > 1075,Building-renovation > Painting & wallpaper > Paint > Exterior paint
957 > 1072 > 1074 > 1076,Building-renovation > Painting & wallpaper > Paint > Interior paint
957 > 1072 > 1074 > 1077,Building-renovation > Painting & wallpaper > Paint > Roof paint
957 > 1072 > 1074 > 1078,Building-renovation > Painting & wallpaper > Paint > Other
957 > 1086 > 1087 > 1088,"Building-renovation > Tools > Airtools & compressors > Blowers, dusters & vacuums"
957 > 1086 > 1087 > 1089,Building-renovation > Tools > Airtools & compressors > Chisels
957 > 1086 > 1087 > 1090,Building-renovation > Tools > Airtools & compressors > Compressors
957 > 1086 > 1087 > 1091,Building-renovation > Tools > Airtools & compressors > Cutters & nibblers
957 > 1086 > 1087 > 1092,Building-renovation > Tools > Airtools & compressors > Drills
957 > 1086 > 1087 > 1093,Building-renovation > Tools > Airtools & compressors > Grinders
957 > 1086 > 1087 > 1094,Building-renovation > Tools > Airtools & compressors > Nail & staple guns
957 > 1086 > 1087 > 1095,Building-renovation > Tools > Airtools & compressors > Regulators & hoses
957 > 1086 > 1087 > 1096,Building-renovation > Tools > Airtools & compressors > Sanders & sand blasters
957 > 1086 > 1087 > 1097,Building-renovation > Tools > Airtools & compressors > Spray guns
957 > 1086 > 1087 > 1098,Building-renovation > Tools > Airtools & compressors > Wrenches & ratchets
957 > 1086 > 1087 > 1099,Building-renovation > Tools > Airtools & compressors > Other airtools
957 > 1086 > 1087 > 1100,Building-renovation > Tools > Airtools & compressors > Other
957 > 1086 > 1101 > 1102,Building-renovation > Tools > Hand tools > Accessories & consumables
957 > 1086 > 1101 > 1103,Building-renovation > Tools > Hand tools > Drills
957 > 1086 > 1101 > 1104,Building-renovation > Tools > Hand tools > Files & chisels
957 > 1086 > 1101 > 1105,Building-renovation > Tools > Hand tools > Hammers
957 > 1086 > 1101 > 1106,Building-renovation > Tools > Hand tools > Knives & cutters
957 > 1086 > 1101 > 1107,Building-renovation > Tools > Hand tools > Levelling
957 > 1086 > 1101 > 1108,Building-renovation > Tools > Hand tools > Measuring
957 > 1086 > 1101 > 1109,Building-renovation > Tools > Hand tools > Planes
957 > 1086 > 1101 > 1110,Building-renovation > Tools > Hand tools > Pliers
957 > 1086 > 1101 > 1111,Building-renovation > Tools > Hand tools > Saws
957 > 1086 > 1101 > 1112,Building-renovation > Tools > Hand tools > Screwdrivers
957 > 1086 > 1101 > 1113,Building-renovation > Tools > Hand tools > Sets & kits
957 > 1086 > 1101 > 1114,Building-renovation > Tools > Hand tools > Spanners & wrenches
957 > 1086 > 1101 > 1115,"Building-renovation > Tools > Hand tools > Vices, clamps & presses"
957 > 1086 > 1101 > 1116,Building-renovation > Tools > Hand tools > Other
957 > 1086 > 1117 > 1118,Building-renovation > Tools > Power tools > Accessories & consumables
957 > 1086 > 1117 > 1119,Building-renovation > Tools > Power tools > Augers & post hole borers
957 > 1086 > 1117 > 1120,Building-renovation > Tools > Power tools > Batteries & chargers
957 > 1086 > 1117 > 1121,Building-renovation > Tools > Power tools > Compactors
957 > 1086 > 1117 > 1122,Building-renovation > Tools > Power tools > Concrete mixers & tools
957 > 1086 > 1117 > 1123,"Building-renovation > Tools > Power tools > Cutters, shears & nibblers"
957 > 1086 > 1117 > 1124,Building-renovation > Tools > Power tools > Drills & screwdrivers
957 > 1086 > 1117 > 1125,Building-renovation > Tools > Power tools > Grinders
957 > 1086 > 1117 > 1126,Building-renovation > Tools > Power tools > Heat guns & stripping tools
957 > 1086 > 1117 > 1127,"Building-renovation > Tools > Power tools > Lifters, props & jacks"
957 > 1086 > 1117 > 1128,"Building-renovation > Tools > Power tools > Nail, staple & glue guns"
957 > 1086 > 1117 > 1129,Building-renovation > Tools > Power tools > Planers & thicknessers
957 > 1086 > 1117 > 1130,Building-renovation > Tools > Power tools > Routers
957 > 1086 > 1117 > 1131,Building-renovation > Tools > Power tools > Sanders
957 > 1086 > 1117 > 1132,Building-renovation > Tools > Power tools > Saw blades
957 > 1086 > 1117 > 1133,Building-renovation > Tools > Power tools > Saws
957 > 1086 > 1117 > 1134,Building-renovation > Tools > Power tools > Sets & kits
957 > 1086 > 1117 > 1135,Building-renovation > Tools > Power tools > Other
957 > 1086 > 1136 > 1137,Building-renovation > Tools > Tool boxes > Bench toolboxes
957 > 1086 > 1136 > 1138,Building-renovation > Tools > Tool boxes > Cabinets & workshop toolboxes
957 > 1086 > 1136 > 1139,Building-renovation > Tools > Tool boxes > Toolboxes & tools
957 > 1086 > 1136 > 1140,Building-renovation > Tools > Tool boxes > Ute & van toolboxes
957 > 1086 > 1136 > 1141,Building-renovation > Tools > Tool boxes > Other
1144 > 1145 > 1148 > 1149,Business-farming-industry > Businesses for sale > Retail > Clothing
1144 > 1145 > 1148 > 1150,Business-farming-industry > Businesses for sale > Retail > Dairies & convenience stores
1144 > 1145 > 1148 > 1151,Business-farming-industry > Businesses for sale > Retail > Fast food & takeaway
1144 > 1145 > 1148 > 1152,Business-farming-industry > Businesses for sale > Retail > Mobile food & drink
1144 > 1145 > 1148 > 1153,"Business-farming-industry > Businesses for sale > Retail > Videos, books & entertainment"
1144 > 1145 > 1148 > 1154,Business-farming-industry > Businesses for sale > Retail > Other
1144 > 1145 > 1155 > 1156,Business-farming-industry > Businesses for sale > Services > Cleaning
1144 > 1145 > 1155 > 1157,Business-farming-industry > Businesses for sale > Services > Gardening & landscaping
1144 > 1145 > 1155 > 1158,Business-farming-industry > Businesses for sale > Services > Other
1144 > 1145 > 1159 > 1160,Business-farming-industry > Businesses for sale > Tourism & hospitality > Accommodation
1144 > 1145 > 1159 > 1161,"Business-farming-industry > Businesses for sale > Tourism & hospitality > Restaurants, bars & cafes"
1144 > 1145 > 1159 > 1162,Business-farming-industry > Businesses for sale > Tourism & hospitality > Tours & transport
1144 > 1145 > 1159 > 1163,Business-farming-industry > Businesses for sale > Tourism & hospitality > Other
1144 > 1166 > 1169 > 1170,"Business-farming-industry > Farming & forestry > Clothing, safety & workwear > Footwear"
1144 > 1166 > 1169 > 1171,"Business-farming-industry > Farming & forestry > Clothing, safety & workwear > Gloves"
1144 > 1166 > 1169 > 1172,"Business-farming-industry > Farming & forestry > Clothing, safety & workwear > Headwear"
1144 > 1166 > 1169 > 1173,"Business-farming-industry > Farming & forestry > Clothing, safety & workwear > Jackets"
1144 > 1166 > 1169 > 1174,"Business-farming-industry > Farming & forestry > Clothing, safety & workwear > Overalls, dungarees & bibs"
1144 > 1166 > 1169 > 1175,"Business-farming-industry > Farming & forestry > Clothing, safety & workwear > Safety clothing & gear"
1144 > 1166 > 1169 > 1176,"Business-farming-industry > Farming & forestry > Clothing, safety & workwear > Shorts & trousers"
1144 > 1166 > 1169 > 1177,"Business-farming-industry > Farming & forestry > Clothing, safety & workwear > Tops & shirts"
1144 > 1166 > 1169 > 1178,"Business-farming-industry > Farming & forestry > Clothing, safety & workwear > Wet weather gear"
1144 > 1166 > 1169 > 1179,"Business-farming-industry > Farming & forestry > Clothing, safety & workwear > Other"
1144 > 1166 > 1180 > 1181,Business-farming-industry > Farming & forestry > Dairy & milking equipment > Cleaners & detergents
1144 > 1166 > 1180 > 1182,Business-farming-industry > Farming & forestry > Dairy & milking equipment > Milking equipment & machines
1144 > 1166 > 1180 > 1183,Business-farming-industry > Farming & forestry > Dairy & milking equipment > Milking sheds & plants
1144 > 1166 > 1180 > 1184,Business-farming-industry > Farming & forestry > Dairy & milking equipment > Parts & components
1144 > 1166 > 1185 > 1186,Business-farming-industry > Farming & forestry > Feed & feeding out > Feed
1144 > 1166 > 1185 > 1187,Business-farming-industry > Farming & forestry > Feed & feeding out > Feed supplements
1144 > 1166 > 1185 > 1188,Business-farming-industry > Farming & forestry > Feed & feeding out > Feeding equipment
1144 > 1166 > 1185 > 1189,Business-farming-industry > Farming & forestry > Feed & feeding out > Water troughs
1144 > 1166 > 1185 > 1190,Business-farming-industry > Farming & forestry > Feed & feeding out > Other
1144 > 1166 > 1191 > 1192,Business-farming-industry > Farming & forestry > Fencing & gates > Electric fencing
1144 > 1166 > 1191 > 1193,Business-farming-industry > Farming & forestry > Fencing & gates > Fence posts & timber
1144 > 1166 > 1191 > 1194,Business-farming-industry > Farming & forestry > Fencing & gates > Gates & barriers
1144 > 1166 > 1191 > 1195,Business-farming-industry > Farming & forestry > Fencing & gates > Tools & equipment
1144 > 1166 > 1191 > 1196,"Business-farming-industry > Farming & forestry > Fencing & gates > Wire, fencing & netting"
1144 > 1166 > 1191 > 1197,Business-farming-industry > Farming & forestry > Fencing & gates > Other
1144 > 1166 > 1198 > 1199,Business-farming-industry > Farming & forestry > Fertilising & pest control > Chemicals & treatments
1144 > 1166 > 1198 > 1200,Business-farming-industry > Farming & forestry > Fertilising & pest control > Fertilisers
1144 > 1166 > 1198 > 1201,Business-farming-industry > Farming & forestry > Fertilising & pest control > Spraying
1144 > 1166 > 1198 > 1202,Business-farming-industry > Farming & forestry > Fertilising & pest control > Spreaders
1144 > 1166 > 1198 > 1203,Business-farming-industry > Farming & forestry > Fertilising & pest control > Other
1144 > 1166 > 1204 > 1205,Business-farming-industry > Farming & forestry > Forestry > Chainsaws & parts
1144 > 1166 > 1204 > 1206,Business-farming-industry > Farming & forestry > Forestry > Heavy machinery
1144 > 1166 > 1204 > 1207,Business-farming-industry > Farming & forestry > Forestry > Log splitters
1144 > 1166 > 1204 > 1208,Business-farming-industry > Farming & forestry > Forestry > Tools & equipment
1144 > 1166 > 1204 > 1209,Business-farming-industry > Farming & forestry > Forestry > Trees & timber
1144 > 1166 > 1204 > 1210,Business-farming-industry > Farming & forestry > Forestry > Wood chippers & mulchers
1144 > 1166 > 1204 > 1211,Business-farming-industry > Farming & forestry > Forestry > Other
1144 > 1166 > 1212 > 1213,Business-farming-industry > Farming & forestry > Harvest & post-harvest > Harvesters
1144 > 1166 > 1212 > 1214,Business-farming-industry > Farming & forestry > Harvest & post-harvest > Other
1144 > 1166 > 1215 > 1216,Business-farming-industry > Farming & forestry > Hay making > Baling machines & equipment
1144 > 1166 > 1215 > 1217,Business-farming-industry > Farming & forestry > Hay making > Hay mowers & conditioners
1144 > 1166 > 1215 > 1218,Business-farming-industry > Farming & forestry > Hay making > Hay rakes & tedders
1144 > 1166 > 1215 > 1219,Business-farming-industry > Farming & forestry > Hay making > Other
1144 > 1166 > 1220 > 1221,Business-farming-industry > Farming & forestry > Irrigation & drainage > Drain diggers & cleaners
1144 > 1166 > 1220 > 1222,Business-farming-industry > Farming & forestry > Irrigation & drainage > Irrigation systems
1144 > 1166 > 1220 > 1223,Business-farming-industry > Farming & forestry > Irrigation & drainage > Pipes & distribution
1144 > 1166 > 1220 > 1224,Business-farming-industry > Farming & forestry > Irrigation & drainage > Pump components
1144 > 1166 > 1220 > 1225,Business-farming-industry > Farming & forestry > Irrigation & drainage > Tank components
1144 > 1166 > 1220 > 1226,Business-farming-industry > Farming & forestry > Irrigation & drainage > Tanks
1144 > 1166 > 1220 > 1227,Business-farming-industry > Farming & forestry > Irrigation & drainage > Water pumps
1144 > 1166 > 1220 > 1228,Business-farming-industry > Farming & forestry > Irrigation & drainage > Other
1144 > 1166 > 1229 > 1230,Business-farming-industry > Farming & forestry > Livestock > Alpacas
1144 > 1166 > 1229 > 1231,Business-farming-industry > Farming & forestry > Livestock > Beef cattle
1144 > 1166 > 1229 > 1232,Business-farming-industry > Farming & forestry > Livestock > Dairy cattle
1144 > 1166 > 1229 > 1233,Business-farming-industry > Farming & forestry > Livestock > Deer
1144 > 1166 > 1229 > 1234,Business-farming-industry > Farming & forestry > Livestock > Goats
1144 > 1166 > 1229 > 1235,Business-farming-industry > Farming & forestry > Livestock > Llamas
1144 > 1166 > 1229 > 1236,Business-farming-industry > Farming & forestry > Livestock > Pigs
1144 > 1166 > 1229 > 1237,Business-farming-industry > Farming & forestry > Livestock > Sheep
1144 > 1166 > 1229 > 1238,Business-farming-industry > Farming & forestry > Livestock > Other
1144 > 1166 > 1239 > 1240,Business-farming-industry > Farming & forestry > Livestock health & management > Books & publications
1144 > 1166 > 1239 > 1241,Business-farming-industry > Farming & forestry > Livestock health & management > Cattle prods
1144 > 1166 > 1239 > 1242,Business-farming-industry > Farming & forestry > Livestock health & management > Halters
1144 > 1166 > 1239 > 1243,Business-farming-industry > Farming & forestry > Livestock health & management > Livestock covers
1144 > 1166 > 1239 > 1244,Business-farming-industry > Farming & forestry > Livestock health & management > Pest traps
1144 > 1166 > 1239 > 1245,Business-farming-industry > Farming & forestry > Livestock health & management > Shelters & sheds
1144 > 1166 > 1239 > 1246,Business-farming-industry > Farming & forestry > Livestock health & management > Taggers & markers
1144 > 1166 > 1239 > 1247,Business-farming-industry > Farming & forestry > Livestock health & management > Veterinary & health
1144 > 1166 > 1239 > 1248,Business-farming-industry > Farming & forestry > Livestock health & management > Other
1144 > 1166 > 1249 > 1250,Business-farming-industry > Farming & forestry > Loading & lifting > Backhoes & loaders
1144 > 1166 > 1249 > 1251,Business-farming-industry > Farming & forestry > Loading & lifting > Buckets
1144 > 1166 > 1249 > 1252,Business-farming-industry > Farming & forestry > Loading & lifting > Forks
1144 > 1166 > 1249 > 1253,Business-farming-industry > Farming & forestry > Loading & lifting > Parts & accessories
1144 > 1166 > 1249 > 1254,Business-farming-industry > Farming & forestry > Loading & lifting > Transport trays
1144 > 1166 > 1249 > 1255,Business-farming-industry > Farming & forestry > Loading & lifting > Other
1144 > 1166 > 1256 > 1257,Business-farming-industry > Farming & forestry > Pasture & lawn maintenance > Aerators
1144 > 1166 > 1256 > 1258,Business-farming-industry > Farming & forestry > Pasture & lawn maintenance > Blades
1144 > 1166 > 1256 > 1259,Business-farming-industry > Farming & forestry > Pasture & lawn maintenance > Blowers
1144 > 1166 > 1256 > 1260,Business-farming-industry > Farming & forestry > Pasture & lawn maintenance > Brush cutters & trimmers
1144 > 1166 > 1256 > 1261,Business-farming-industry > Farming & forestry > Pasture & lawn maintenance > Dethatchers
1144 > 1166 > 1256 > 1262,Business-farming-industry > Farming & forestry > Pasture & lawn maintenance > Hedge trimmers
1144 > 1166 > 1256 > 1263,Business-farming-industry > Farming & forestry > Pasture & lawn maintenance > Mowers
1144 > 1166 > 1256 > 1264,Business-farming-industry > Farming & forestry > Pasture & lawn maintenance > Rotary hoes
1144 > 1166 > 1256 > 1265,Business-farming-industry > Farming & forestry > Pasture & lawn maintenance > Slashers & toppers
1144 > 1166 > 1256 > 1266,Business-farming-industry > Farming & forestry > Pasture & lawn maintenance > Other
1144 > 1166 > 1267 > 1268,Business-farming-industry > Farming & forestry > Planting > Broadcast seeders
1144 > 1166 > 1267 > 1269,Business-farming-industry > Farming & forestry > Planting > Parts & accessories
1144 > 1166 > 1267 > 1270,Business-farming-industry > Farming & forestry > Planting > Planters
1144 > 1166 > 1267 > 1271,Business-farming-industry > Farming & forestry > Planting > Seed drills
1144 > 1166 > 1267 > 1272,Business-farming-industry > Farming & forestry > Planting > Transplanters
1144 > 1166 > 1267 > 1273,Business-farming-industry > Farming & forestry > Planting > Other
1144 > 1166 > 1274 > 1275,Business-farming-industry > Farming & forestry > Poultry > Bantams
1144 > 1166 > 1274 > 1276,Business-farming-industry > Farming & forestry > Poultry > Chickens
1144 > 1166 > 1274 > 1277,Business-farming-industry > Farming & forestry > Poultry > Ducks
1144 > 1166 > 1274 > 1278,Business-farming-industry > Farming & forestry > Poultry > Other
1144 > 1166 > 1279 > 1280,"Business-farming-industry > Farming & forestry > Poultry health & management > Coops, runs & boxes"
1144 > 1166 > 1279 > 1281,Business-farming-industry > Farming & forestry > Poultry health & management > Feed & feed supplements
1144 > 1166 > 1279 > 1282,Business-farming-industry > Farming & forestry > Poultry health & management > Feeders & drinkers
1144 > 1166 > 1279 > 1283,Business-farming-industry > Farming & forestry > Poultry health & management > Incubators & brooders
1144 > 1166 > 1279 > 1284,Business-farming-industry > Farming & forestry > Poultry health & management > Veterinary & health
1144 > 1166 > 1279 > 1285,Business-farming-industry > Farming & forestry > Poultry health & management > Other
1144 > 1166 > 1286 > 1287,Business-farming-industry > Farming & forestry > Shearing & grooming > Grooming
1144 > 1166 > 1286 > 1288,Business-farming-industry > Farming & forestry > Shearing & grooming > Shearing
1144 > 1166 > 1286 > 1289,Business-farming-industry > Farming & forestry > Shearing & grooming > Other
1144 > 1166 > 1290 > 1291,Business-farming-industry > Farming & forestry > Soil cultivation > Compactors
1144 > 1166 > 1290 > 1292,Business-farming-industry > Farming & forestry > Soil cultivation > Cultivators
1144 > 1166 > 1290 > 1293,Business-farming-industry > Farming & forestry > Soil cultivation > Graders
1144 > 1166 > 1290 > 1294,Business-farming-industry > Farming & forestry > Soil cultivation > Harrows
1144 > 1166 > 1290 > 1295,Business-farming-industry > Farming & forestry > Soil cultivation > Parts & accessories
1144 > 1166 > 1290 > 1296,Business-farming-industry > Farming & forestry > Soil cultivation > Ploughs
1144 > 1166 > 1290 > 1297,Business-farming-industry > Farming & forestry > Soil cultivation > Rollers
1144 > 1166 > 1290 > 1298,Business-farming-industry > Farming & forestry > Soil cultivation > Rotary hoes
1144 > 1166 > 1290 > 1299,Business-farming-industry > Farming & forestry > Soil cultivation > Other
1144 > 1166 > 1300 > 1301,Business-farming-industry > Farming & forestry > Tractors > Tractor parts & accessories
1144 > 1166 > 1300 > 1302,Business-farming-industry > Farming & forestry > Tractors > Up to 50 HP
1144 > 1166 > 1300 > 1303,Business-farming-industry > Farming & forestry > Tractors > 51 - 150 HP
1144 > 1166 > 1300 > 1304,Business-farming-industry > Farming & forestry > Tractors > 151 - 300 HP
1144 > 1166 > 1300 > 1305,Business-farming-industry > Farming & forestry > Tractors > 301 HP or more
1144 > 1166 > 1300 > 1306,Business-farming-industry > Farming & forestry > Tractors > Other
1144 > 1166 > 1307 > 1308,Business-farming-industry > Farming & forestry > Trailers & transportation > Livestock crates
1144 > 1166 > 1307 > 1309,Business-farming-industry > Farming & forestry > Trailers & transportation > Livestock trailers
1144 > 1166 > 1307 > 1310,Business-farming-industry > Farming & forestry > Trailers & transportation > Loading ramps
1144 > 1166 > 1307 > 1311,Business-farming-industry > Farming & forestry > Trailers & transportation > Parts & components
1144 > 1166 > 1307 > 1312,Business-farming-industry > Farming & forestry > Trailers & transportation > Produce transport
1144 > 1166 > 1307 > 1313,Business-farming-industry > Farming & forestry > Trailers & transportation > Refrigerated containers
1144 > 1166 > 1307 > 1314,Business-farming-industry > Farming & forestry > Trailers & transportation > Tankers
1144 > 1166 > 1307 > 1315,Business-farming-industry > Farming & forestry > Trailers & transportation > Other
1144 > 1318 > 1319 > 1320,Business-farming-industry > Industrial > Compressors & pumps > Air compressors
1144 > 1318 > 1319 > 1321,Business-farming-industry > Industrial > Compressors & pumps > Pumps
1144 > 1318 > 1319 > 1322,Business-farming-industry > Industrial > Compressors & pumps > Other
1144 > 1318 > 1323 > 1324,"Business-farming-industry > Industrial > Containers, bins & trolleys > Shipping containers"
1144 > 1318 > 1323 > 1325,"Business-farming-industry > Industrial > Containers, bins & trolleys > Storage boxes"
1144 > 1318 > 1323 > 1326,"Business-farming-industry > Industrial > Containers, bins & trolleys > Trolley wheels"
1144 > 1318 > 1323 > 1327,"Business-farming-industry > Industrial > Containers, bins & trolleys > Trolleys"
1144 > 1318 > 1323 > 1328,"Business-farming-industry > Industrial > Containers, bins & trolleys > Other"
1144 > 1318 > 1329 > 1330,Business-farming-industry > Industrial > Earthmoving machinery > Bulldozers
1144 > 1318 > 1329 > 1331,Business-farming-industry > Industrial > Earthmoving machinery > Diggers & excavators
1144 > 1318 > 1329 > 1332,Business-farming-industry > Industrial > Earthmoving machinery > Loaders
1144 > 1318 > 1329 > 1333,Business-farming-industry > Industrial > Earthmoving machinery > Other machines
1144 > 1318 > 1329 > 1334,Business-farming-industry > Industrial > Earthmoving machinery > Parts & attachments
1144 > 1318 > 1329 > 1335,Business-farming-industry > Industrial > Earthmoving machinery > Other
1144 > 1318 > 1336 > 1337,Business-farming-industry > Industrial > Electrical equipment > Electronic components
1144 > 1318 > 1336 > 1338,Business-farming-industry > Industrial > Electrical equipment > Fans
1144 > 1318 > 1336 > 1339,Business-farming-industry > Industrial > Electrical equipment > Gauges & meters
1144 > 1318 > 1336 > 1340,Business-farming-industry > Industrial > Electrical equipment > Lights
1144 > 1318 > 1336 > 1341,Business-farming-industry > Industrial > Electrical equipment > Other
1144 > 1318 > 1342 > 1343,Business-farming-industry > Industrial > Engines & motors > Diesel
1144 > 1318 > 1342 > 1344,Business-farming-industry > Industrial > Engines & motors > Electric
1144 > 1318 > 1342 > 1345,Business-farming-industry > Industrial > Engines & motors > Petrol
1144 > 1318 > 1342 > 1346,Business-farming-industry > Industrial > Engines & motors > Other
1144 > 1318 > 1348 > 1349,Business-farming-industry > Industrial > Generators > Diesel
1144 > 1318 > 1348 > 1350,Business-farming-industry > Industrial > Generators > Petrol
1144 > 1318 > 1348 > 1351,Business-farming-industry > Industrial > Generators > Solar
1144 > 1318 > 1348 > 1352,Business-farming-industry > Industrial > Generators > Wind
1144 > 1318 > 1348 > 1353,Business-farming-industry > Industrial > Generators > Other
1144 > 1318 > 1355 > 1356,Business-farming-industry > Industrial > Manufacturing & metalwork > Drills & accessories
1144 > 1318 > 1355 > 1357,Business-farming-industry > Industrial > Manufacturing & metalwork > Dust collectors & extractors
1144 > 1318 > 1355 > 1358,Business-farming-industry > Industrial > Manufacturing & metalwork > Grinders
1144 > 1318 > 1355 > 1359,Business-farming-industry > Industrial > Manufacturing & metalwork > Helmets & safety gear
1144 > 1318 > 1355 > 1360,Business-farming-industry > Industrial > Manufacturing & metalwork > Lathes & accessories
1144 > 1318 > 1355 > 1361,Business-farming-industry > Industrial > Manufacturing & metalwork > Metal & supplies
1144 > 1318 > 1355 > 1362,Business-farming-industry > Industrial > Manufacturing & metalwork > Presses
1144 > 1318 > 1355 > 1363,Business-farming-industry > Industrial > Manufacturing & metalwork > Saws & blades
1144 > 1318 > 1355 > 1364,Business-farming-industry > Industrial > Manufacturing & metalwork > Vices
1144 > 1318 > 1355 > 1365,Business-farming-industry > Industrial > Manufacturing & metalwork > Welders
1144 > 1318 > 1355 > 1366,Business-farming-industry > Industrial > Manufacturing & metalwork > Other
1144 > 1370 > 1374 > 1375,Business-farming-industry > Office equipment & supplies > Photocopying > Accessories & supplies
1144 > 1370 > 1374 > 1376,Business-farming-industry > Office equipment & supplies > Photocopying > Photocopiers
1144 > 1370 > 1377 > 1378,Business-farming-industry > Office equipment & supplies > Stationery & supplies > Card & pen holders
1144 > 1370 > 1377 > 1379,Business-farming-industry > Office equipment & supplies > Stationery & supplies > Diaries & organisers
1144 > 1370 > 1377 > 1380,Business-farming-industry > Office equipment & supplies > Stationery & supplies > Folders & filing
1144 > 1370 > 1377 > 1381,Business-farming-industry > Office equipment & supplies > Stationery & supplies > Paper & card
1144 > 1370 > 1377 > 1382,Business-farming-industry > Office equipment & supplies > Stationery & supplies > Paper cutters
1144 > 1370 > 1377 > 1383,Business-farming-industry > Office equipment & supplies > Stationery & supplies > Pencils & sharpeners
1144 > 1370 > 1377 > 1384,Business-farming-industry > Office equipment & supplies > Stationery & supplies > Pens & markers
1144 > 1370 > 1377 > 1385,Business-farming-industry > Office equipment & supplies > Stationery & supplies > Stamps
1144 > 1370 > 1377 > 1386,Business-farming-industry > Office equipment & supplies > Stationery & supplies > Staplers & staples
1144 > 1370 > 1377 > 1387,Business-farming-industry > Office equipment & supplies > Stationery & supplies > Other
1144 > 1390 > 1395 > 1396,Business-farming-industry > Office furniture > Filing cabinets & systems > 2 drawer cabinets
1144 > 1390 > 1395 > 1397,Business-farming-industry > Office furniture > Filing cabinets & systems > 3 drawer cabinets
1144 > 1390 > 1395 > 1398,Business-farming-industry > Office furniture > Filing cabinets & systems > 4 drawer cabinets
1144 > 1390 > 1395 > 1399,Business-farming-industry > Office furniture > Filing cabinets & systems > Other
1144 > 1390 > 1400 > 1401,Business-farming-industry > Office furniture > Office desks > L-shaped
1144 > 1390 > 1400 > 1402,Business-farming-industry > Office furniture > Office desks > Straight
1144 > 1390 > 1400 > 1403,Business-farming-industry > Office furniture > Office desks > Other
1144 > 1414 > 1415 > 1416,Business-farming-industry > Retail & hospitality > Display units & racks > Baskets & bins
1144 > 1414 > 1415 > 1417,Business-farming-industry > Retail & hospitality > Display units & racks > Book & magazine holders
1144 > 1414 > 1415 > 1418,Business-farming-industry > Retail & hospitality > Display units & racks > Cabinets
1144 > 1414 > 1415 > 1419,Business-farming-industry > Retail & hospitality > Display units & racks > Clothing racks
1144 > 1414 > 1415 > 1420,Business-farming-industry > Retail & hospitality > Display units & racks > Counters & benches
1144 > 1414 > 1415 > 1421,Business-farming-industry > Retail & hospitality > Display units & racks > Food & drink displays
1144 > 1414 > 1415 > 1422,Business-farming-industry > Retail & hospitality > Display units & racks > Jewellery racks & stands
1144 > 1414 > 1415 > 1423,Business-farming-industry > Retail & hospitality > Display units & racks > Shelves
1144 > 1414 > 1415 > 1424,Business-farming-industry > Retail & hospitality > Display units & racks > Other
1144 > 1414 > 1425 > 1426,Business-farming-industry > Retail & hospitality > Furniture > Bars & stools
1144 > 1414 > 1425 > 1427,Business-farming-industry > Retail & hospitality > Furniture > Chairs
1144 > 1414 > 1425 > 1428,Business-farming-industry > Retail & hospitality > Furniture > Tables
1144 > 1414 > 1425 > 1429,Business-farming-industry > Retail & hospitality > Furniture > Other
1144 > 1414 > 1430 > 1431,Business-farming-industry > Retail & hospitality > Kitchen equipment & supplies > Benches
1144 > 1414 > 1430 > 1432,Business-farming-industry > Retail & hospitality > Kitchen equipment & supplies > Coffee & beverage
1144 > 1414 > 1430 > 1433,Business-farming-industry > Retail & hospitality > Kitchen equipment & supplies > Deep fryers
1144 > 1414 > 1430 > 1434,Business-farming-industry > Retail & hospitality > Kitchen equipment & supplies > Dishwashers
1144 > 1414 > 1430 > 1435,Business-farming-industry > Retail & hospitality > Kitchen equipment & supplies > Grills
1144 > 1414 > 1430 > 1436,Business-farming-industry > Retail & hospitality > Kitchen equipment & supplies > Ovens
1144 > 1414 > 1430 > 1437,"Business-farming-industry > Retail & hospitality > Kitchen equipment & supplies > Plates, glassware & cutlery"
1144 > 1414 > 1430 > 1438,Business-farming-industry > Retail & hospitality > Kitchen equipment & supplies > Warmers
1144 > 1414 > 1430 > 1439,Business-farming-industry > Retail & hospitality > Kitchen equipment & supplies > Other
1144 > 1414 > 1442 > 1443,Business-farming-industry > Retail & hospitality > Point of sale equipment > Barcode scanners
1144 > 1414 > 1442 > 1444,Business-farming-industry > Retail & hospitality > Point of sale equipment > EFTPOS
1144 > 1414 > 1442 > 1445,Business-farming-industry > Retail & hospitality > Point of sale equipment > Receipt printers
1144 > 1414 > 1442 > 1446,Business-farming-industry > Retail & hospitality > Point of sale equipment > Registers
1144 > 1414 > 1442 > 1447,Business-farming-industry > Retail & hospitality > Point of sale equipment > Other
1144 > 1414 > 1448 > 1449,Business-farming-industry > Retail & hospitality > Refrigeration & chillers > Display fridges & chillers
1144 > 1414 > 1448 > 1450,Business-farming-industry > Retail & hospitality > Refrigeration & chillers > Freezers
1144 > 1414 > 1448 > 1451,Business-farming-industry > Retail & hospitality > Refrigeration & chillers > Refrigerators
1144 > 1414 > 1448 > 1452,Business-farming-industry > Retail & hospitality > Refrigeration & chillers > Other
1144 > 1414 > 1453 > 1454,Business-farming-industry > Retail & hospitality > Signage > Banner
1144 > 1414 > 1453 > 1455,Business-farming-industry > Retail & hospitality > Signage > Flags
1144 > 1414 > 1453 > 1456,Business-farming-industry > Retail & hospitality > Signage > LED
1144 > 1414 > 1453 > 1457,Business-farming-industry > Retail & hospitality > Signage > Street
1144 > 1414 > 1453 > 1458,Business-farming-industry > Retail & hospitality > Signage > Vinyl
1144 > 1414 > 1453 > 1459,Business-farming-industry > Retail & hospitality > Signage > Other
1144 > 1461 > 1462 > 1463,Business-farming-industry > Wholesale lots > Clothing & footwear > Kids
1144 > 1461 > 1462 > 1464,Business-farming-industry > Wholesale lots > Clothing & footwear > Men
1144 > 1461 > 1462 > 1465,Business-farming-industry > Wholesale lots > Clothing & footwear > Women
1144 > 1461 > 1462 > 1466,Business-farming-industry > Wholesale lots > Clothing & footwear > Other
1144 > 1461 > 1470 > 1471,Business-farming-industry > Wholesale lots > Jewellery & watches > Bracelets
1144 > 1461 > 1470 > 1472,Business-farming-industry > Wholesale lots > Jewellery & watches > Earrings
1144 > 1461 > 1470 > 1473,Business-farming-industry > Wholesale lots > Jewellery & watches > Necklaces
1144 > 1461 > 1470 > 1474,Business-farming-industry > Wholesale lots > Jewellery & watches > Rings
1144 > 1461 > 1470 > 1475,Business-farming-industry > Wholesale lots > Jewellery & watches > Watches
1144 > 1461 > 1470 > 1476,Business-farming-industry > Wholesale lots > Jewellery & watches > Other
1482 > 1483 > 1491 > 1492,Clothing & Fashion > Boys > Bags & accessories > Bags & backpacks
1482 > 1483 > 1491 > 1493,Clothing & Fashion > Boys > Bags & accessories > Caps & hats
1482 > 1483 > 1491 > 1494,Clothing & Fashion > Boys > Bags & accessories > Other
1482 > 1502 > 1511 > 1512,Clothing & Fashion > Girls > Bags & accessories > Backpacks
1482 > 1502 > 1511 > 1513,Clothing & Fashion > Girls > Bags & accessories > Bags
1482 > 1502 > 1511 > 1514,Clothing & Fashion > Girls > Bags & accessories > Hair accessories
1482 > 1502 > 1511 > 1515,Clothing & Fashion > Girls > Bags & accessories > Handbags
1482 > 1502 > 1511 > 1516,Clothing & Fashion > Girls > Bags & accessories > Hats & caps
1482 > 1502 > 1511 > 1517,Clothing & Fashion > Girls > Bags & accessories > Scarves & gloves
1482 > 1502 > 1511 > 1518,Clothing & Fashion > Girls > Bags & accessories > Wallets & purses
1482 > 1502 > 1511 > 1519,Clothing & Fashion > Girls > Bags & accessories > Other
1482 > 1528 > 1537 > 1538,Clothing & Fashion > Men > Accessories > Belts
1482 > 1528 > 1537 > 1539,Clothing & Fashion > Men > Accessories > Cufflinks
1482 > 1528 > 1537 > 1540,Clothing & Fashion > Men > Accessories > Gloves
1482 > 1528 > 1537 > 1541,Clothing & Fashion > Men > Accessories > Hats & caps
1482 > 1528 > 1537 > 1542,Clothing & Fashion > Men > Accessories > Sunglasses
1482 > 1528 > 1537 > 1543,Clothing & Fashion > Men > Accessories > Ties
1482 > 1528 > 1537 > 1544,Clothing & Fashion > Men > Accessories > Wallets & bags
1482 > 1528 > 1537 > 1545,Clothing & Fashion > Men > Accessories > Other
1482 > 1528 > 1550 > 1551,Clothing & Fashion > Men > Costumes > Full costumes
1482 > 1528 > 1550 > 1552,Clothing & Fashion > Men > Costumes > Masks
1482 > 1528 > 1550 > 1553,Clothing & Fashion > Men > Costumes > National dress
1482 > 1528 > 1550 > 1554,Clothing & Fashion > Men > Costumes > Wigs
1482 > 1528 > 1550 > 1555,Clothing & Fashion > Men > Costumes > Other
1482 > 1559 > 1568 > 1569,Clothing & Fashion > Women > Accessories > Belts
1482 > 1559 > 1568 > 1570,Clothing & Fashion > Women > Accessories > Gloves
1482 > 1559 > 1568 > 1571,Clothing & Fashion > Women > Accessories > Hats & caps
1482 > 1559 > 1568 > 1572,Clothing & Fashion > Women > Accessories > Scarves
1482 > 1559 > 1568 > 1573,Clothing & Fashion > Women > Accessories > Socks
1482 > 1559 > 1568 > 1574,Clothing & Fashion > Women > Accessories > Stockings & tights
1482 > 1559 > 1568 > 1575,Clothing & Fashion > Women > Accessories > Sunglasses
1482 > 1559 > 1568 > 1576,Clothing & Fashion > Women > Accessories > Other
1482 > 1559 > 1577 > 1578,Clothing & Fashion > Women > Bags & handbags > Backpacks
1482 > 1559 > 1577 > 1579,Clothing & Fashion > Women > Bags & handbags > Clutches
1482 > 1559 > 1577 > 1580,Clothing & Fashion > Women > Bags & handbags > Handbags
1482 > 1559 > 1577 > 1581,Clothing & Fashion > Women > Bags & handbags > Shoulder bags
1482 > 1559 > 1577 > 1582,Clothing & Fashion > Women > Bags & handbags > Tote bags
1482 > 1559 > 1577 > 1583,Clothing & Fashion > Women > Bags & handbags > Wallets & purses
1482 > 1559 > 1577 > 1584,Clothing & Fashion > Women > Bags & handbags > Other
1482 > 1559 > 1585 > 1586,Clothing & Fashion > Women > Wedding accessories > Garters
1482 > 1559 > 1585 > 1587,Clothing & Fashion > Women > Wedding accessories > Tiaras & hair accessories
1482 > 1559 > 1585 > 1588,Clothing & Fashion > Women > Wedding accessories > Veils
1482 > 1559 > 1585 > 1589,Clothing & Fashion > Women > Wedding accessories > Other
1482 > 1559 > 1592 > 1593,Clothing & Fashion > Women > Sportswear > Full tracksuits
1482 > 1559 > 1592 > 1594,Clothing & Fashion > Women > Sportswear > Jackets
1482 > 1559 > 1592 > 1595,Clothing & Fashion > Women > Sportswear > Pants & tights
1482 > 1559 > 1592 > 1596,Clothing & Fashion > Women > Sportswear > Shorts
1482 > 1559 > 1592 > 1597,Clothing & Fashion > Women > Sportswear > Singlets
1482 > 1559 > 1592 > 1598,Clothing & Fashion > Women > Sportswear > Sports bras
1482 > 1559 > 1592 > 1599,Clothing & Fashion > Women > Sportswear > Tops & t-shirts
1482 > 1559 > 1592 > 1600,Clothing & Fashion > Women > Sportswear > Other
1482 > 1559 > 1601 > 1602,Clothing & Fashion > Women > Maternity > Bras
1482 > 1559 > 1601 > 1603,Clothing & Fashion > Women > Maternity > Briefs & belly belts
1482 > 1559 > 1601 > 1604,Clothing & Fashion > Women > Maternity > Bulk lots
1482 > 1559 > 1601 > 1605,Clothing & Fashion > Women > Maternity > Dresses
1482 > 1559 > 1601 > 1606,"Clothing & Fashion > Women > Maternity > Jeans, pants & leggings"
1482 > 1559 > 1601 > 1607,Clothing & Fashion > Women > Maternity > Shorts
1482 > 1559 > 1601 > 1608,Clothing & Fashion > Women > Maternity > Skirts
1482 > 1559 > 1601 > 1609,Clothing & Fashion > Women > Maternity > Tops
1482 > 1559 > 1601 > 1610,Clothing & Fashion > Women > Maternity > Other
1482 > 1559 > 1612 > 1613,Clothing & Fashion > Women > Wedding > Bridesmaid dresses
1482 > 1559 > 1612 > 1614,Clothing & Fashion > Women > Wedding > Mother of the bride dresses
1482 > 1559 > 1612 > 1615,Clothing & Fashion > Women > Wedding > Wedding dresses
1482 > 1559 > 1612 > 1616,Clothing & Fashion > Women > Wedding > Other
1482 > 1559 > 1617 > 1618,Clothing & Fashion > Women > Costumes > Angel
1482 > 1559 > 1617 > 1619,Clothing & Fashion > Women > Costumes > Animal
1482 > 1559 > 1617 > 1620,Clothing & Fashion > Women > Costumes > Belly dancer
1482 > 1559 > 1617 > 1621,Clothing & Fashion > Women > Costumes > Bunny
1482 > 1559 > 1617 > 1622,Clothing & Fashion > Women > Costumes > Burlesque
1482 > 1559 > 1617 > 1623,Clothing & Fashion > Women > Costumes > Christmas
1482 > 1559 > 1617 > 1624,Clothing & Fashion > Women > Costumes > Devil
1482 > 1559 > 1617 > 1625,Clothing & Fashion > Women > Costumes > Fairy
1482 > 1559 > 1617 > 1626,Clothing & Fashion > Women > Costumes > Gothic & medieval
1482 > 1559 > 1617 > 1627,Clothing & Fashion > Women > Costumes > Halloween
1482 > 1559 > 1617 > 1628,Clothing & Fashion > Women > Costumes > Indian
1482 > 1559 > 1617 > 1629,Clothing & Fashion > Women > Costumes > Maid
1482 > 1559 > 1617 > 1630,Clothing & Fashion > Women > Costumes > Masks
1482 > 1559 > 1617 > 1631,Clothing & Fashion > Women > Costumes > Nurse
1482 > 1559 > 1617 > 1632,Clothing & Fashion > Women > Costumes > Pirate
1482 > 1559 > 1617 > 1633,Clothing & Fashion > Women > Costumes > Police
1482 > 1559 > 1617 > 1634,Clothing & Fashion > Women > Costumes > Princess
1482 > 1559 > 1617 > 1635,Clothing & Fashion > Women > Costumes > Sailor
1482 > 1559 > 1617 > 1636,Clothing & Fashion > Women > Costumes > Wigs
1482 > 1559 > 1617 > 1637,Clothing & Fashion > Women > Costumes > Witch
1482 > 1559 > 1617 > 1638,Clothing & Fashion > Women > Costumes > Other
1641 > 1646 > 1647 > 1648,Computers > Blank discs & cases > Cases & wallets > 0 - 50 disc
1641 > 1646 > 1647 > 1649,Computers > Blank discs & cases > Cases & wallets > 51 - 100 disc
1641 > 1646 > 1647 > 1650,Computers > Blank discs & cases > Cases & wallets > Over 100 disc
1641 > 1662 > 1664 > 1665,Computers > Components > Cases & power supplies > Cases
1641 > 1662 > 1664 > 1666,Computers > Components > Cases & power supplies > Power supplies
1641 > 1662 > 1667 > 1668,Computers > Components > CD & DVD drives > CD drives
1641 > 1662 > 1667 > 1669,Computers > Components > CD & DVD drives > CD writers
1641 > 1662 > 1667 > 1670,Computers > Components > CD & DVD drives > DVD drives
1641 > 1662 > 1667 > 1671,Computers > Components > CD & DVD drives > DVD writers
1641 > 1662 > 1672 > 1673,Computers > Components > Cooling & fans > Case fans
1641 > 1662 > 1672 > 1674,Computers > Components > Cooling & fans > CPU fans & heatsinks
1641 > 1662 > 1672 > 1675,Computers > Components > Cooling & fans > Fan grills & filters
1641 > 1662 > 1672 > 1676,Computers > Components > Cooling & fans > Thermal compounds
1641 > 1662 > 1672 > 1677,Computers > Components > Cooling & fans > Water cooling
1641 > 1662 > 1672 > 1678,Computers > Components > Cooling & fans > Other
1641 > 1662 > 1679 > 1680,Computers > Components > CPUs > AMD
1641 > 1662 > 1679 > 1681,Computers > Components > CPUs > Intel
1641 > 1662 > 1682 > 1683,Computers > Components > Hard drives > IDE
1641 > 1662 > 1682 > 1684,Computers > Components > Hard drives > Laptop
1641 > 1662 > 1682 > 1685,Computers > Components > Hard drives > SATA
1641 > 1662 > 1682 > 1686,Computers > Components > Hard drives > SCSI
1641 > 1662 > 1682 > 1687,Computers > Components > Hard drives > Other
1641 > 1662 > 1688 > 1689,Computers > Components > Memory (RAM) > 512MB or less
1641 > 1662 > 1688 > 1690,Computers > Components > Memory (RAM) > 1GB
1641 > 1662 > 1688 > 1691,Computers > Components > Memory (RAM) > 2GB
1641 > 1662 > 1688 > 1692,Computers > Components > Memory (RAM) > 4GB
1641 > 1662 > 1688 > 1693,Computers > Components > Memory (RAM) > 8GB
1641 > 1662 > 1688 > 1694,Computers > Components > Memory (RAM) > 16GB or more
1641 > 1662 > 1688 > 1695,Computers > Components > Memory (RAM) > Other
1641 > 1662 > 1696 > 1697,Computers > Components > Motherboards > AMD
1641 > 1662 > 1696 > 1698,Computers > Components > Motherboards > Asus
1641 > 1662 > 1696 > 1699,Computers > Components > Motherboards > Intel
1641 > 1662 > 1696 > 1700,Computers > Components > Motherboards > Other
1641 > 1662 > 1703 > 1704,Computers > Components > Video cards > AGP
1641 > 1662 > 1703 > 1705,Computers > Components > Video cards > PCI-Express
1641 > 1662 > 1703 > 1706,Computers > Components > Video cards > Other
1641 > 1721 > 1722 > 1723,Computers > Laptops > Bags & carry cases > Backpacks
1641 > 1721 > 1722 > 1724,Computers > Laptops > Bags & carry cases > Pouches & sleeves
1641 > 1721 > 1722 > 1725,Computers > Laptops > Bags & carry cases > Satchels & briefcases
1641 > 1721 > 1722 > 1726,Computers > Laptops > Bags & carry cases > Other
1641 > 1721 > 1727 > 1728,Computers > Laptops > Batteries > Acer
1641 > 1721 > 1727 > 1729,Computers > Laptops > Batteries > Apple
1641 > 1721 > 1727 > 1730,Computers > Laptops > Batteries > ASUS
1641 > 1721 > 1727 > 1731,Computers > Laptops > Batteries > Compaq / HP
1641 > 1721 > 1727 > 1732,Computers > Laptops > Batteries > Dell
1641 > 1721 > 1727 > 1733,Computers > Laptops > Batteries > IBM / Lenovo
1641 > 1721 > 1727 > 1734,Computers > Laptops > Batteries > Toshiba
1641 > 1721 > 1727 > 1735,Computers > Laptops > Batteries > Other
1641 > 1721 > 1737 > 1738,Computers > Laptops > Laptops > Acer
1641 > 1721 > 1737 > 1739,Computers > Laptops > Laptops > Apple
1641 > 1721 > 1737 > 1740,Computers > Laptops > Laptops > ASUS
1641 > 1721 > 1737 > 1741,Computers > Laptops > Laptops > Compaq
1641 > 1721 > 1737 > 1742,Computers > Laptops > Laptops > Dell
1641 > 1721 > 1737 > 1743,Computers > Laptops > Laptops > HP
1641 > 1721 > 1737 > 1744,Computers > Laptops > Laptops > IBM
1641 > 1721 > 1737 > 1745,Computers > Laptops > Laptops > Lenovo
1641 > 1721 > 1737 > 1746,Computers > Laptops > Laptops > Sony
1641 > 1721 > 1737 > 1747,Computers > Laptops > Laptops > Toshiba
1641 > 1721 > 1737 > 1748,Computers > Laptops > Laptops > Other
1641 > 1721 > 1751 > 1752,Computers > Laptops > Power adaptors > Acer
1641 > 1721 > 1751 > 1753,Computers > Laptops > Power adaptors > Apple
1641 > 1721 > 1751 > 1754,Computers > Laptops > Power adaptors > ASUS
1641 > 1721 > 1751 > 1755,Computers > Laptops > Power adaptors > Compaq / HP
1641 > 1721 > 1751 > 1756,Computers > Laptops > Power adaptors > Dell
1641 > 1721 > 1751 > 1757,Computers > Laptops > Power adaptors > IBM / Lenovo
1641 > 1721 > 1751 > 1758,Computers > Laptops > Power adaptors > Toshiba
1641 > 1721 > 1751 > 1759,Computers > Laptops > Power adaptors > Universal
1641 > 1721 > 1751 > 1760,Computers > Laptops > Power adaptors > Other
1641 > 1765 > 1771 > 1772,Computers > Networking & modems > Wireless networking > Adaptors
1641 > 1765 > 1771 > 1773,Computers > Networking & modems > Wireless networking > Antennas
1641 > 1765 > 1771 > 1774,Computers > Networking & modems > Wireless networking > Cards
1641 > 1765 > 1771 > 1775,Computers > Networking & modems > Wireless networking > Routers
1641 > 1765 > 1771 > 1776,Computers > Networking & modems > Wireless networking > Other
1641 > 1778 > 1779 > 1780,Computers > Peripherals > Headsets & microphones > Headsets
1641 > 1778 > 1779 > 1781,Computers > Peripherals > Headsets & microphones > Microphones
1641 > 1778 > 1779 > 1782,Computers > Peripherals > Headsets & microphones > Other
1641 > 1778 > 1783 > 1784,Computers > Peripherals > Keyboards > Corded
1641 > 1778 > 1783 > 1785,Computers > Peripherals > Keyboards > Cordless
1641 > 1778 > 1783 > 1786,Computers > Peripherals > Keyboards > Mechanical
1641 > 1778 > 1787 > 1788,Computers > Peripherals > Mice > Corded
1641 > 1778 > 1787 > 1789,Computers > Peripherals > Mice > Cordless
1641 > 1778 > 1791 > 1792,Computers > Peripherals > Speakers > 2.0 (2 speakers)
1641 > 1778 > 1791 > 1793,Computers > Peripherals > Speakers > 2.1 (2 speakers & sub)
1641 > 1778 > 1791 > 1794,Computers > Peripherals > Speakers > 5.1 (5 speakers & sub)
1641 > 1778 > 1791 > 1795,Computers > Peripherals > Speakers > Other
1641 > 1801 > 1802 > 1803,Computers > Printer accessories & supplies > Cartridges > Brother (black)
1641 > 1801 > 1802 > 1804,Computers > Printer accessories & supplies > Cartridges > Brother (colour)
1641 > 1801 > 1802 > 1805,Computers > Printer accessories & supplies > Cartridges > Canon (black)
1641 > 1801 > 1802 > 1806,Computers > Printer accessories & supplies > Cartridges > Canon (colour)
1641 > 1801 > 1802 > 1807,Computers > Printer accessories & supplies > Cartridges > Epson (black)
1641 > 1801 > 1802 > 1808,Computers > Printer accessories & supplies > Cartridges > Epson (colour)
1641 > 1801 > 1802 > 1809,Computers > Printer accessories & supplies > Cartridges > HP (black)
1641 > 1801 > 1802 > 1810,Computers > Printer accessories & supplies > Cartridges > HP (colour)
1641 > 1801 > 1802 > 1811,Computers > Printer accessories & supplies > Cartridges > Other
1641 > 1801 > 1812 > 1813,Computers > Printer accessories & supplies > Laser toner > Black
1641 > 1801 > 1812 > 1814,Computers > Printer accessories & supplies > Laser toner > Colour
1641 > 1801 > 1812 > 1815,Computers > Printer accessories & supplies > Laser toner > Other
1641 > 1823 > 1827 > 1828,Computers > Software > Children & family > Encyclopedias & atlases
1641 > 1823 > 1827 > 1829,Computers > Software > Children & family > Foreign languages
1641 > 1823 > 1827 > 1830,Computers > Software > Children & family > General knowledge
1641 > 1823 > 1827 > 1831,Computers > Software > Children & family > Numbers & maths
1641 > 1823 > 1827 > 1832,Computers > Software > Children & family > Reading & spelling
1641 > 1823 > 1827 > 1833,Computers > Software > Children & family > Science & nature
1641 > 1823 > 1827 > 1834,Computers > Software > Children & family > Other
1641 > 1823 > 1837 > 1838,Computers > Software > Operating systems > Apple
1641 > 1823 > 1837 > 1839,Computers > Software > Operating systems > Linux
1641 > 1823 > 1837 > 1840,Computers > Software > Operating systems > Windows
1641 > 1842 > 1844 > 1845,Computers > Tablets & E-book readers > E-book reader accessories > Cases & covers
1641 > 1842 > 1844 > 1846,Computers > Tablets & E-book readers > E-book reader accessories > Chargers & cables
1641 > 1842 > 1844 > 1847,Computers > Tablets & E-book readers > E-book reader accessories > Screen protectors
1641 > 1842 > 1844 > 1848,Computers > Tablets & E-book readers > E-book reader accessories > Other
1641 > 1842 > 1849 > 1850,Computers > Tablets & E-book readers > iPads > iPad 1
1641 > 1842 > 1849 > 1851,Computers > Tablets & E-book readers > iPads > iPad 2
1641 > 1842 > 1849 > 1852,Computers > Tablets & E-book readers > iPads > iPad 3
1641 > 1842 > 1849 > 1853,Computers > Tablets & E-book readers > iPads > iPad 4
1641 > 1842 > 1849 > 1854,Computers > Tablets & E-book readers > iPads > iPad 5
1641 > 1842 > 1849 > 1855,Computers > Tablets & E-book readers > iPads > iPad 6
1641 > 1842 > 1849 > 1856,Computers > Tablets & E-book readers > iPads > iPad 7
1641 > 1842 > 1849 > 1857,Computers > Tablets & E-book readers > iPads > iPad 8
1641 > 1842 > 1849 > 1858,Computers > Tablets & E-book readers > iPads > iPad Air
1641 > 1842 > 1849 > 1859,Computers > Tablets & E-book readers > iPads > iPad Mini
1641 > 1842 > 1849 > 1860,Computers > Tablets & E-book readers > iPads > Other
1641 > 1842 > 1861 > 1862,"Computers > Tablets & E-book readers > iPad accessories > Cases, bags & protectors"
1641 > 1842 > 1861 > 1863,Computers > Tablets & E-book readers > iPad accessories > Chargers & cables
1641 > 1842 > 1861 > 1864,Computers > Tablets & E-book readers > iPad accessories > Docks & stands
1641 > 1842 > 1861 > 1865,Computers > Tablets & E-book readers > iPad accessories > Pens
1641 > 1842 > 1866 > 1867,Computers > Tablets & E-book readers > iPad components > Screens
1641 > 1842 > 1866 > 1868,Computers > Tablets & E-book readers > iPad components > Tools & repair kits
1641 > 1842 > 1866 > 1869,Computers > Tablets & E-book readers > iPad components > Other
1641 > 1842 > 1871 > 1872,Computers > Tablets & E-book readers > Tablet accessories > Cases & covers
1641 > 1842 > 1871 > 1873,Computers > Tablets & E-book readers > Tablet accessories > Chargers & cables
1641 > 1842 > 1871 > 1874,Computers > Tablets & E-book readers > Tablet accessories > Screen protectors
1641 > 1842 > 1871 > 1875,Computers > Tablets & E-book readers > Tablet accessories > Other
1878 > 1901 > 1903 > 1904,Crafts > Fabric > Cotton > Animals
1878 > 1901 > 1903 > 1905,Crafts > Fabric > Cotton > Floral
1878 > 1901 > 1903 > 1906,Crafts > Fabric > Cotton > Kids & cartoon
1878 > 1901 > 1903 > 1907,Crafts > Fabric > Cotton > Plain
1878 > 1901 > 1903 > 1908,Crafts > Fabric > Cotton > Other
1878 > 1927 > 1928 > 1929,Crafts > Jewellery making & beading > Beads > Acrylic
1878 > 1927 > 1928 > 1930,Crafts > Jewellery making & beading > Beads > Charms
1878 > 1927 > 1928 > 1931,Crafts > Jewellery making & beading > Beads > Crystal
1878 > 1927 > 1928 > 1932,Crafts > Jewellery making & beading > Beads > Gemstones
1878 > 1927 > 1928 > 1933,Crafts > Jewellery making & beading > Beads > Glass
1878 > 1927 > 1928 > 1934,Crafts > Jewellery making & beading > Beads > Lampwork
1878 > 1927 > 1928 > 1935,Crafts > Jewellery making & beading > Beads > Metal
1878 > 1927 > 1928 > 1936,Crafts > Jewellery making & beading > Beads > Shell & pearls
1878 > 1927 > 1928 > 1937,Crafts > Jewellery making & beading > Beads > Other
1878 > 1950 > 1953 > 1954,Crafts > Mosaics > Tiles > Ceramic
1878 > 1950 > 1953 > 1955,Crafts > Mosaics > Tiles > Crystal
1878 > 1950 > 1953 > 1956,Crafts > Mosaics > Tiles > Goldlink
1878 > 1950 > 1953 > 1957,Crafts > Mosaics > Tiles > Irridescent
1878 > 1950 > 1953 > 1958,Crafts > Mosaics > Tiles > Mirror
1878 > 1950 > 1953 > 1959,Crafts > Mosaics > Tiles > Spectrum
1878 > 1950 > 1953 > 1960,Crafts > Mosaics > Tiles > Vitreous glass
1878 > 1950 > 1953 > 1961,Crafts > Mosaics > Tiles > Other
1878 > 1966 > 1967 > 1968,Crafts > Quilting > Fabric > Animals
1878 > 1966 > 1967 > 1969,Crafts > Quilting > Fabric > Flowers & plants
1878 > 1966 > 1967 > 1970,Crafts > Quilting > Fabric > Kids & cartoon
1878 > 1966 > 1967 > 1971,Crafts > Quilting > Fabric > Landscape
1878 > 1966 > 1967 > 1972,Crafts > Quilting > Fabric > Other
1878 > 1977 > 1979 > 1980,Crafts > Scrapbooking > Card & paper > Cardstock
1878 > 1977 > 1979 > 1981,Crafts > Scrapbooking > Card & paper > Vellum
1878 > 1977 > 1979 > 1982,Crafts > Scrapbooking > Card & paper > Other
1878 > 1977 > 1983 > 1984,"Crafts > Scrapbooking > Embellishment > Alphabet, words & numbers"
1878 > 1977 > 1983 > 1985,Crafts > Scrapbooking > Embellishment > Brads
1878 > 1977 > 1983 > 1986,Crafts > Scrapbooking > Embellishment > Buttons & beads
1878 > 1977 > 1983 > 1987,Crafts > Scrapbooking > Embellishment > Charms
1878 > 1977 > 1983 > 1988,Crafts > Scrapbooking > Embellishment > Die cuts & punchies
1878 > 1977 > 1983 > 1989,Crafts > Scrapbooking > Embellishment > Eyelets
1878 > 1977 > 1983 > 1990,Crafts > Scrapbooking > Embellishment > Fabric & Fibre
1878 > 1977 > 1983 > 1991,Crafts > Scrapbooking > Embellishment > Framing
1878 > 1977 > 1983 > 1992,Crafts > Scrapbooking > Embellishment > Page pebbles
1878 > 1977 > 1983 > 1993,Crafts > Scrapbooking > Embellishment > Ribbons & twill
1878 > 1977 > 1983 > 1994,Crafts > Scrapbooking > Embellishment > Rub-Ons
1878 > 1977 > 1983 > 1995,Crafts > Scrapbooking > Embellishment > Tags
1878 > 1977 > 1983 > 1996,Crafts > Scrapbooking > Embellishment > Words
1878 > 1977 > 1983 > 1997,Crafts > Scrapbooking > Embellishment > Other
1878 > 1977 > 2000 > 2001,Crafts > Scrapbooking > Stickers > Alphabet & numbers
1878 > 1977 > 2000 > 2002,Crafts > Scrapbooking > Stickers > Baby
1878 > 1977 > 2000 > 2003,Crafts > Scrapbooking > Stickers > Cartoons
1878 > 1977 > 2000 > 2004,Crafts > Scrapbooking > Stickers > Flora & fauna
1878 > 1977 > 2000 > 2005,Crafts > Scrapbooking > Stickers > Special occasions
1878 > 1977 > 2000 > 2006,Crafts > Scrapbooking > Stickers > Symbols & shapes
1878 > 1977 > 2000 > 2007,Crafts > Scrapbooking > Stickers > Other
1878 > 1977 > 2008 > 2009,Crafts > Scrapbooking > Tools > Dies & die cut machines
1878 > 1977 > 2008 > 2010,"Crafts > Scrapbooking > Tools > Scissors, cutters & punches"
1878 > 1977 > 2008 > 2011,Crafts > Scrapbooking > Tools > Staplers & staple bars
1878 > 1977 > 2008 > 2012,Crafts > Scrapbooking > Tools > Templates & stencils
1878 > 1977 > 2008 > 2013,Crafts > Scrapbooking > Tools > Other
1878 > 2015 > 2018 > 2019,Crafts > Sewing > Machine accessories > Bobbins & cases
1878 > 2015 > 2018 > 2020,Crafts > Sewing > Machine accessories > Feet
1878 > 2015 > 2018 > 2021,Crafts > Sewing > Machine accessories > Needles
1878 > 2015 > 2018 > 2022,Crafts > Sewing > Machine accessories > Other
1878 > 2015 > 2023 > 2024,Crafts > Sewing > Patterns > Children & babies
1878 > 2015 > 2023 > 2025,Crafts > Sewing > Patterns > Dresses
1878 > 2015 > 2023 > 2026,Crafts > Sewing > Patterns > Menswear
1878 > 2015 > 2023 > 2027,Crafts > Sewing > Patterns > Skirts
1878 > 2015 > 2023 > 2028,"Crafts > Sewing > Patterns > Tops, shirts & blouses"
1878 > 2015 > 2023 > 2029,Crafts > Sewing > Patterns > Women's jackets
1878 > 2015 > 2023 > 2030,Crafts > Sewing > Patterns > Women's pants
1878 > 2015 > 2023 > 2031,Crafts > Sewing > Patterns > Other
2045 > 2046 > 2047 > 2048,Electronics-photography > Batteries > Disposable > AA
2045 > 2046 > 2047 > 2049,Electronics-photography > Batteries > Disposable > AAA
2045 > 2046 > 2047 > 2050,Electronics-photography > Batteries > Disposable > Other
2045 > 2046 > 2051 > 2052,Electronics-photography > Batteries > Rechargeable > AA
2045 > 2046 > 2051 > 2053,Electronics-photography > Batteries > Rechargeable > AAA
2045 > 2046 > 2051 > 2054,Electronics-photography > Batteries > Rechargeable > Chargers
2045 > 2046 > 2051 > 2055,Electronics-photography > Batteries > Rechargeable > Other
2045 > 2060 > 2061 > 2062,Electronics-photography > Camera accessories > Bags & cases > Backpacks
2045 > 2060 > 2061 > 2063,Electronics-photography > Camera accessories > Bags & cases > Compact cases & pouches
2045 > 2060 > 2061 > 2064,Electronics-photography > Camera accessories > Bags & cases > Shoulder & carry bags
2045 > 2060 > 2061 > 2065,Electronics-photography > Camera accessories > Bags & cases > Other
2045 > 2060 > 2066 > 2067,Electronics-photography > Camera accessories > Batteries > Canon
2045 > 2060 > 2066 > 2068,Electronics-photography > Camera accessories > Batteries > Fuji
2045 > 2060 > 2066 > 2069,Electronics-photography > Camera accessories > Batteries > Kodak
2045 > 2060 > 2066 > 2070,Electronics-photography > Camera accessories > Batteries > Nikon
2045 > 2060 > 2066 > 2071,Electronics-photography > Camera accessories > Batteries > Olympus
2045 > 2060 > 2066 > 2072,Electronics-photography > Camera accessories > Batteries > Panasonic
2045 > 2060 > 2066 > 2073,Electronics-photography > Camera accessories > Batteries > Samsung
2045 > 2060 > 2066 > 2074,Electronics-photography > Camera accessories > Batteries > Sony
2045 > 2060 > 2066 > 2075,Electronics-photography > Camera accessories > Batteries > Other
2045 > 2060 > 2076 > 2077,Electronics-photography > Camera accessories > Battery chargers > Canon
2045 > 2060 > 2076 > 2078,Electronics-photography > Camera accessories > Battery chargers > Nikon
2045 > 2060 > 2076 > 2079,Electronics-photography > Camera accessories > Battery chargers > Olympus
2045 > 2060 > 2076 > 2080,Electronics-photography > Camera accessories > Battery chargers > Panasonic
2045 > 2060 > 2076 > 2081,Electronics-photography > Camera accessories > Battery chargers > Sony
2045 > 2060 > 2076 > 2082,Electronics-photography > Camera accessories > Battery chargers > Other
2045 > 2060 > 2085 > 2086,Electronics-photography > Camera accessories > Flashes > Canon
2045 > 2060 > 2085 > 2087,Electronics-photography > Camera accessories > Flashes > Nikon
2045 > 2060 > 2085 > 2088,Electronics-photography > Camera accessories > Flashes > Olympus
2045 > 2060 > 2085 > 2089,Electronics-photography > Camera accessories > Flashes > Panasonic
2045 > 2060 > 2085 > 2090,Electronics-photography > Camera accessories > Flashes > Pentax
2045 > 2060 > 2085 > 2091,Electronics-photography > Camera accessories > Flashes > Other
2045 > 2060 > 2092 > 2093,Electronics-photography > Camera accessories > Lenses > Canon
2045 > 2060 > 2092 > 2094,Electronics-photography > Camera accessories > Lenses > Mount adapters
2045 > 2060 > 2092 > 2095,Electronics-photography > Camera accessories > Lenses > Nikon
2045 > 2060 > 2092 > 2096,Electronics-photography > Camera accessories > Lenses > Olympus
2045 > 2060 > 2092 > 2097,Electronics-photography > Camera accessories > Lenses > Panasonic
2045 > 2060 > 2092 > 2098,Electronics-photography > Camera accessories > Lenses > Pentax
2045 > 2060 > 2092 > 2099,Electronics-photography > Camera accessories > Lenses > Sigma
2045 > 2060 > 2092 > 2100,Electronics-photography > Camera accessories > Lenses > Sony
2045 > 2060 > 2092 > 2101,Electronics-photography > Camera accessories > Lenses > Other
2045 > 2108 > 2109 > 2110,Electronics-photography > Digital cameras > Digital SLR > Canon
2045 > 2108 > 2109 > 2111,Electronics-photography > Digital cameras > Digital SLR > Fujifilm
2045 > 2108 > 2109 > 2112,Electronics-photography > Digital cameras > Digital SLR > Nikon
2045 > 2108 > 2109 > 2113,Electronics-photography > Digital cameras > Digital SLR > Sony
2045 > 2108 > 2109 > 2114,Electronics-photography > Digital cameras > Digital SLR > Other
2045 > 2108 > 2115 > 2116,Electronics-photography > Digital cameras > Point & shoot > 3 megapixel or less
2045 > 2108 > 2115 > 2117,Electronics-photography > Digital cameras > Point & shoot > 4 - 5.9 megapixel
2045 > 2108 > 2115 > 2118,Electronics-photography > Digital cameras > Point & shoot > 6 - 7.9 megapixel
2045 > 2108 > 2115 > 2119,Electronics-photography > Digital cameras > Point & shoot > 8 - 9.9 megapixel
2045 > 2108 > 2115 > 2120,Electronics-photography > Digital cameras > Point & shoot > 10 - 10.9 megapixel
2045 > 2108 > 2115 > 2121,Electronics-photography > Digital cameras > Point & shoot > 11 - 11.9 megapixel
2045 > 2108 > 2115 > 2122,Electronics-photography > Digital cameras > Point & shoot > 12 megapixel or more
2045 > 2124 > 2126 > 2127,Electronics-photography > DVD & Blu-ray players > DVD players > Portable
2045 > 2124 > 2126 > 2128,Electronics-photography > DVD & Blu-ray players > DVD players > Standard
2045 > 2145 > 2153 > 2154,Electronics-photography > Home audio > Speakers and stands > Floor speakers
2045 > 2145 > 2153 > 2155,Electronics-photography > Home audio > Speakers and stands > Home theatre sets
2045 > 2145 > 2153 > 2156,Electronics-photography > Home audio > Speakers and stands > Stands
2045 > 2145 > 2153 > 2157,Electronics-photography > Home audio > Speakers and stands > Subs
2045 > 2145 > 2153 > 2158,Electronics-photography > Home audio > Speakers and stands > Wall speakers
2045 > 2145 > 2153 > 2159,Electronics-photography > Home audio > Speakers and stands > Other
2045 > 2163 > 2169 > 2170,Electronics-photography > iPod & MP3 accessories > Chargers > Car
2045 > 2163 > 2169 > 2171,Electronics-photography > iPod & MP3 accessories > Chargers > Solar
2045 > 2163 > 2169 > 2172,Electronics-photography > iPod & MP3 accessories > Chargers > USB
2045 > 2163 > 2169 > 2173,Electronics-photography > iPod & MP3 accessories > Chargers > Wall
2045 > 2163 > 2169 > 2174,Electronics-photography > iPod & MP3 accessories > Chargers > Other
2045 > 2196 > 2198 > 2199,Electronics-photography > Memory cards > CompactFlash > 2G and under
2045 > 2196 > 2198 > 2200,Electronics-photography > Memory cards > CompactFlash > 4G
2045 > 2196 > 2198 > 2201,Electronics-photography > Memory cards > CompactFlash > 8G
2045 > 2196 > 2198 > 2202,Electronics-photography > Memory cards > CompactFlash > 16G and over
2045 > 2196 > 2203 > 2204,Electronics-photography > Memory cards > Memory Stick > 2G and under
2045 > 2196 > 2203 > 2205,Electronics-photography > Memory cards > Memory Stick > 4G
2045 > 2196 > 2203 > 2206,Electronics-photography > Memory cards > Memory Stick > 8G
2045 > 2196 > 2203 > 2207,Electronics-photography > Memory cards > Memory Stick > 16G and over
2045 > 2196 > 2208 > 2209,Electronics-photography > Memory cards > SD media > 512MB and under
2045 > 2196 > 2208 > 2210,Electronics-photography > Memory cards > SD media > 1G
2045 > 2196 > 2208 > 2211,Electronics-photography > Memory cards > SD media > 2G
2045 > 2196 > 2208 > 2212,Electronics-photography > Memory cards > SD media > 4G
2045 > 2196 > 2208 > 2213,Electronics-photography > Memory cards > SD media > 8G
2045 > 2196 > 2208 > 2214,Electronics-photography > Memory cards > SD media > 16G and over
2045 > 2240 > 2242 > 2243,Electronics-photography > TVs > LCD > Under 20''
2045 > 2240 > 2242 > 2244,Electronics-photography > TVs > LCD > 20-29''
2045 > 2240 > 2242 > 2245,Electronics-photography > TVs > LCD > 30-39''
2045 > 2240 > 2242 > 2246,Electronics-photography > TVs > LCD > 40-49''
2045 > 2240 > 2242 > 2247,Electronics-photography > TVs > LCD > 50-60''
2045 > 2240 > 2242 > 2248,Electronics-photography > TVs > LCD > More than 60''
2045 > 2240 > 2249 > 2250,Electronics-photography > TVs > LED > Under 20''
2045 > 2240 > 2249 > 2251,Electronics-photography > TVs > LED > 20-29''
2045 > 2240 > 2249 > 2252,Electronics-photography > TVs > LED > 30-39''
2045 > 2240 > 2249 > 2253,Electronics-photography > TVs > LED > 40-49''
2045 > 2240 > 2249 > 2254,Electronics-photography > TVs > LED > 50-60''
2045 > 2240 > 2249 > 2255,Electronics-photography > TVs > LED > More than 60''
2045 > 2240 > 2256 > 2257,Electronics-photography > TVs > Plasma > Under 40''
2045 > 2240 > 2256 > 2258,Electronics-photography > TVs > Plasma > 40-49''
2045 > 2240 > 2256 > 2259,Electronics-photography > TVs > Plasma > 50-60''
2045 > 2240 > 2256 > 2260,Electronics-photography > TVs > Plasma > More than 60''
2045 > 2268 > 2269 > 2270,Electronics-photography > Video cameras > Accessories > Batteries
2045 > 2268 > 2269 > 2271,Electronics-photography > Video cameras > Accessories > Cables
2045 > 2268 > 2269 > 2272,Electronics-photography > Video cameras > Accessories > Mounts
2045 > 2268 > 2269 > 2273,Electronics-photography > Video cameras > Accessories > Other
2045 > 2280 > 2286 > 2287,Electronics-photography > Other electronics > Electronic components > LEDs
2045 > 2280 > 2286 > 2288,Electronics-photography > Other electronics > Electronic components > Resistors
2045 > 2280 > 2286 > 2289,Electronics-photography > Other electronics > Electronic components > Sensors
2045 > 2280 > 2286 > 2290,Electronics-photography > Other electronics > Electronic components > Switches
2045 > 2280 > 2286 > 2291,Electronics-photography > Other electronics > Electronic components > Wire
2045 > 2280 > 2286 > 2292,Electronics-photography > Other electronics > Electronic components > Other
2306 > 2312 > 2313 > 2314,Gaming > Nintendo DS > Accessories > Cases & skins
2306 > 2312 > 2313 > 2315,Gaming > Nintendo DS > Accessories > Chargers
2306 > 2312 > 2313 > 2316,Gaming > Nintendo DS > Accessories > Memory & storage
2306 > 2312 > 2313 > 2317,Gaming > Nintendo DS > Accessories > Screen protectors
2306 > 2312 > 2313 > 2318,Gaming > Nintendo DS > Accessories > Styluses
2306 > 2312 > 2313 > 2319,Gaming > Nintendo DS > Accessories > Other
2306 > 2339 > 2340 > 2341,Gaming > Other Nintendo > Gameboy > Consoles & accessories
2306 > 2339 > 2340 > 2342,Gaming > Other Nintendo > Gameboy > Games
2306 > 2339 > 2343 > 2344,Gaming > Other Nintendo > Gamecube > Accessories
2306 > 2339 > 2343 > 2345,Gaming > Other Nintendo > Gamecube > Consoles
2306 > 2339 > 2343 > 2346,Gaming > Other Nintendo > Gamecube > Games
2306 > 2339 > 2347 > 2348,Gaming > Other Nintendo > N64 > Accessories
2306 > 2339 > 2347 > 2349,Gaming > Other Nintendo > N64 > Consoles
2306 > 2339 > 2347 > 2350,Gaming > Other Nintendo > N64 > Games
2306 > 2339 > 2351 > 2352,Gaming > Other Nintendo > Nintendo GBA > Accessories
2306 > 2339 > 2351 > 2353,Gaming > Other Nintendo > Nintendo GBA > Consoles
2306 > 2339 > 2351 > 2354,Gaming > Other Nintendo > Nintendo GBA > Games
2306 > 2368 > 2369 > 2370,Gaming > PlayStation > Accessories > Cables & leads
2306 > 2368 > 2369 > 2371,Gaming > PlayStation > Accessories > Controllers
2306 > 2368 > 2369 > 2372,Gaming > PlayStation > Accessories > Memory cards
2306 > 2368 > 2369 > 2373,Gaming > PlayStation > Accessories > Other
2306 > 2368 > 2375 > 2376,Gaming > PlayStation > Games > Action & adventure
2306 > 2368 > 2375 > 2377,Gaming > PlayStation > Games > Children & family
2306 > 2368 > 2375 > 2378,Gaming > PlayStation > Games > Driving & racing
2306 > 2368 > 2375 > 2379,Gaming > PlayStation > Games > Fighting
2306 > 2368 > 2375 > 2380,Gaming > PlayStation > Games > Kids & educational
2306 > 2368 > 2375 > 2381,Gaming > PlayStation > Games > Role playing
2306 > 2368 > 2375 > 2382,Gaming > PlayStation > Games > Shooter
2306 > 2368 > 2375 > 2383,Gaming > PlayStation > Games > Sports
2306 > 2368 > 2375 > 2384,Gaming > PlayStation > Games > Strategy & puzzle
2306 > 2368 > 2375 > 2385,Gaming > PlayStation > Games > Other
2306 > 2386 > 2387 > 2388,Gaming > PlayStation 2 > Accessories > Cables & leads
2306 > 2386 > 2387 > 2389,Gaming > PlayStation 2 > Accessories > Controllers
2306 > 2386 > 2387 > 2390,Gaming > PlayStation 2 > Accessories > Memory cards
2306 > 2386 > 2387 > 2391,Gaming > PlayStation 2 > Accessories > Multitaps & adaptors
2306 > 2386 > 2387 > 2392,Gaming > PlayStation 2 > Accessories > Parts & modchips
2306 > 2386 > 2387 > 2393,Gaming > PlayStation 2 > Accessories > Other
2306 > 2386 > 2395 > 2396,Gaming > PlayStation 2 > Games > Action & adventure
2306 > 2386 > 2395 > 2397,Gaming > PlayStation 2 > Games > Driving & racing
2306 > 2386 > 2395 > 2398,Gaming > PlayStation 2 > Games > Fighting
2306 > 2386 > 2395 > 2399,Gaming > PlayStation 2 > Games > Kids & educational
2306 > 2386 > 2395 > 2400,Gaming > PlayStation 2 > Games > Music & party
2306 > 2386 > 2395 > 2401,Gaming > PlayStation 2 > Games > Role playing
2306 > 2386 > 2395 > 2402,Gaming > PlayStation 2 > Games > Shooter
2306 > 2386 > 2395 > 2403,Gaming > PlayStation 2 > Games > Simulation
2306 > 2386 > 2395 > 2404,Gaming > PlayStation 2 > Games > Sports
2306 > 2386 > 2395 > 2405,Gaming > PlayStation 2 > Games > Strategy & puzzle
2306 > 2386 > 2395 > 2406,Gaming > PlayStation 2 > Games > Other
2306 > 2407 > 2408 > 2409,Gaming > PlayStation 3 > Accessories > Cables & leads
2306 > 2407 > 2408 > 2410,Gaming > PlayStation 3 > Accessories > Controllers
2306 > 2407 > 2408 > 2411,Gaming > PlayStation 3 > Accessories > Skins
2306 > 2407 > 2408 > 2412,Gaming > PlayStation 3 > Accessories > Other
2306 > 2407 > 2414 > 2415,Gaming > PlayStation 3 > Games > Action & adventure
2306 > 2407 > 2414 > 2416,Gaming > PlayStation 3 > Games > Driving & racing
2306 > 2407 > 2414 > 2417,Gaming > PlayStation 3 > Games > Fighting
2306 > 2407 > 2414 > 2418,Gaming > PlayStation 3 > Games > Music & party
2306 > 2407 > 2414 > 2419,Gaming > PlayStation 3 > Games > Role playing
2306 > 2407 > 2414 > 2420,Gaming > PlayStation 3 > Games > Shooter
2306 > 2407 > 2414 > 2421,Gaming > PlayStation 3 > Games > Sports
2306 > 2407 > 2414 > 2422,Gaming > PlayStation 3 > Games > Strategy & puzzle
2306 > 2407 > 2414 > 2423,Gaming > PlayStation 3 > Games > Other
2306 > 2432 > 2433 > 2434,Gaming > PSP > Accessories > Battery packs & chargers
2306 > 2432 > 2433 > 2435,Gaming > PSP > Accessories > Cables & leads
2306 > 2432 > 2433 > 2436,Gaming > PSP > Accessories > Cases & pouches
2306 > 2432 > 2433 > 2437,Gaming > PSP > Accessories > Faceplates & screen protectors
2306 > 2432 > 2433 > 2438,Gaming > PSP > Accessories > Skins
2306 > 2432 > 2433 > 2439,Gaming > PSP > Accessories > Speakers & remotes
2306 > 2432 > 2433 > 2440,Gaming > PSP > Accessories > Other
2306 > 2432 > 2442 > 2443,Gaming > PSP > Games > Action & adventure
2306 > 2432 > 2442 > 2444,Gaming > PSP > Games > Driving & racing
2306 > 2432 > 2442 > 2445,Gaming > PSP > Games > Fighting
2306 > 2432 > 2442 > 2446,Gaming > PSP > Games > Role playing
2306 > 2432 > 2442 > 2447,Gaming > PSP > Games > Shooter
2306 > 2432 > 2442 > 2448,Gaming > PSP > Games > Sports
2306 > 2432 > 2442 > 2449,Gaming > PSP > Games > Strategy & puzzle
2306 > 2432 > 2442 > 2450,Gaming > PSP > Games > Other
2306 > 2462 > 2465 > 2466,Gaming > Trading cards > Magic > Individual cards
2306 > 2462 > 2465 > 2467,Gaming > Trading cards > Magic > Sealed packs & boxes
2306 > 2462 > 2465 > 2468,Gaming > Trading cards > Magic > Other
2306 > 2462 > 2471 > 2472,Gaming > Trading cards > Yu-gi-oh > Individual cards
2306 > 2462 > 2471 > 2473,Gaming > Trading cards > Yu-gi-oh > Sealed packs & boxes
2306 > 2462 > 2471 > 2474,Gaming > Trading cards > Yu-gi-oh > Sets
2306 > 2462 > 2471 > 2475,Gaming > Trading cards > Yu-gi-oh > Other
2306 > 2482 > 2483 > 2484,Gaming > Xbox > Accessories > Cables & leads
2306 > 2482 > 2483 > 2485,Gaming > Xbox > Accessories > Controllers
2306 > 2482 > 2483 > 2486,Gaming > Xbox > Accessories > Other
2306 > 2482 > 2488 > 2489,Gaming > Xbox > Games > Action & adventure
2306 > 2482 > 2488 > 2490,Gaming > Xbox > Games > Driving & racing
2306 > 2482 > 2488 > 2491,Gaming > Xbox > Games > Fighting
2306 > 2482 > 2488 > 2492,Gaming > Xbox > Games > Kids & educational
2306 > 2482 > 2488 > 2493,Gaming > Xbox > Games > Music & party
2306 > 2482 > 2488 > 2494,Gaming > Xbox > Games > Role playing
2306 > 2482 > 2488 > 2495,Gaming > Xbox > Games > Shooter
2306 > 2482 > 2488 > 2496,Gaming > Xbox > Games > Sports
2306 > 2482 > 2488 > 2497,Gaming > Xbox > Games > Strategy & puzzle
2306 > 2482 > 2488 > 2498,Gaming > Xbox > Games > Other
2306 > 2499 > 2500 > 2501,Gaming > Xbox 360 > Accessories > Cables & leads
2306 > 2499 > 2500 > 2502,Gaming > Xbox 360 > Accessories > Controllers
2306 > 2499 > 2500 > 2503,Gaming > Xbox 360 > Accessories > Headsets
2306 > 2499 > 2500 > 2504,Gaming > Xbox 360 > Accessories > Memory
2306 > 2499 > 2500 > 2505,Gaming > Xbox 360 > Accessories > Other
2306 > 2499 > 2507 > 2508,Gaming > Xbox 360 > Games > Action & adventure
2306 > 2499 > 2507 > 2509,Gaming > Xbox 360 > Games > Driving & racing
2306 > 2499 > 2507 > 2510,Gaming > Xbox 360 > Games > Fighting
2306 > 2499 > 2507 > 2511,Gaming > Xbox 360 > Games > Kids & educational
2306 > 2499 > 2507 > 2512,Gaming > Xbox 360 > Games > Music & party
2306 > 2499 > 2507 > 2513,Gaming > Xbox 360 > Games > Role playing
2306 > 2499 > 2507 > 2514,Gaming > Xbox 360 > Games > Shooter
2306 > 2499 > 2507 > 2515,Gaming > Xbox 360 > Games > Simulation
2306 > 2499 > 2507 > 2516,Gaming > Xbox 360 > Games > Sports
2306 > 2499 > 2507 > 2517,Gaming > Xbox 360 > Games > Strategy & puzzle
2306 > 2499 > 2507 > 2518,Gaming > Xbox 360 > Games > Other
2528 > 2543 > 2545 > 2546,Health-beauty > Face care > Cleansers > Avon
2528 > 2543 > 2545 > 2547,Health-beauty > Face care > Cleansers > Clarins
2528 > 2543 > 2545 > 2548,Health-beauty > Face care > Cleansers > Clinique
2528 > 2543 > 2545 > 2549,Health-beauty > Face care > Cleansers > Dermalogica
2528 > 2543 > 2545 > 2550,Health-beauty > Face care > Cleansers > Elizabeth Arden
2528 > 2543 > 2545 > 2551,Health-beauty > Face care > Cleansers > Lancome
2528 > 2543 > 2545 > 2552,Health-beauty > Face care > Cleansers > Shiseido
2528 > 2543 > 2545 > 2553,Health-beauty > Face care > Cleansers > Other
2528 > 2543 > 2559 > 2560,Health-beauty > Face care > Moisturisers > Anew
2528 > 2543 > 2559 > 2561,Health-beauty > Face care > Moisturisers > Avon
2528 > 2543 > 2559 > 2562,Health-beauty > Face care > Moisturisers > Clarins
2528 > 2543 > 2559 > 2563,Health-beauty > Face care > Moisturisers > Clinique
2528 > 2543 > 2559 > 2564,Health-beauty > Face care > Moisturisers > Dermalogica
2528 > 2543 > 2559 > 2565,Health-beauty > Face care > Moisturisers > Elizabeth Arden
2528 > 2543 > 2559 > 2566,Health-beauty > Face care > Moisturisers > Estee Lauder
2528 > 2543 > 2559 > 2567,Health-beauty > Face care > Moisturisers > Lancome
2528 > 2543 > 2559 > 2568,Health-beauty > Face care > Moisturisers > Shiseido
2528 > 2543 > 2559 > 2569,Health-beauty > Face care > Moisturisers > Other
2528 > 2576 > 2577 > 2578,Health-beauty > Glasses & contacts > Contact lenses > Colours & fashion
2528 > 2576 > 2577 > 2579,Health-beauty > Glasses & contacts > Contact lenses > Contact accessories
2528 > 2576 > 2577 > 2580,Health-beauty > Glasses & contacts > Contact lenses > Daily
2528 > 2576 > 2577 > 2581,Health-beauty > Glasses & contacts > Contact lenses > Fortnightly
2528 > 2576 > 2577 > 2582,Health-beauty > Glasses & contacts > Contact lenses > Monthly
2528 > 2576 > 2577 > 2583,Health-beauty > Glasses & contacts > Contact lenses > Other
2528 > 2594 > 2596 > 2597,Health-beauty > Hair care products > Hair colour & dye > Auburn & red
2528 > 2594 > 2596 > 2598,Health-beauty > Hair care products > Hair colour & dye > Blonde
2528 > 2594 > 2596 > 2599,Health-beauty > Hair care products > Hair colour & dye > Brown
2528 > 2594 > 2596 > 2600,Health-beauty > Hair care products > Hair colour & dye > Other
2528 > 2594 > 2602 > 2603,Health-beauty > Hair care products > Styling products > Anti-frizz products
2528 > 2594 > 2602 > 2604,Health-beauty > Hair care products > Styling products > Gel & mousse
2528 > 2594 > 2602 > 2605,Health-beauty > Hair care products > Styling products > Hair spray
2528 > 2594 > 2602 > 2606,Health-beauty > Hair care products > Styling products > Wax & creams
2528 > 2594 > 2602 > 2607,Health-beauty > Hair care products > Styling products > Other
2528 > 2615 > 2621 > 2622,Health-beauty > Hand & foot care > Nail care > Brushes
2528 > 2615 > 2621 > 2623,Health-beauty > Hand & foot care > Nail care > Files & buffers
2528 > 2615 > 2621 > 2624,Health-beauty > Hand & foot care > Nail care > Lamps
2528 > 2615 > 2621 > 2625,Health-beauty > Hand & foot care > Nail care > Oils
2528 > 2615 > 2621 > 2626,Health-beauty > Hand & foot care > Nail care > Sets
2528 > 2615 > 2621 > 2627,Health-beauty > Hand & foot care > Nail care > Tips
2528 > 2615 > 2621 > 2628,Health-beauty > Hand & foot care > Nail care > Other
2528 > 2615 > 2629 > 2630,Health-beauty > Hand & foot care > Nail polish > OPI
2528 > 2615 > 2629 > 2631,Health-beauty > Hand & foot care > Nail polish > Orly
2528 > 2615 > 2629 > 2632,Health-beauty > Hand & foot care > Nail polish > Revlon
2528 > 2615 > 2629 > 2633,Health-beauty > Hand & foot care > Nail polish > Other
2528 > 2636 > 2642 > 2643,Health-beauty > Makeup > Eyeliner > Mac
2528 > 2636 > 2642 > 2644,Health-beauty > Makeup > Eyeliner > Maybelline
2528 > 2636 > 2642 > 2645,Health-beauty > Makeup > Eyeliner > Revlon
2528 > 2636 > 2642 > 2646,Health-beauty > Makeup > Eyeliner > Other
2528 > 2636 > 2647 > 2648,Health-beauty > Makeup > Eyeshadow > Avon
2528 > 2636 > 2647 > 2649,Health-beauty > Makeup > Eyeshadow > Clinique
2528 > 2636 > 2647 > 2650,Health-beauty > Makeup > Eyeshadow > Estee Lauder
2528 > 2636 > 2647 > 2651,Health-beauty > Makeup > Eyeshadow > L'Oreal
2528 > 2636 > 2647 > 2652,Health-beauty > Makeup > Eyeshadow > Lancome
2528 > 2636 > 2647 > 2653,Health-beauty > Makeup > Eyeshadow > Mac
2528 > 2636 > 2647 > 2654,Health-beauty > Makeup > Eyeshadow > Maybelline
2528 > 2636 > 2647 > 2655,Health-beauty > Makeup > Eyeshadow > Mixed palettes
2528 > 2636 > 2647 > 2656,Health-beauty > Makeup > Eyeshadow > Revlon
2528 > 2636 > 2647 > 2657,Health-beauty > Makeup > Eyeshadow > Other
2528 > 2636 > 2659 > 2660,Health-beauty > Makeup > Foundation > Cream foundation
2528 > 2636 > 2659 > 2661,Health-beauty > Makeup > Foundation > Liquid foundation
2528 > 2636 > 2659 > 2662,Health-beauty > Makeup > Foundation > Mousse foundation
2528 > 2636 > 2659 > 2663,Health-beauty > Makeup > Foundation > Other
2528 > 2636 > 2668 > 2669,Health-beauty > Makeup > Lipstick > Avon
2528 > 2636 > 2668 > 2670,Health-beauty > Makeup > Lipstick > Clinique
2528 > 2636 > 2668 > 2671,Health-beauty > Makeup > Lipstick > L'Oreal
2528 > 2636 > 2668 > 2672,Health-beauty > Makeup > Lipstick > Lancome
2528 > 2636 > 2668 > 2673,Health-beauty > Makeup > Lipstick > Revlon
2528 > 2636 > 2668 > 2674,Health-beauty > Makeup > Lipstick > Other
2528 > 2636 > 2676 > 2677,Health-beauty > Makeup > Makeup brushes > Eyeshadow brush
2528 > 2636 > 2676 > 2678,Health-beauty > Makeup > Makeup brushes > Powder brush
2528 > 2636 > 2676 > 2679,Health-beauty > Makeup > Makeup brushes > Other
2528 > 2636 > 2681 > 2682,Health-beauty > Makeup > Powder > Loose
2528 > 2636 > 2681 > 2683,Health-beauty > Makeup > Powder > Mineral powder
2528 > 2636 > 2681 > 2684,Health-beauty > Makeup > Powder > Pressed
2528 > 2636 > 2681 > 2685,Health-beauty > Makeup > Powder > Other
2528 > 2687 > 2692 > 2693,Health-beauty > Massage > Massagers > Acupuncture
2528 > 2687 > 2692 > 2694,Health-beauty > Massage > Massagers > Cushions & pillows
2528 > 2687 > 2692 > 2695,Health-beauty > Massage > Massagers > Tens
2528 > 2687 > 2692 > 2696,Health-beauty > Massage > Massagers > Other
2528 > 2751 > 2752 > 2753,Health-beauty > Naturopathy > Aromatherapy > Carrier oils
2528 > 2751 > 2752 > 2754,Health-beauty > Naturopathy > Aromatherapy > Essential oils
2528 > 2751 > 2752 > 2755,Health-beauty > Naturopathy > Aromatherapy > Other
2528 > 2761 > 2764 > 2765,Health-beauty > Personal hygiene > Oral care > Toothbrush heads
2528 > 2761 > 2764 > 2766,Health-beauty > Personal hygiene > Oral care > Toothbrushes
2528 > 2761 > 2764 > 2767,Health-beauty > Personal hygiene > Oral care > Toothpaste
2528 > 2761 > 2764 > 2768,Health-beauty > Personal hygiene > Oral care > Whitening products
2528 > 2761 > 2764 > 2769,Health-beauty > Personal hygiene > Oral care > Other
2823 > 2824 > 2833 > 2834,Home & Living > Bathroom > Towel rails > Heated rails
2823 > 2824 > 2833 > 2835,Home & Living > Bathroom > Towel rails > Non-heated rails
2823 > 2824 > 2833 > 2836,Home & Living > Bathroom > Towel rails > Other
2823 > 2838 > 2840 > 2841,Home & Living > Bedding & towels > King single > Duvet covers & sets
2823 > 2838 > 2840 > 2842,Home & Living > Bedding & towels > King single > Duvets & blankets
2823 > 2838 > 2840 > 2843,Home & Living > Bedding & towels > King single > Electric blankets & underlays
2823 > 2838 > 2840 > 2844,Home & Living > Bedding & towels > King single > Sheets
2823 > 2838 > 2840 > 2845,Home & Living > Bedding & towels > King single > Other
2823 > 2838 > 2846 > 2847,Home & Living > Bedding & towels > Single > Duvet covers & sets
2823 > 2838 > 2846 > 2848,Home & Living > Bedding & towels > Single > Duvets & blankets
2823 > 2838 > 2846 > 2849,Home & Living > Bedding & towels > Single > Electric blankets & underlays
2823 > 2838 > 2846 > 2850,Home & Living > Bedding & towels > Single > Sheets
2823 > 2838 > 2846 > 2851,Home & Living > Bedding & towels > Single > Other
2823 > 2838 > 2852 > 2853,Home & Living > Bedding & towels > Super king > Duvet covers & sets
2823 > 2838 > 2852 > 2854,Home & Living > Bedding & towels > Super king > Duvets & blankets
2823 > 2838 > 2852 > 2855,Home & Living > Bedding & towels > Super king > Electric blankets & underlays
2823 > 2838 > 2852 > 2856,Home & Living > Bedding & towels > Super king > Sheets
2823 > 2838 > 2852 > 2857,Home & Living > Bedding & towels > Super king > Other
2823 > 2838 > 2858 > 2859,Home & Living > Bedding & towels > Double > Duvet covers & sets
2823 > 2838 > 2858 > 2860,Home & Living > Bedding & towels > Double > Duvets & blankets
2823 > 2838 > 2858 > 2861,Home & Living > Bedding & towels > Double > Electric blankets & underlays
2823 > 2838 > 2858 > 2862,Home & Living > Bedding & towels > Double > Sheets
2823 > 2838 > 2858 > 2863,Home & Living > Bedding & towels > Double > Other
2823 > 2838 > 2864 > 2865,Home & Living > Bedding & towels > Queen > Duvet covers & sets
2823 > 2838 > 2864 > 2866,Home & Living > Bedding & towels > Queen > Duvets & blankets
2823 > 2838 > 2864 > 2867,Home & Living > Bedding & towels > Queen > Electric blankets & underlays
2823 > 2838 > 2864 > 2868,Home & Living > Bedding & towels > Queen > Sheets
2823 > 2838 > 2864 > 2869,Home & Living > Bedding & towels > Queen > Other
2823 > 2838 > 2870 > 2871,Home & Living > Bedding & towels > King > Duvet covers & sets
2823 > 2838 > 2870 > 2872,Home & Living > Bedding & towels > King > Duvets & blankets
2823 > 2838 > 2870 > 2873,Home & Living > Bedding & towels > King > Electric blankets & underlays
2823 > 2838 > 2870 > 2874,Home & Living > Bedding & towels > King > Sheets
2823 > 2838 > 2870 > 2875,Home & Living > Bedding & towels > King > Other
2823 > 2838 > 2876 > 2877,Home & Living > Bedding & towels > Pillows & cases > Pillow cases
2823 > 2838 > 2876 > 2878,Home & Living > Bedding & towels > Pillows & cases > Pillows
2823 > 2838 > 2876 > 2879,Home & Living > Bedding & towels > Pillows & cases > Other
2823 > 2838 > 2881 > 2882,Home & Living > Bedding & towels > Towels > Bath towels
2823 > 2838 > 2881 > 2883,Home & Living > Bedding & towels > Towels > Beach towels
2823 > 2838 > 2881 > 2884,Home & Living > Bedding & towels > Towels > Face cloths
2823 > 2838 > 2881 > 2885,Home & Living > Bedding & towels > Towels > Hand towels
2823 > 2838 > 2881 > 2886,Home & Living > Bedding & towels > Towels > Other
2823 > 2888 > 2890 > 2891,Home & Living > Bedroom furniture > Bedside tables > Matching sets
2823 > 2888 > 2890 > 2892,Home & Living > Bedroom furniture > Bedside tables > Single tables
2823 > 2888 > 2890 > 2893,Home & Living > Bedroom furniture > Bedside tables > Other
2823 > 2888 > 2895 > 2896,Home & Living > Bedroom furniture > Drawers > Low boys
2823 > 2888 > 2895 > 2897,Home & Living > Bedroom furniture > Drawers > Scotch chests
2823 > 2888 > 2895 > 2898,Home & Living > Bedroom furniture > Drawers > Tall boys
2823 > 2888 > 2895 > 2899,Home & Living > Bedroom furniture > Drawers > Other
2823 > 2888 > 2901 > 2902,Home & Living > Bedroom furniture > Wardrobes > Clothes racks
2823 > 2888 > 2901 > 2903,Home & Living > Bedroom furniture > Wardrobes > Storage solutions
2823 > 2888 > 2901 > 2904,Home & Living > Bedroom furniture > Wardrobes > Wardrobes
2823 > 2888 > 2901 > 2905,Home & Living > Bedroom furniture > Wardrobes > Other
2823 > 2907 > 2908 > 2909,Home & Living > Beds > Single > Beds with mattresses
2823 > 2907 > 2908 > 2910,Home & Living > Beds > Single > Bed frames & bases
2823 > 2907 > 2908 > 2911,Home & Living > Beds > Single > Headboards
2823 > 2907 > 2908 > 2912,Home & Living > Beds > Single > Mattresses
2823 > 2907 > 2913 > 2914,Home & Living > Beds > King single > Beds with mattresses
2823 > 2907 > 2913 > 2915,Home & Living > Beds > King single > Bed frames & bases
2823 > 2907 > 2913 > 2916,Home & Living > Beds > King single > Headboards
2823 > 2907 > 2913 > 2917,Home & Living > Beds > King single > Mattresses
2823 > 2907 > 2918 > 2919,Home & Living > Beds > Double > Beds with mattresses
2823 > 2907 > 2918 > 2920,Home & Living > Beds > Double > Bed frames & bases
2823 > 2907 > 2918 > 2921,Home & Living > Beds > Double > Headboards
2823 > 2907 > 2918 > 2922,Home & Living > Beds > Double > Mattresses
2823 > 2907 > 2923 > 2924,Home & Living > Beds > Queen > Beds with mattresses
2823 > 2907 > 2923 > 2925,Home & Living > Beds > Queen > Bed frames & bases
2823 > 2907 > 2923 > 2926,Home & Living > Beds > Queen > Headboards
2823 > 2907 > 2923 > 2927,Home & Living > Beds > Queen > Mattresses
2823 > 2907 > 2928 > 2929,Home & Living > Beds > King > Beds with mattresses
2823 > 2907 > 2928 > 2930,Home & Living > Beds > King > Bed frames & bases
2823 > 2907 > 2928 > 2931,Home & Living > Beds > King > Headboards
2823 > 2907 > 2928 > 2932,Home & Living > Beds > King > Mattresses
2823 > 2907 > 2933 > 2934,Home & Living > Beds > Super king > Beds with mattresses
2823 > 2907 > 2933 > 2935,Home & Living > Beds > Super king > Bed frames & bases
2823 > 2907 > 2933 > 2936,Home & Living > Beds > Super king > Headboards
2823 > 2907 > 2933 > 2937,Home & Living > Beds > Super king > Mattresses
2823 > 2907 > 2938 > 2939,Home & Living > Beds > Bunk beds > Beds with mattresses
2823 > 2907 > 2938 > 2940,Home & Living > Beds > Bunk beds > Bed frames & bases
2823 > 2907 > 2938 > 2941,Home & Living > Beds > Bunk beds > Mattresses
2823 > 2962 > 2966 > 2967,Home & Living > Cleaning & bins > Vacuum cleaners > Bagless vacuums
2823 > 2962 > 2966 > 2968,Home & Living > Cleaning & bins > Vacuum cleaners > Bags & accessories
2823 > 2962 > 2966 > 2969,Home & Living > Cleaning & bins > Vacuum cleaners > Commercial vacuums
2823 > 2962 > 2966 > 2970,Home & Living > Cleaning & bins > Vacuum cleaners > Other vacuums
2823 > 2962 > 2966 > 2971,Home & Living > Cleaning & bins > Vacuum cleaners > Steam cleaners
2823 > 2962 > 2966 > 2972,Home & Living > Cleaning & bins > Vacuum cleaners > Other
2823 > 2974 > 2984 > 2985,Home & Living > Curtains & blinds > Venetian blinds > Metal
2823 > 2974 > 2984 > 2986,Home & Living > Curtains & blinds > Venetian blinds > Wooden
2823 > 2974 > 2984 > 2987,Home & Living > Curtains & blinds > Venetian blinds > Other
2823 > 3008 > 3010 > 3011,Home & Living > Heating & cooling > Fans > Ceiling
2823 > 3008 > 3010 > 3012,Home & Living > Heating & cooling > Fans > Desk & table
2823 > 3008 > 3010 > 3013,Home & Living > Heating & cooling > Fans > Floor
2823 > 3008 > 3010 > 3014,Home & Living > Heating & cooling > Fans > Other
2823 > 3008 > 3016 > 3017,Home & Living > Heating & cooling > Heaters > Bar
2823 > 3008 > 3016 > 3018,Home & Living > Heating & cooling > Heaters > Fan
2823 > 3008 > 3016 > 3019,Home & Living > Heating & cooling > Heaters > Gas
2823 > 3008 > 3016 > 3020,Home & Living > Heating & cooling > Heaters > Heat pumps
2823 > 3008 > 3016 > 3021,Home & Living > Heating & cooling > Heaters > Oil
2823 > 3008 > 3016 > 3022,Home & Living > Heating & cooling > Heaters > Woodburning
2823 > 3008 > 3016 > 3023,Home & Living > Heating & cooling > Heaters > Other
2823 > 3027 > 3028 > 3029,Home & Living > Home dÃ©cor > Baskets & boxes > Baskets
2823 > 3027 > 3028 > 3030,Home & Living > Home dÃ©cor > Baskets & boxes > Boxes
2823 > 3027 > 3028 > 3031,Home & Living > Home dÃ©cor > Baskets & boxes > Other
2823 > 3027 > 3033 > 3034,Home & Living > Home dÃ©cor > Candles & holders > Candelabra
2823 > 3027 > 3033 > 3035,Home & Living > Home dÃ©cor > Candles & holders > Glass candle holders
2823 > 3027 > 3033 > 3036,Home & Living > Home dÃ©cor > Candles & holders > Metal candle holders
2823 > 3027 > 3033 > 3037,Home & Living > Home dÃ©cor > Candles & holders > Non-scented candles
2823 > 3027 > 3033 > 3038,Home & Living > Home dÃ©cor > Candles & holders > Oil burners
2823 > 3027 > 3033 > 3039,Home & Living > Home dÃ©cor > Candles & holders > Other candle holders
2823 > 3027 > 3033 > 3040,Home & Living > Home dÃ©cor > Candles & holders > Scented candles
2823 > 3027 > 3033 > 3041,Home & Living > Home dÃ©cor > Candles & holders > Tea lights & holders
2823 > 3027 > 3033 > 3042,Home & Living > Home dÃ©cor > Candles & holders > Other
2823 > 3027 > 3043 > 3044,Home & Living > Home dÃ©cor > Clocks > Alarm clocks
2823 > 3027 > 3043 > 3045,Home & Living > Home dÃ©cor > Clocks > Wall clocks
2823 > 3027 > 3043 > 3046,Home & Living > Home dÃ©cor > Clocks > Other
2823 > 3027 > 3047 > 3048,Home & Living > Home dÃ©cor > Cushions > Covers
2823 > 3027 > 3047 > 3049,Home & Living > Home dÃ©cor > Cushions > Cushions
2823 > 3027 > 3047 > 3050,Home & Living > Home dÃ©cor > Cushions > Other
2823 > 3027 > 3053 > 3054,Home & Living > Home dÃ©cor > Frames > Glass
2823 > 3027 > 3053 > 3055,Home & Living > Home dÃ©cor > Frames > Gold & silver
2823 > 3027 > 3053 > 3056,Home & Living > Home dÃ©cor > Frames > Other metal
2823 > 3027 > 3053 > 3057,Home & Living > Home dÃ©cor > Frames > Plastic
2823 > 3027 > 3053 > 3058,Home & Living > Home dÃ©cor > Frames > Wooden
2823 > 3027 > 3053 > 3059,Home & Living > Home dÃ©cor > Frames > Other
2823 > 3027 > 3060 > 3061,Home & Living > Home dÃ©cor > Mirrors > Free standing
2823 > 3027 > 3060 > 3062,Home & Living > Home dÃ©cor > Mirrors > Wall mounted
2823 > 3027 > 3060 > 3063,Home & Living > Home dÃ©cor > Mirrors > Other
2823 > 3027 > 3064 > 3065,Home & Living > Home dÃ©cor > Ornaments & sculptures > Angels
2823 > 3027 > 3064 > 3066,Home & Living > Home dÃ©cor > Ornaments & sculptures > Birds
2823 > 3027 > 3064 > 3067,Home & Living > Home dÃ©cor > Ornaments & sculptures > Cats & dogs
2823 > 3027 > 3064 > 3068,Home & Living > Home dÃ©cor > Ornaments & sculptures > Dragons
2823 > 3027 > 3064 > 3069,Home & Living > Home dÃ©cor > Ornaments & sculptures > Flowers & plants
2823 > 3027 > 3064 > 3070,Home & Living > Home dÃ©cor > Ornaments & sculptures > Other animals
2823 > 3027 > 3064 > 3071,Home & Living > Home dÃ©cor > Ornaments & sculptures > People
2823 > 3027 > 3064 > 3072,Home & Living > Home dÃ©cor > Ornaments & sculptures > Pixies & fairies
2823 > 3027 > 3064 > 3073,Home & Living > Home dÃ©cor > Ornaments & sculptures > Religious
2823 > 3027 > 3064 > 3074,Home & Living > Home dÃ©cor > Ornaments & sculptures > Sea life
2823 > 3027 > 3064 > 3075,Home & Living > Home dÃ©cor > Ornaments & sculptures > Vehicles
2823 > 3027 > 3064 > 3076,Home & Living > Home dÃ©cor > Ornaments & sculptures > Wizards
2823 > 3027 > 3064 > 3077,Home & Living > Home dÃ©cor > Ornaments & sculptures > Other
2823 > 3027 > 3078 > 3079,Home & Living > Home dÃ©cor > Pictures & prints > Animals
2823 > 3027 > 3078 > 3080,Home & Living > Home dÃ©cor > Pictures & prints > Automotive & marine
2823 > 3027 > 3078 > 3081,Home & Living > Home dÃ©cor > Pictures & prints > Children's & educational
2823 > 3027 > 3078 > 3082,Home & Living > Home dÃ©cor > Pictures & prints > Flowers & plants
2823 > 3027 > 3078 > 3083,Home & Living > Home dÃ©cor > Pictures & prints > Landscapes
2823 > 3027 > 3078 > 3084,Home & Living > Home dÃ©cor > Pictures & prints > Other
2823 > 3027 > 3085 > 3086,Home & Living > Home dÃ©cor > Plates & bowls > Bowls
2823 > 3027 > 3085 > 3087,Home & Living > Home dÃ©cor > Plates & bowls > Plates
2823 > 3027 > 3085 > 3088,Home & Living > Home dÃ©cor > Plates & bowls > Other
2823 > 3027 > 3089 > 3090,Home & Living > Home dÃ©cor > Posters > Animals
2823 > 3027 > 3089 > 3091,Home & Living > Home dÃ©cor > Posters > Art
2823 > 3027 > 3089 > 3092,Home & Living > Home dÃ©cor > Posters > Automotive & marine
2823 > 3027 > 3089 > 3093,Home & Living > Home dÃ©cor > Posters > Children's & educational
2823 > 3027 > 3089 > 3094,Home & Living > Home dÃ©cor > Posters > Fantasy
2823 > 3027 > 3089 > 3095,Home & Living > Home dÃ©cor > Posters > Humour
2823 > 3027 > 3089 > 3096,Home & Living > Home dÃ©cor > Posters > Motivational
2823 > 3027 > 3089 > 3097,Home & Living > Home dÃ©cor > Posters > People & portraits
2823 > 3027 > 3089 > 3098,Home & Living > Home dÃ©cor > Posters > Scenic
2823 > 3027 > 3089 > 3099,Home & Living > Home dÃ©cor > Posters > TV & movies
2823 > 3027 > 3089 > 3100,Home & Living > Home dÃ©cor > Posters > Other
2823 > 3027 > 3101 > 3102,Home & Living > Home dÃ©cor > Racks & stands > CD racks
2823 > 3027 > 3101 > 3103,Home & Living > Home dÃ©cor > Racks & stands > Coat racks
2823 > 3027 > 3101 > 3104,Home & Living > Home dÃ©cor > Racks & stands > DVD racks
2823 > 3027 > 3101 > 3105,Home & Living > Home dÃ©cor > Racks & stands > Magazine racks
2823 > 3027 > 3101 > 3106,Home & Living > Home dÃ©cor > Racks & stands > Wine racks
2823 > 3027 > 3101 > 3107,Home & Living > Home dÃ©cor > Racks & stands > Other
2823 > 3027 > 3109 > 3110,Home & Living > Home dÃ©cor > Vases > Glass
2823 > 3027 > 3109 > 3111,Home & Living > Home dÃ©cor > Vases > Metal
2823 > 3027 > 3109 > 3112,Home & Living > Home dÃ©cor > Vases > Pottery & ceramic
2823 > 3027 > 3109 > 3113,Home & Living > Home dÃ©cor > Vases > Other
2823 > 3116 > 3117 > 3118,Home & Living > Kitchen > Cups & glasses > Cocktail glasses
2823 > 3116 > 3117 > 3119,Home & Living > Kitchen > Cups & glasses > Cups & saucers
2823 > 3116 > 3117 > 3120,Home & Living > Kitchen > Cups & glasses > Glasses & tumblers
2823 > 3116 > 3117 > 3121,Home & Living > Kitchen > Cups & glasses > Mugs
2823 > 3116 > 3117 > 3122,Home & Living > Kitchen > Cups & glasses > Shot glasses
2823 > 3116 > 3117 > 3123,Home & Living > Kitchen > Cups & glasses > Wine glasses
2823 > 3116 > 3117 > 3124,Home & Living > Kitchen > Cups & glasses > Other
2823 > 3116 > 3125 > 3126,Home & Living > Kitchen > Cutlery & utensils > Can & bottle openers
2823 > 3116 > 3125 > 3127,Home & Living > Kitchen > Cutlery & utensils > Cookie cutters
2823 > 3116 > 3125 > 3128,Home & Living > Kitchen > Cutlery & utensils > Cutlery
2823 > 3116 > 3125 > 3129,Home & Living > Kitchen > Cutlery & utensils > Graters & peelers
2823 > 3116 > 3125 > 3130,Home & Living > Kitchen > Cutlery & utensils > Serving spoons & salad servers
2823 > 3116 > 3125 > 3131,Home & Living > Kitchen > Cutlery & utensils > Other
2823 > 3116 > 3132 > 3133,Home & Living > Kitchen > Dinnerware & serving dishes > Breakfast & dessert bowls
2823 > 3116 > 3132 > 3134,Home & Living > Kitchen > Dinnerware & serving dishes > Dinner sets
2823 > 3116 > 3132 > 3135,Home & Living > Kitchen > Dinnerware & serving dishes > Jugs
2823 > 3116 > 3132 > 3136,Home & Living > Kitchen > Dinnerware & serving dishes > Plates
2823 > 3116 > 3132 > 3137,Home & Living > Kitchen > Dinnerware & serving dishes > Platters
2823 > 3116 > 3132 > 3138,Home & Living > Kitchen > Dinnerware & serving dishes > Serving bowls
2823 > 3116 > 3132 > 3139,Home & Living > Kitchen > Dinnerware & serving dishes > Serving plates & trays
2823 > 3116 > 3132 > 3140,Home & Living > Kitchen > Dinnerware & serving dishes > Other
2823 > 3116 > 3141 > 3142,Home & Living > Kitchen > Dishwashers > Asko
2823 > 3116 > 3141 > 3143,Home & Living > Kitchen > Dishwashers > Bosch
2823 > 3116 > 3141 > 3144,Home & Living > Kitchen > Dishwashers > Fisher & Paykel
2823 > 3116 > 3141 > 3145,Home & Living > Kitchen > Dishwashers > Nautilus
2823 > 3116 > 3141 > 3146,Home & Living > Kitchen > Dishwashers > Parts
2823 > 3116 > 3141 > 3147,Home & Living > Kitchen > Dishwashers > Simpson
2823 > 3116 > 3141 > 3148,Home & Living > Kitchen > Dishwashers > Other
2823 > 3116 > 3149 > 3150,Home & Living > Kitchen > Fridge & freezer > Freezers
2823 > 3116 > 3149 > 3151,Home & Living > Kitchen > Fridge & freezer > Fridge-freezers
2823 > 3116 > 3149 > 3152,Home & Living > Kitchen > Fridge & freezer > Fridges
2823 > 3116 > 3149 > 3153,Home & Living > Kitchen > Fridge & freezer > Other
2823 > 3116 > 3154 > 3155,Home & Living > Kitchen > Furniture > Kitchen trolleys
2823 > 3116 > 3154 > 3156,Home & Living > Kitchen > Furniture > Stools
2823 > 3116 > 3154 > 3157,Home & Living > Kitchen > Furniture > Tables & chairs
2823 > 3116 > 3154 > 3158,Home & Living > Kitchen > Furniture > Other
2823 > 3116 > 3159 > 3160,Home & Living > Kitchen > Hobs & ovens > Hobs
2823 > 3116 > 3159 > 3161,Home & Living > Kitchen > Hobs & ovens > Parts & accessories
2823 > 3116 > 3159 > 3162,Home & Living > Kitchen > Hobs & ovens > Ranges & ovens
2823 > 3116 > 3159 > 3163,Home & Living > Kitchen > Hobs & ovens > Other
2823 > 3116 > 3164 > 3165,Home & Living > Kitchen > Knives & boards > Boards
2823 > 3116 > 3164 > 3166,Home & Living > Kitchen > Knives & boards > Cheese sets
2823 > 3116 > 3164 > 3167,Home & Living > Kitchen > Knives & boards > Knife blocks & racks
2823 > 3116 > 3164 > 3168,Home & Living > Kitchen > Knives & boards > Knife sets
2823 > 3116 > 3164 > 3169,Home & Living > Kitchen > Knives & boards > Knives
2823 > 3116 > 3164 > 3170,Home & Living > Kitchen > Knives & boards > Sharpeners
2823 > 3116 > 3164 > 3171,Home & Living > Kitchen > Knives & boards > Other
2823 > 3116 > 3173 > 3174,"Home & Living > Kitchen > Pots, pans & bakeware > Baking dishes"
2823 > 3116 > 3173 > 3175,"Home & Living > Kitchen > Pots, pans & bakeware > Baking tins & trays"
2823 > 3116 > 3173 > 3176,"Home & Living > Kitchen > Pots, pans & bakeware > Frying pans & woks"
2823 > 3116 > 3173 > 3177,"Home & Living > Kitchen > Pots, pans & bakeware > Microwave cookware"
2823 > 3116 > 3173 > 3178,"Home & Living > Kitchen > Pots, pans & bakeware > Mixing bowls"
2823 > 3116 > 3173 > 3179,"Home & Living > Kitchen > Pots, pans & bakeware > Pots"
2823 > 3116 > 3173 > 3180,"Home & Living > Kitchen > Pots, pans & bakeware > Other"
2823 > 3116 > 3182 > 3183,Home & Living > Kitchen > Small appliances > Blenders
2823 > 3116 > 3182 > 3184,Home & Living > Kitchen > Small appliances > Breadmakers
2823 > 3116 > 3182 > 3185,Home & Living > Kitchen > Small appliances > Cookers & steamers
2823 > 3116 > 3182 > 3186,Home & Living > Kitchen > Small appliances > Food processors
2823 > 3116 > 3182 > 3187,Home & Living > Kitchen > Small appliances > Grills & fryers
2823 > 3116 > 3182 > 3188,Home & Living > Kitchen > Small appliances > Juicers
2823 > 3116 > 3182 > 3189,Home & Living > Kitchen > Small appliances > Kettles & jugs
2823 > 3116 > 3182 > 3190,Home & Living > Kitchen > Small appliances > Mixers
2823 > 3116 > 3182 > 3191,Home & Living > Kitchen > Small appliances > Sandwich & panini makers
2823 > 3116 > 3182 > 3192,Home & Living > Kitchen > Small appliances > Toasters
2823 > 3116 > 3182 > 3193,Home & Living > Kitchen > Small appliances > Other
2823 > 3116 > 3194 > 3195,Home & Living > Kitchen > Storage containers > Ceramic
2823 > 3116 > 3194 > 3196,Home & Living > Kitchen > Storage containers > Glass
2823 > 3116 > 3194 > 3197,Home & Living > Kitchen > Storage containers > Plastic
2823 > 3116 > 3194 > 3198,Home & Living > Kitchen > Storage containers > Other
2823 > 3116 > 3199 > 3200,Home & Living > Kitchen > Tableware & linen > Aprons
2823 > 3116 > 3199 > 3201,Home & Living > Kitchen > Tableware & linen > Napkins
2823 > 3116 > 3199 > 3202,Home & Living > Kitchen > Tableware & linen > Placemats & coasters
2823 > 3116 > 3199 > 3203,Home & Living > Kitchen > Tableware & linen > Runners
2823 > 3116 > 3199 > 3204,Home & Living > Kitchen > Tableware & linen > Salt & pepper shakers
2823 > 3116 > 3199 > 3205,Home & Living > Kitchen > Tableware & linen > Tablecloths
2823 > 3116 > 3199 > 3206,Home & Living > Kitchen > Tableware & linen > Tea towels
2823 > 3116 > 3199 > 3207,Home & Living > Kitchen > Tableware & linen > Other
2823 > 3116 > 3208 > 3209,Home & Living > Kitchen > Tea & coffee making > Coffee grinders
2823 > 3116 > 3208 > 3210,Home & Living > Kitchen > Tea & coffee making > Coffee machines
2823 > 3116 > 3208 > 3211,Home & Living > Kitchen > Tea & coffee making > Coffee plungers
2823 > 3116 > 3208 > 3212,Home & Living > Kitchen > Tea & coffee making > Milk jugs & sugar bowls
2823 > 3116 > 3208 > 3213,Home & Living > Kitchen > Tea & coffee making > Tea pots
2823 > 3116 > 3208 > 3214,Home & Living > Kitchen > Tea & coffee making > Tea sets
2823 > 3116 > 3208 > 3215,Home & Living > Kitchen > Tea & coffee making > Other
2823 > 3226 > 3237 > 3238,Home & Living > Laundry > Washing machines > Front loader
2823 > 3226 > 3237 > 3239,Home & Living > Laundry > Washing machines > Parts & accessories
2823 > 3226 > 3237 > 3240,Home & Living > Laundry > Washing machines > Top loader (6.5kg & over)
2823 > 3226 > 3237 > 3241,Home & Living > Laundry > Washing machines > Top loader (6kg & under)
2823 > 3226 > 3237 > 3242,Home & Living > Laundry > Washing machines > Other
2823 > 3244 > 3246 > 3247,Home & Living > Lifestyle > Home brewing > Brewing and winemaking equipment
2823 > 3244 > 3246 > 3248,Home & Living > Lifestyle > Home brewing > Brewing and winemaking ingredients
2823 > 3244 > 3246 > 3249,Home & Living > Lifestyle > Home brewing > Brewing and winemaking kits
2823 > 3244 > 3246 > 3250,Home & Living > Lifestyle > Home brewing > Cleaning and sterilising
2823 > 3244 > 3246 > 3251,Home & Living > Lifestyle > Home brewing > Distillation equipment
2823 > 3244 > 3246 > 3252,Home & Living > Lifestyle > Home brewing > Distillation ingredients
2823 > 3244 > 3246 > 3253,Home & Living > Lifestyle > Home brewing > Distillation kits
2823 > 3244 > 3246 > 3254,Home & Living > Lifestyle > Home brewing > Other
2823 > 3244 > 3255 > 3256,Home & Living > Lifestyle > New age & spirituality > Agate
2823 > 3244 > 3255 > 3257,Home & Living > Lifestyle > New age & spirituality > Amethyst
2823 > 3244 > 3255 > 3258,Home & Living > Lifestyle > New age & spirituality > Incense
2823 > 3244 > 3255 > 3259,Home & Living > Lifestyle > New age & spirituality > Other crystals
2823 > 3244 > 3255 > 3260,Home & Living > Lifestyle > New age & spirituality > Quartz
2823 > 3244 > 3255 > 3261,Home & Living > Lifestyle > New age & spirituality > Rose quartz
2823 > 3244 > 3255 > 3262,Home & Living > Lifestyle > New age & spirituality > Tarot
2823 > 3244 > 3255 > 3263,Home & Living > Lifestyle > New age & spirituality > Other
2823 > 3244 > 3265 > 3266,Home & Living > Lifestyle > R-18 Adult > Anal toys
2823 > 3244 > 3265 > 3267,Home & Living > Lifestyle > R-18 Adult > Balls
2823 > 3244 > 3265 > 3268,Home & Living > Lifestyle > R-18 Adult > BDSM
2823 > 3244 > 3265 > 3269,Home & Living > Lifestyle > R-18 Adult > Clothing & lingerie
2823 > 3244 > 3265 > 3270,Home & Living > Lifestyle > R-18 Adult > Cock toys
2823 > 3244 > 3265 > 3271,Home & Living > Lifestyle > R-18 Adult > Dildos
2823 > 3244 > 3265 > 3272,Home & Living > Lifestyle > R-18 Adult > Lubricants
2823 > 3244 > 3265 > 3273,Home & Living > Lifestyle > R-18 Adult > Novelty condoms
2823 > 3244 > 3265 > 3274,Home & Living > Lifestyle > R-18 Adult > Strap ons
2823 > 3244 > 3265 > 3275,Home & Living > Lifestyle > R-18 Adult > Vibrators
2823 > 3244 > 3265 > 3276,Home & Living > Lifestyle > R-18 Adult > Other
2823 > 3278 > 3280 > 3281,"Home & Living > Lounge, dining & hall > Cabinets & bookshelves > Bookshelves"
2823 > 3278 > 3280 > 3282,"Home & Living > Lounge, dining & hall > Cabinets & bookshelves > Chests"
2823 > 3278 > 3280 > 3283,"Home & Living > Lounge, dining & hall > Cabinets & bookshelves > Sideboards & buffets"
2823 > 3278 > 3280 > 3284,"Home & Living > Lounge, dining & hall > Cabinets & bookshelves > Wall & display units"
2823 > 3278 > 3280 > 3285,"Home & Living > Lounge, dining & hall > Cabinets & bookshelves > Other"
2823 > 3278 > 3286 > 3287,"Home & Living > Lounge, dining & hall > Chairs > Armchairs"
2823 > 3278 > 3286 > 3288,"Home & Living > Lounge, dining & hall > Chairs > Bar stools"
2823 > 3278 > 3286 > 3289,"Home & Living > Lounge, dining & hall > Chairs > Dining chairs"
2823 > 3278 > 3286 > 3290,"Home & Living > Lounge, dining & hall > Chairs > Rocking chairs"
2823 > 3278 > 3286 > 3291,"Home & Living > Lounge, dining & hall > Chairs > Other"
2823 > 3278 > 3293 > 3294,"Home & Living > Lounge, dining & hall > Dining suites > 4 seater & under"
2823 > 3278 > 3293 > 3295,"Home & Living > Lounge, dining & hall > Dining suites > 6 seater"
2823 > 3278 > 3293 > 3296,"Home & Living > Lounge, dining & hall > Dining suites > 8 seater"
2823 > 3278 > 3293 > 3297,"Home & Living > Lounge, dining & hall > Dining suites > 10 seater & over"
2823 > 3278 > 3299 > 3300,"Home & Living > Lounge, dining & hall > Lounge suites > 2 seater couches"
2823 > 3278 > 3299 > 3301,"Home & Living > Lounge, dining & hall > Lounge suites > 3 seater couches"
2823 > 3278 > 3299 > 3302,"Home & Living > Lounge, dining & hall > Lounge suites > Sofa beds"
2823 > 3278 > 3299 > 3303,"Home & Living > Lounge, dining & hall > Lounge suites > Suites"
2823 > 3278 > 3299 > 3304,"Home & Living > Lounge, dining & hall > Lounge suites > Other"
2823 > 3278 > 3306 > 3307,"Home & Living > Lounge, dining & hall > Rugs & carpets > Contemporary"
2823 > 3278 > 3306 > 3308,"Home & Living > Lounge, dining & hall > Rugs & carpets > Hides & sheepskin"
2823 > 3278 > 3306 > 3309,"Home & Living > Lounge, dining & hall > Rugs & carpets > Mats"
2823 > 3278 > 3306 > 3310,"Home & Living > Lounge, dining & hall > Rugs & carpets > Persian rugs"
2823 > 3278 > 3306 > 3311,"Home & Living > Lounge, dining & hall > Rugs & carpets > Turkish rugs"
2823 > 3278 > 3306 > 3312,"Home & Living > Lounge, dining & hall > Rugs & carpets > Other"
2823 > 3278 > 3313 > 3314,"Home & Living > Lounge, dining & hall > Tables > Coffee tables"
2823 > 3278 > 3313 > 3315,"Home & Living > Lounge, dining & hall > Tables > Dining tables"
2823 > 3278 > 3313 > 3316,"Home & Living > Lounge, dining & hall > Tables > Hall tables"
2823 > 3278 > 3313 > 3317,"Home & Living > Lounge, dining & hall > Tables > Other"
2823 > 3319 > 3322 > 3323,Home & Living > Luggage & travel accessories > Travel accessories > Eye masks
2823 > 3319 > 3322 > 3324,Home & Living > Luggage & travel accessories > Travel accessories > Locks
2823 > 3319 > 3322 > 3325,Home & Living > Luggage & travel accessories > Travel accessories > Money belts & travel wallets
2823 > 3319 > 3322 > 3326,Home & Living > Luggage & travel accessories > Travel accessories > Passport holders
2823 > 3319 > 3322 > 3327,Home & Living > Luggage & travel accessories > Travel accessories > Scales
2823 > 3319 > 3322 > 3328,Home & Living > Luggage & travel accessories > Travel accessories > Tags
2823 > 3319 > 3322 > 3329,Home & Living > Luggage & travel accessories > Travel accessories > Travel pillows
2823 > 3319 > 3322 > 3330,Home & Living > Luggage & travel accessories > Travel accessories > Other
2823 > 3333 > 3334 > 3335,"Home & Living > Outdoor, garden & conservatory > BBQs & outdoor ovens > 2 burners or less"
2823 > 3333 > 3334 > 3336,"Home & Living > Outdoor, garden & conservatory > BBQs & outdoor ovens > 3 burner"
2823 > 3333 > 3334 > 3337,"Home & Living > Outdoor, garden & conservatory > BBQs & outdoor ovens > 4 burners or more"
2823 > 3333 > 3334 > 3338,"Home & Living > Outdoor, garden & conservatory > BBQs & outdoor ovens > BBQ utensils"
2823 > 3333 > 3334 > 3339,"Home & Living > Outdoor, garden & conservatory > BBQs & outdoor ovens > Charcoal"
2823 > 3333 > 3334 > 3340,"Home & Living > Outdoor, garden & conservatory > BBQs & outdoor ovens > Gas cylinders"
2823 > 3333 > 3334 > 3341,"Home & Living > Outdoor, garden & conservatory > BBQs & outdoor ovens > Pizza ovens"
2823 > 3333 > 3334 > 3342,"Home & Living > Outdoor, garden & conservatory > BBQs & outdoor ovens > Smokers & steamers"
2823 > 3333 > 3343 > 3344,"Home & Living > Outdoor, garden & conservatory > Garden power tools > Chainsaws"
2823 > 3333 > 3343 > 3345,"Home & Living > Outdoor, garden & conservatory > Garden power tools > Leaf blowers & vacuums"
2823 > 3333 > 3343 > 3346,"Home & Living > Outdoor, garden & conservatory > Garden power tools > Mulchers & chippers"
2823 > 3333 > 3343 > 3347,"Home & Living > Outdoor, garden & conservatory > Garden power tools > Trimmers & cutters"
2823 > 3333 > 3343 > 3348,"Home & Living > Outdoor, garden & conservatory > Garden power tools > Weed eaters"
2823 > 3333 > 3343 > 3349,"Home & Living > Outdoor, garden & conservatory > Garden power tools > Other"
2823 > 3333 > 3350 > 3351,"Home & Living > Outdoor, garden & conservatory > Gardening & landscaping supplies > Cloth, matting & netting"
2823 > 3333 > 3350 > 3352,"Home & Living > Outdoor, garden & conservatory > Gardening & landscaping supplies > Compost bins & composting"
2823 > 3333 > 3350 > 3353,"Home & Living > Outdoor, garden & conservatory > Gardening & landscaping supplies > Fertilisers & soil conditioners"
2823 > 3333 > 3350 > 3354,"Home & Living > Outdoor, garden & conservatory > Gardening & landscaping supplies > Gloves & protective gear"
2823 > 3333 > 3350 > 3355,"Home & Living > Outdoor, garden & conservatory > Gardening & landscaping supplies > Paving"
2823 > 3333 > 3350 > 3356,"Home & Living > Outdoor, garden & conservatory > Gardening & landscaping supplies > Pest & weed control"
2823 > 3333 > 3350 > 3357,"Home & Living > Outdoor, garden & conservatory > Gardening & landscaping supplies > Ready lawn & turf"
2823 > 3333 > 3350 > 3358,"Home & Living > Outdoor, garden & conservatory > Gardening & landscaping supplies > Sleepers"
2823 > 3333 > 3350 > 3359,"Home & Living > Outdoor, garden & conservatory > Gardening & landscaping supplies > Soil, mulch & compost"
2823 > 3333 > 3350 > 3360,"Home & Living > Outdoor, garden & conservatory > Gardening & landscaping supplies > Stakes, ties & labels"
2823 > 3333 > 3350 > 3361,"Home & Living > Outdoor, garden & conservatory > Gardening & landscaping supplies > Stones & rocks"
2823 > 3333 > 3350 > 3362,"Home & Living > Outdoor, garden & conservatory > Gardening & landscaping supplies > Other"
2823 > 3333 > 3363 > 3364,"Home & Living > Outdoor, garden & conservatory > Gates & fences > Fences"
2823 > 3333 > 3363 > 3365,"Home & Living > Outdoor, garden & conservatory > Gates & fences > Fencing materials"
2823 > 3333 > 3363 > 3366,"Home & Living > Outdoor, garden & conservatory > Gates & fences > Gates"
2823 > 3333 > 3363 > 3367,"Home & Living > Outdoor, garden & conservatory > Gates & fences > Other"
2823 > 3333 > 3369 > 3370,"Home & Living > Outdoor, garden & conservatory > Hand tools & equipment > Axes & splitters"
2823 > 3333 > 3369 > 3371,"Home & Living > Outdoor, garden & conservatory > Hand tools & equipment > Hoes & edgers"
2823 > 3333 > 3369 > 3372,"Home & Living > Outdoor, garden & conservatory > Hand tools & equipment > Loppers & pruners"
2823 > 3333 > 3369 > 3373,"Home & Living > Outdoor, garden & conservatory > Hand tools & equipment > Rakes, brooms & brushes"
2823 > 3333 > 3369 > 3374,"Home & Living > Outdoor, garden & conservatory > Hand tools & equipment > Sets"
2823 > 3333 > 3369 > 3375,"Home & Living > Outdoor, garden & conservatory > Hand tools & equipment > Spades, shovels & forks"
2823 > 3333 > 3369 > 3376,"Home & Living > Outdoor, garden & conservatory > Hand tools & equipment > Wheelbarrows, carts & trolleys"
2823 > 3333 > 3369 > 3377,"Home & Living > Outdoor, garden & conservatory > Hand tools & equipment > Other"
2823 > 3333 > 3378 > 3379,"Home & Living > Outdoor, garden & conservatory > Lawnmowers > Electric"
2823 > 3333 > 3378 > 3380,"Home & Living > Outdoor, garden & conservatory > Lawnmowers > Hand mowers"
2823 > 3333 > 3378 > 3381,"Home & Living > Outdoor, garden & conservatory > Lawnmowers > Parts & accessories"
2823 > 3333 > 3378 > 3382,"Home & Living > Outdoor, garden & conservatory > Lawnmowers > Petrol"
2823 > 3333 > 3378 > 3383,"Home & Living > Outdoor, garden & conservatory > Lawnmowers > Ride on"
2823 > 3333 > 3378 > 3384,"Home & Living > Outdoor, garden & conservatory > Lawnmowers > Other"
2823 > 3333 > 3385 > 3386,"Home & Living > Outdoor, garden & conservatory > Letterboxes > Letterboxes"
2823 > 3333 > 3385 > 3387,"Home & Living > Outdoor, garden & conservatory > Letterboxes > Numbers & letters"
2823 > 3333 > 3385 > 3388,"Home & Living > Outdoor, garden & conservatory > Letterboxes > Other"
2823 > 3333 > 3389 > 3390,"Home & Living > Outdoor, garden & conservatory > Outdoor furniture > Benches"
2823 > 3333 > 3389 > 3391,"Home & Living > Outdoor, garden & conservatory > Outdoor furniture > Chairs & loungers"
2823 > 3333 > 3389 > 3392,"Home & Living > Outdoor, garden & conservatory > Outdoor furniture > Hammocks & swing seats"
2823 > 3333 > 3389 > 3393,"Home & Living > Outdoor, garden & conservatory > Outdoor furniture > Heaters & braziers"
2823 > 3333 > 3389 > 3394,"Home & Living > Outdoor, garden & conservatory > Outdoor furniture > Marquees & gazebos"
2823 > 3333 > 3389 > 3395,"Home & Living > Outdoor, garden & conservatory > Outdoor furniture > Shade sails"
2823 > 3333 > 3389 > 3396,"Home & Living > Outdoor, garden & conservatory > Outdoor furniture > Table & chair sets"
2823 > 3333 > 3389 > 3397,"Home & Living > Outdoor, garden & conservatory > Outdoor furniture > Tables"
2823 > 3333 > 3389 > 3398,"Home & Living > Outdoor, garden & conservatory > Outdoor furniture > Umbrellas & awnings"
2823 > 3333 > 3389 > 3399,"Home & Living > Outdoor, garden & conservatory > Outdoor furniture > Other"
2823 > 3333 > 3402 > 3403,"Home & Living > Outdoor, garden & conservatory > Plants & trees > Grasses & flax"
2823 > 3333 > 3402 > 3404,"Home & Living > Outdoor, garden & conservatory > Plants & trees > Indoor"
2823 > 3333 > 3402 > 3405,"Home & Living > Outdoor, garden & conservatory > Plants & trees > Palms & ferns"
2823 > 3333 > 3402 > 3406,"Home & Living > Outdoor, garden & conservatory > Plants & trees > Perennials"
2823 > 3333 > 3402 > 3407,"Home & Living > Outdoor, garden & conservatory > Plants & trees > Shrubs"
2823 > 3333 > 3402 > 3408,"Home & Living > Outdoor, garden & conservatory > Plants & trees > Succulents & cacti"
2823 > 3333 > 3402 > 3409,"Home & Living > Outdoor, garden & conservatory > Plants & trees > Trees"
2823 > 3333 > 3402 > 3410,"Home & Living > Outdoor, garden & conservatory > Plants & trees > Tropicals"
2823 > 3333 > 3402 > 3411,"Home & Living > Outdoor, garden & conservatory > Plants & trees > Other"
2823 > 3333 > 3412 > 3413,"Home & Living > Outdoor, garden & conservatory > Pots & planters > Hanging baskets"
2823 > 3333 > 3412 > 3414,"Home & Living > Outdoor, garden & conservatory > Pots & planters > Planter boxes"
2823 > 3333 > 3412 > 3415,"Home & Living > Outdoor, garden & conservatory > Pots & planters > Pots"
2823 > 3333 > 3412 > 3416,"Home & Living > Outdoor, garden & conservatory > Pots & planters > Other"
2823 > 3333 > 3417 > 3418,"Home & Living > Outdoor, garden & conservatory > Sculptures & garden ornaments > Garden sculpture"
2823 > 3333 > 3417 > 3419,"Home & Living > Outdoor, garden & conservatory > Sculptures & garden ornaments > Outdoor ornaments"
2823 > 3333 > 3417 > 3420,"Home & Living > Outdoor, garden & conservatory > Sculptures & garden ornaments > Rustic & Early settler"
2823 > 3333 > 3417 > 3421,"Home & Living > Outdoor, garden & conservatory > Sculptures & garden ornaments > Water features"
2823 > 3333 > 3417 > 3422,"Home & Living > Outdoor, garden & conservatory > Sculptures & garden ornaments > Other"
2823 > 3333 > 3423 > 3424,"Home & Living > Outdoor, garden & conservatory > Seeds > Flowers & bulbs"
2823 > 3333 > 3423 > 3425,"Home & Living > Outdoor, garden & conservatory > Seeds > Grasses"
2823 > 3333 > 3423 > 3426,"Home & Living > Outdoor, garden & conservatory > Seeds > Herbs"
2823 > 3333 > 3423 > 3427,"Home & Living > Outdoor, garden & conservatory > Seeds > Veges"
2823 > 3333 > 3423 > 3428,"Home & Living > Outdoor, garden & conservatory > Seeds > Other"
2823 > 3333 > 3429 > 3430,"Home & Living > Outdoor, garden & conservatory > Sheds, garages & storage > Door openers & remotes"
2823 > 3333 > 3429 > 3431,"Home & Living > Outdoor, garden & conservatory > Sheds, garages & storage > Doors"
2823 > 3333 > 3429 > 3432,"Home & Living > Outdoor, garden & conservatory > Sheds, garages & storage > Garages"
2823 > 3333 > 3429 > 3433,"Home & Living > Outdoor, garden & conservatory > Sheds, garages & storage > Sheds"
2823 > 3333 > 3429 > 3434,"Home & Living > Outdoor, garden & conservatory > Sheds, garages & storage > Other"
2823 > 3333 > 3435 > 3436,"Home & Living > Outdoor, garden & conservatory > Swimming pools & spas > Covers"
2823 > 3333 > 3435 > 3437,"Home & Living > Outdoor, garden & conservatory > Swimming pools & spas > Maintenance & care"
2823 > 3333 > 3435 > 3438,"Home & Living > Outdoor, garden & conservatory > Swimming pools & spas > Pools"
2823 > 3333 > 3435 > 3439,"Home & Living > Outdoor, garden & conservatory > Swimming pools & spas > Pumps & accessories"
2823 > 3333 > 3435 > 3440,"Home & Living > Outdoor, garden & conservatory > Swimming pools & spas > Saunas"
2823 > 3333 > 3435 > 3441,"Home & Living > Outdoor, garden & conservatory > Swimming pools & spas > Spas"
2823 > 3333 > 3435 > 3442,"Home & Living > Outdoor, garden & conservatory > Swimming pools & spas > Other"
2823 > 3445 > 3447 > 3448,Home & Living > Party & festive supplies > Christmas > Cards & paper
2823 > 3445 > 3447 > 3449,Home & Living > Party & festive supplies > Christmas > Lights
2823 > 3445 > 3447 > 3450,Home & Living > Party & festive supplies > Christmas > Nativity sets
2823 > 3445 > 3447 > 3451,Home & Living > Party & festive supplies > Christmas > Stockings
2823 > 3445 > 3447 > 3452,Home & Living > Party & festive supplies > Christmas > Tableware
2823 > 3445 > 3447 > 3453,Home & Living > Party & festive supplies > Christmas > Tree decorations
2823 > 3445 > 3447 > 3454,Home & Living > Party & festive supplies > Christmas > Trees
2823 > 3445 > 3447 > 3455,Home & Living > Party & festive supplies > Christmas > Wreaths
2823 > 3445 > 3447 > 3456,Home & Living > Party & festive supplies > Christmas > Other
2823 > 3445 > 3458 > 3459,Home & Living > Party & festive supplies > Kids' parties > Balloons
2823 > 3445 > 3458 > 3460,Home & Living > Party & festive supplies > Kids' parties > Banners
2823 > 3445 > 3458 > 3461,Home & Living > Party & festive supplies > Kids' parties > Cake decorations
2823 > 3445 > 3458 > 3462,Home & Living > Party & festive supplies > Kids' parties > Cakes
2823 > 3445 > 3458 > 3463,Home & Living > Party & festive supplies > Kids' parties > Decorations
2823 > 3445 > 3458 > 3464,Home & Living > Party & festive supplies > Kids' parties > Party bags
2823 > 3445 > 3458 > 3465,Home & Living > Party & festive supplies > Kids' parties > Party invitations
2823 > 3445 > 3458 > 3466,Home & Living > Party & festive supplies > Kids' parties > Pinatas
2823 > 3445 > 3458 > 3467,Home & Living > Party & festive supplies > Kids' parties > Sets
2823 > 3445 > 3458 > 3468,Home & Living > Party & festive supplies > Kids' parties > Stickers
2823 > 3445 > 3458 > 3469,Home & Living > Party & festive supplies > Kids' parties > Tableware
2823 > 3445 > 3458 > 3470,Home & Living > Party & festive supplies > Kids' parties > Other
2823 > 3445 > 3471 > 3472,Home & Living > Party & festive supplies > Weddings > Albums & guest books
2823 > 3445 > 3471 > 3473,Home & Living > Party & festive supplies > Weddings > Balloons
2823 > 3445 > 3471 > 3474,Home & Living > Party & festive supplies > Weddings > Cake decorations
2823 > 3445 > 3471 > 3475,Home & Living > Party & festive supplies > Weddings > Candles
2823 > 3445 > 3471 > 3476,Home & Living > Party & festive supplies > Weddings > Confetti
2823 > 3445 > 3471 > 3477,Home & Living > Party & festive supplies > Weddings > Favour bags & boxes
2823 > 3445 > 3471 > 3478,Home & Living > Party & festive supplies > Weddings > Flowers
2823 > 3445 > 3471 > 3479,Home & Living > Party & festive supplies > Weddings > Invitations
2823 > 3445 > 3471 > 3480,Home & Living > Party & festive supplies > Weddings > Lights
2823 > 3445 > 3471 > 3481,Home & Living > Party & festive supplies > Weddings > Ribbon
2823 > 3445 > 3471 > 3482,Home & Living > Party & festive supplies > Weddings > Rose petals
2823 > 3445 > 3471 > 3483,Home & Living > Party & festive supplies > Weddings > Tableware
2823 > 3445 > 3471 > 3484,Home & Living > Party & festive supplies > Weddings > Venue decorations
2823 > 3445 > 3471 > 3485,Home & Living > Party & festive supplies > Weddings > Other
2823 > 3487 > 3488 > 3489,"Home & Living > Security, locks & alarms > Alarms > Home alarm systems"
2823 > 3487 > 3488 > 3490,"Home & Living > Security, locks & alarms > Alarms > Personal alarms"
2823 > 3487 > 3488 > 3491,"Home & Living > Security, locks & alarms > Alarms > Smoke alarms"
2823 > 3487 > 3488 > 3492,"Home & Living > Security, locks & alarms > Alarms > Other"
2823 > 3487 > 3494 > 3495,"Home & Living > Security, locks & alarms > Locks > Digital locks"
2823 > 3487 > 3494 > 3496,"Home & Living > Security, locks & alarms > Locks > Padlocks"
2823 > 3487 > 3494 > 3497,"Home & Living > Security, locks & alarms > Locks > Window locks & latches"
2823 > 3487 > 3494 > 3498,"Home & Living > Security, locks & alarms > Locks > Other"
2823 > 3487 > 3500 > 3501,"Home & Living > Security, locks & alarms > Security cameras > CCTV"
2823 > 3487 > 3500 > 3502,"Home & Living > Security, locks & alarms > Security cameras > Dummy cameras"
2823 > 3487 > 3500 > 3503,"Home & Living > Security, locks & alarms > Security cameras > Other"
3505 > 3506 > 3509 > 3510,Jewellery & watches > Body jewellery & piercings > Navel > Banana bars
3505 > 3506 > 3509 > 3511,Jewellery & watches > Body jewellery & piercings > Navel > Rings
3505 > 3506 > 3509 > 3512,Jewellery & watches > Body jewellery & piercings > Navel > Other
3505 > 3516 > 3518 > 3519,Jewellery & watches > Bracelets & bangles > Charm > European charm beads & bracelets
3505 > 3516 > 3518 > 3520,Jewellery & watches > Bracelets & bangles > Charm > Gold
3505 > 3516 > 3518 > 3521,Jewellery & watches > Bracelets & bangles > Charm > Italian charms & bracelets
3505 > 3516 > 3518 > 3522,Jewellery & watches > Bracelets & bangles > Charm > Silver
3505 > 3516 > 3518 > 3523,Jewellery & watches > Bracelets & bangles > Charm > Other
3505 > 3516 > 3527 > 3528,Jewellery & watches > Bracelets & bangles > Gold > Diamond
3505 > 3516 > 3527 > 3529,Jewellery & watches > Bracelets & bangles > Gold > Plain
3505 > 3516 > 3527 > 3530,Jewellery & watches > Bracelets & bangles > Gold > Other gemstone
3505 > 3516 > 3534 > 3535,Jewellery & watches > Bracelets & bangles > Silver > Cubic zirconia
3505 > 3516 > 3534 > 3536,Jewellery & watches > Bracelets & bangles > Silver > Plain
3505 > 3516 > 3534 > 3537,Jewellery & watches > Bracelets & bangles > Silver > Other gemstone
3505 > 3570 > 3572 > 3573,Jewellery & watches > Necklaces & pendants > Bead > Black
3505 > 3570 > 3572 > 3574,Jewellery & watches > Necklaces & pendants > Bead > Blue
3505 > 3570 > 3572 > 3575,Jewellery & watches > Necklaces & pendants > Bead > Brown
3505 > 3570 > 3572 > 3576,Jewellery & watches > Necklaces & pendants > Bead > Gold
3505 > 3570 > 3572 > 3577,Jewellery & watches > Necklaces & pendants > Bead > Green
3505 > 3570 > 3572 > 3578,Jewellery & watches > Necklaces & pendants > Bead > Pink
3505 > 3570 > 3572 > 3579,Jewellery & watches > Necklaces & pendants > Bead > Purple
3505 > 3570 > 3572 > 3580,Jewellery & watches > Necklaces & pendants > Bead > Red
3505 > 3570 > 3572 > 3581,Jewellery & watches > Necklaces & pendants > Bead > Silver
3505 > 3570 > 3572 > 3582,Jewellery & watches > Necklaces & pendants > Bead > White
3505 > 3570 > 3572 > 3583,Jewellery & watches > Necklaces & pendants > Bead > Other
3505 > 3599 > 3601 > 3602,Jewellery & watches > Rings > Silver > Bands
3505 > 3599 > 3601 > 3603,Jewellery & watches > Rings > Silver > Cubic zirconia
3505 > 3599 > 3601 > 3604,Jewellery & watches > Rings > Silver > Gemstone
3505 > 3599 > 3601 > 3605,Jewellery & watches > Rings > Silver > Other
3505 > 3599 > 3607 > 3608,Jewellery & watches > Rings > White gold > Bands
3505 > 3599 > 3607 > 3609,Jewellery & watches > Rings > White gold > Cubic zirconia
3505 > 3599 > 3607 > 3610,Jewellery & watches > Rings > White gold > Diamond
3505 > 3599 > 3607 > 3611,Jewellery & watches > Rings > White gold > Gemstone
3505 > 3599 > 3607 > 3612,Jewellery & watches > Rings > White gold > Other
3505 > 3599 > 3613 > 3614,Jewellery & watches > Rings > Yellow gold > Bands
3505 > 3599 > 3613 > 3615,Jewellery & watches > Rings > Yellow gold > Cubic zirconia
3505 > 3599 > 3613 > 3616,Jewellery & watches > Rings > Yellow gold > Diamond
3505 > 3599 > 3613 > 3617,Jewellery & watches > Rings > Yellow gold > Gemstone
3505 > 3599 > 3613 > 3618,Jewellery & watches > Rings > Yellow gold > Other
3505 > 3621 > 3623 > 3624,Jewellery & watches > Watches > Men's watches > Casual
3505 > 3621 > 3623 > 3625,Jewellery & watches > Watches > Men's watches > Dress
3505 > 3621 > 3623 > 3626,Jewellery & watches > Watches > Men's watches > Sports
3505 > 3621 > 3623 > 3627,Jewellery & watches > Watches > Men's watches > Vintage
3505 > 3621 > 3623 > 3628,Jewellery & watches > Watches > Men's watches > Other
3505 > 3621 > 3631 > 3632,Jewellery & watches > Watches > Women's watches > Casual
3505 > 3621 > 3631 > 3633,Jewellery & watches > Watches > Women's watches > Dress
3505 > 3621 > 3631 > 3634,Jewellery & watches > Watches > Women's watches > Sports
3505 > 3621 > 3631 > 3635,Jewellery & watches > Watches > Women's watches > Vintage
3505 > 3621 > 3631 > 3636,Jewellery & watches > Watches > Women's watches > Other
3638 > 3639 > 3643 > 3644,Mobile phones > Accessories > Batteries > BlackBerry
3638 > 3639 > 3643 > 3645,Mobile phones > Accessories > Batteries > HTC
3638 > 3639 > 3643 > 3646,Mobile phones > Accessories > Batteries > Huawei
3638 > 3639 > 3643 > 3647,Mobile phones > Accessories > Batteries > iPhone
3638 > 3639 > 3643 > 3648,Mobile phones > Accessories > Batteries > LG
3638 > 3639 > 3643 > 3649,Mobile phones > Accessories > Batteries > Motorola
3638 > 3639 > 3643 > 3650,Mobile phones > Accessories > Batteries > Nokia
3638 > 3639 > 3643 > 3651,Mobile phones > Accessories > Batteries > Samsung
3638 > 3639 > 3643 > 3652,Mobile phones > Accessories > Batteries > Sanyo
3638 > 3639 > 3643 > 3653,Mobile phones > Accessories > Batteries > Sony Ericsson
3638 > 3639 > 3643 > 3654,Mobile phones > Accessories > Batteries > Other
3638 > 3639 > 3658 > 3659,Mobile phones > Accessories > Cases & covers > Blackberry
3638 > 3639 > 3658 > 3660,Mobile phones > Accessories > Cases & covers > HTC
3638 > 3639 > 3658 > 3661,Mobile phones > Accessories > Cases & covers > Huawei
3638 > 3639 > 3658 > 3662,Mobile phones > Accessories > Cases & covers > iPhone
3638 > 3639 > 3658 > 3663,Mobile phones > Accessories > Cases & covers > LG
3638 > 3639 > 3658 > 3664,Mobile phones > Accessories > Cases & covers > Motorola
3638 > 3639 > 3658 > 3665,Mobile phones > Accessories > Cases & covers > Nokia
3638 > 3639 > 3658 > 3666,Mobile phones > Accessories > Cases & covers > OPPO
3638 > 3639 > 3658 > 3667,Mobile phones > Accessories > Cases & covers > Samsung
3638 > 3639 > 3658 > 3668,Mobile phones > Accessories > Cases & covers > Sony Ericsson
3638 > 3639 > 3658 > 3669,Mobile phones > Accessories > Cases & covers > Other
3638 > 3639 > 3658 > 3670,Mobile phones > Accessories > Cases & covers > Vivo
3638 > 3639 > 3658 > 3671,Mobile phones > Accessories > Cases & covers > Xiaomi
3638 > 3639 > 3672 > 3673,Mobile phones > Accessories > Chargers > Car chargers
3638 > 3639 > 3672 > 3674,"Mobile phones > Accessories > Chargers > Docks, cradles & stands"
3638 > 3639 > 3672 > 3675,Mobile phones > Accessories > Chargers > Solar chargers
3638 > 3639 > 3672 > 3676,Mobile phones > Accessories > Chargers > Wall chargers
3638 > 3639 > 3672 > 3677,Mobile phones > Accessories > Chargers > Other
3638 > 3639 > 3682 > 3683,Mobile phones > Accessories > Headsets & handsfree > Wired
3638 > 3639 > 3682 > 3684,Mobile phones > Accessories > Headsets & handsfree > Wireless
3638 > 3639 > 3682 > 3685,Mobile phones > Accessories > Headsets & handsfree > Other
3638 > 3639 > 3687 > 3688,Mobile phones > Accessories > Memory cards > Card adapters
3638 > 3639 > 3687 > 3689,Mobile phones > Accessories > Memory cards > Card readers
3638 > 3639 > 3687 > 3690,Mobile phones > Accessories > Memory cards > MicroSD
3638 > 3639 > 3687 > 3691,Mobile phones > Accessories > Memory cards > MicroSDHC
3638 > 3639 > 3687 > 3692,Mobile phones > Accessories > Memory cards > MicroSDXC
3638 > 3639 > 3687 > 3693,Mobile phones > Accessories > Memory cards > MiniSD
3638 > 3639 > 3687 > 3694,Mobile phones > Accessories > Memory cards > MiniSDHC
3638 > 3639 > 3687 > 3695,Mobile phones > Accessories > Memory cards > MiniSDXC
3638 > 3639 > 3687 > 3696,Mobile phones > Accessories > Memory cards > Other
3638 > 3702 > 3705 > 3706,Mobile phones > Mobile phones > HTC > Desire
3638 > 3702 > 3705 > 3707,Mobile phones > Mobile phones > HTC > One
3638 > 3702 > 3705 > 3708,Mobile phones > Mobile phones > HTC > Windows
3638 > 3702 > 3705 > 3709,Mobile phones > Mobile phones > HTC > Other HTC phones
3638 > 3702 > 3711 > 3712,Mobile phones > Mobile phones > iPhone > iPhone
3638 > 3702 > 3711 > 3713,Mobile phones > Mobile phones > iPhone > iPhone 12
3638 > 3702 > 3711 > 3714,Mobile phones > Mobile phones > iPhone > iPhone 12 Mini
3638 > 3702 > 3711 > 3715,Mobile phones > Mobile phones > iPhone > iPhone 12 Pro
3638 > 3702 > 3711 > 3716,Mobile phones > Mobile phones > iPhone > iPhone 12 Pro Max
3638 > 3702 > 3711 > 3717,Mobile phones > Mobile phones > iPhone > iPhone 11
3638 > 3702 > 3711 > 3718,Mobile phones > Mobile phones > iPhone > iPhone 11 Pro
3638 > 3702 > 3711 > 3719,Mobile phones > Mobile phones > iPhone > iPhone 11 Pro Max
3638 > 3702 > 3711 > 3720,Mobile phones > Mobile phones > iPhone > iPhone 3G
3638 > 3702 > 3711 > 3721,Mobile phones > Mobile phones > iPhone > iPhone 3GS
3638 > 3702 > 3711 > 3722,Mobile phones > Mobile phones > iPhone > iPhone 4
3638 > 3702 > 3711 > 3723,Mobile phones > Mobile phones > iPhone > iPhone 4S
3638 > 3702 > 3711 > 3724,Mobile phones > Mobile phones > iPhone > iPhone 5
3638 > 3702 > 3711 > 3725,Mobile phones > Mobile phones > iPhone > iPhone 5c
3638 > 3702 > 3711 > 3726,Mobile phones > Mobile phones > iPhone > iPhone 5s
3638 > 3702 > 3711 > 3727,Mobile phones > Mobile phones > iPhone > iPhone 6
3638 > 3702 > 3711 > 3728,Mobile phones > Mobile phones > iPhone > iPhone 6 Plus
3638 > 3702 > 3711 > 3729,Mobile phones > Mobile phones > iPhone > iPhone 6s
3638 > 3702 > 3711 > 3730,Mobile phones > Mobile phones > iPhone > iPhone 6s Plus
3638 > 3702 > 3711 > 3731,Mobile phones > Mobile phones > iPhone > iPhone 7
3638 > 3702 > 3711 > 3732,Mobile phones > Mobile phones > iPhone > iPhone 7 Plus
3638 > 3702 > 3711 > 3733,Mobile phones > Mobile phones > iPhone > iPhone 8
3638 > 3702 > 3711 > 3734,Mobile phones > Mobile phones > iPhone > iPhone 8 Plus
3638 > 3702 > 3711 > 3735,Mobile phones > Mobile phones > iPhone > iPhone SE
3638 > 3702 > 3711 > 3736,Mobile phones > Mobile phones > iPhone > iPhone SE (2nd Gen)
3638 > 3702 > 3711 > 3737,Mobile phones > Mobile phones > iPhone > iPhone X
3638 > 3702 > 3711 > 3738,Mobile phones > Mobile phones > iPhone > iPhone XR
3638 > 3702 > 3711 > 3739,Mobile phones > Mobile phones > iPhone > iPhone XS
3638 > 3702 > 3711 > 3740,Mobile phones > Mobile phones > iPhone > iPhone XS Max
3638 > 3702 > 3711 > 3741,Mobile phones > Mobile phones > iPhone > iPhone 13
3638 > 3702 > 3711 > 3742,Mobile phones > Mobile phones > iPhone > iPhone 13 Pro
3638 > 3702 > 3711 > 3743,Mobile phones > Mobile phones > iPhone > iPhone 13 Pro Max
3638 > 3702 > 3711 > 3744,Mobile phones > Mobile phones > iPhone > iPhone 14
3638 > 3702 > 3711 > 3745,Mobile phones > Mobile phones > iPhone > iPhone 14 Plus
3638 > 3702 > 3711 > 3746,Mobile phones > Mobile phones > iPhone > iPhone 14 Pro
3638 > 3702 > 3711 > 3747,Mobile phones > Mobile phones > iPhone > iPhone 14 Pro Max
3638 > 3702 > 3711 > 3748,Mobile phones > Mobile phones > iPhone > iPhone 15
3638 > 3702 > 3711 > 3749,Mobile phones > Mobile phones > iPhone > iPhone 15 Plus
3638 > 3702 > 3750 > 3751,Mobile phones > Mobile phones > LG > G2
3638 > 3702 > 3750 > 3752,Mobile phones > Mobile phones > LG > Nexus
3638 > 3702 > 3750 > 3753,Mobile phones > Mobile phones > LG > Optimus
3638 > 3702 > 3750 > 3754,Mobile phones > Mobile phones > LG > Other LG phones
3638 > 3702 > 3756 > 3757,Mobile phones > Mobile phones > Nokia > Asha
3638 > 3702 > 3756 > 3758,Mobile phones > Mobile phones > Nokia > Lumia
3638 > 3702 > 3756 > 3759,Mobile phones > Mobile phones > Nokia > Other Nokia phones
3638 > 3702 > 3761 > 3762,Mobile phones > Mobile phones > Samsung > Galaxy Ace
3638 > 3702 > 3761 > 3763,Mobile phones > Mobile phones > Samsung > Galaxy Gear
3638 > 3702 > 3761 > 3764,Mobile phones > Mobile phones > Samsung > Galaxy Note
3638 > 3702 > 3761 > 3765,Mobile phones > Mobile phones > Samsung > Galaxy S
3638 > 3702 > 3761 > 3766,Mobile phones > Mobile phones > Samsung > Galaxy SII
3638 > 3702 > 3761 > 3767,Mobile phones > Mobile phones > Samsung > Galaxy SIII
3638 > 3702 > 3761 > 3768,Mobile phones > Mobile phones > Samsung > Galaxy S4
3638 > 3702 > 3761 > 3769,Mobile phones > Mobile phones > Samsung > Galaxy S5
3638 > 3702 > 3761 > 3770,Mobile phones > Mobile phones > Samsung > Galaxy S6
3638 > 3702 > 3761 > 3771,Mobile phones > Mobile phones > Samsung > Galaxy S7
3638 > 3702 > 3761 > 3772,Mobile phones > Mobile phones > Samsung > Galaxy S8
3638 > 3702 > 3761 > 3773,Mobile phones > Mobile phones > Samsung > Galaxy S9
3638 > 3702 > 3761 > 3774,Mobile phones > Mobile phones > Samsung > Galaxy S10
3638 > 3702 > 3761 > 3775,Mobile phones > Mobile phones > Samsung > Galaxy S20
3638 > 3702 > 3761 > 3776,Mobile phones > Mobile phones > Samsung > Galaxy S20 Plus
3638 > 3702 > 3761 > 3777,Mobile phones > Mobile phones > Samsung > Galaxy S20 Ultra
3638 > 3702 > 3761 > 3778,Mobile phones > Mobile phones > Samsung > Galaxy S21
3638 > 3702 > 3761 > 3779,Mobile phones > Mobile phones > Samsung > Galaxy S21 Plus
3638 > 3702 > 3761 > 3780,Mobile phones > Mobile phones > Samsung > Galaxy S21 Ultra
3638 > 3702 > 3761 > 3781,Mobile phones > Mobile phones > Samsung > Galaxy Xcover
3638 > 3702 > 3761 > 3782,Mobile phones > Mobile phones > Samsung > Galaxy Y
3638 > 3702 > 3761 > 3783,Mobile phones > Mobile phones > Samsung > Other Samsung phones
3638 > 3702 > 3761 > 3784,Mobile phones > Mobile phones > Samsung > Galaxy S22
3638 > 3702 > 3761 > 3785,Mobile phones > Mobile phones > Samsung > Galaxy S22 Plus
3638 > 3702 > 3761 > 3786,Mobile phones > Mobile phones > Samsung > Galaxy S22 Ultra
3638 > 3702 > 3761 > 3787,Mobile phones > Mobile phones > Samsung > Galaxy S23
3638 > 3702 > 3761 > 3788,Mobile phones > Mobile phones > Samsung > Galaxy S23 Plus
3638 > 3702 > 3761 > 3789,Mobile phones > Mobile phones > Samsung > Galaxy S23 Ultra
3638 > 3702 > 3761 > 3790,Mobile phones > Mobile phones > Samsung > Galaxy S24
3638 > 3702 > 3761 > 3791,Mobile phones > Mobile phones > Samsung > Galaxy S24 Plus
3638 > 3702 > 3792 > 3793,Mobile phones > Mobile phones > Sony > Xperia
3638 > 3702 > 3792 > 3794,Mobile phones > Mobile phones > Sony > Other Sony phones
3893 > 3894 > 3895 > 3896,Music-instruments > CDs > Alternative > Artist A
3893 > 3894 > 3895 > 3897,Music-instruments > CDs > Alternative > Artist B
3893 > 3894 > 3895 > 3898,Music-instruments > CDs > Alternative > Artist C
3893 > 3894 > 3895 > 3899,Music-instruments > CDs > Alternative > Artist D
3893 > 3894 > 3895 > 3900,Music-instruments > CDs > Alternative > Artist E
3893 > 3894 > 3895 > 3901,Music-instruments > CDs > Alternative > Artist F
3893 > 3894 > 3895 > 3902,Music-instruments > CDs > Alternative > Artist G
3893 > 3894 > 3895 > 3903,Music-instruments > CDs > Alternative > Artist H
3893 > 3894 > 3895 > 3904,Music-instruments > CDs > Alternative > Artist I
3893 > 3894 > 3895 > 3905,Music-instruments > CDs > Alternative > Artist J
3893 > 3894 > 3895 > 3906,Music-instruments > CDs > Alternative > Artist K
3893 > 3894 > 3895 > 3907,Music-instruments > CDs > Alternative > Artist L
3893 > 3894 > 3895 > 3908,Music-instruments > CDs > Alternative > Artist M
3893 > 3894 > 3895 > 3909,Music-instruments > CDs > Alternative > Artist N
3893 > 3894 > 3895 > 3910,Music-instruments > CDs > Alternative > Artist O
3893 > 3894 > 3895 > 3911,Music-instruments > CDs > Alternative > Artist P
3893 > 3894 > 3895 > 3912,Music-instruments > CDs > Alternative > Artist Q
3893 > 3894 > 3895 > 3913,Music-instruments > CDs > Alternative > Artist R
3893 > 3894 > 3895 > 3914,Music-instruments > CDs > Alternative > Artist S
3893 > 3894 > 3895 > 3915,Music-instruments > CDs > Alternative > Artist T
3893 > 3894 > 3895 > 3916,Music-instruments > CDs > Alternative > Artist U
3893 > 3894 > 3895 > 3917,Music-instruments > CDs > Alternative > Artist V
3893 > 3894 > 3895 > 3918,Music-instruments > CDs > Alternative > Artist W
3893 > 3894 > 3895 > 3919,Music-instruments > CDs > Alternative > Artist X
3893 > 3894 > 3895 > 3920,Music-instruments > CDs > Alternative > Artist Y
3893 > 3894 > 3895 > 3921,Music-instruments > CDs > Alternative > Artist Z
3893 > 3894 > 3895 > 3922,Music-instruments > CDs > Alternative > Various
3893 > 3894 > 3924 > 3925,Music-instruments > CDs > Blues > Artist A-L
3893 > 3894 > 3924 > 3926,Music-instruments > CDs > Blues > Artist M-Z
3893 > 3894 > 3924 > 3927,Music-instruments > CDs > Blues > Various
3893 > 3894 > 3928 > 3929,Music-instruments > CDs > Box sets > Artist A-L
3893 > 3894 > 3928 > 3930,Music-instruments > CDs > Box sets > Artist M-Z
3893 > 3894 > 3928 > 3931,Music-instruments > CDs > Box sets > Various
3893 > 3894 > 3934 > 3935,Music-instruments > CDs > Christian > Artist A-C
3893 > 3894 > 3934 > 3936,Music-instruments > CDs > Christian > Artist D-F
3893 > 3894 > 3934 > 3937,Music-instruments > CDs > Christian > Artist G-I
3893 > 3894 > 3934 > 3938,Music-instruments > CDs > Christian > Artist J-L
3893 > 3894 > 3934 > 3939,Music-instruments > CDs > Christian > Artist M-O
3893 > 3894 > 3934 > 3940,Music-instruments > CDs > Christian > Artist P-R
3893 > 3894 > 3934 > 3941,Music-instruments > CDs > Christian > Artist S-U
3893 > 3894 > 3934 > 3942,Music-instruments > CDs > Christian > Artist V-Z
3893 > 3894 > 3934 > 3943,Music-instruments > CDs > Christian > Various
3893 > 3894 > 3946 > 3947,Music-instruments > CDs > Country > Artist A-C
3893 > 3894 > 3946 > 3948,Music-instruments > CDs > Country > Artist D-F
3893 > 3894 > 3946 > 3949,Music-instruments > CDs > Country > Artist G-I
3893 > 3894 > 3946 > 3950,Music-instruments > CDs > Country > Artist J-L
3893 > 3894 > 3946 > 3951,Music-instruments > CDs > Country > Artist M-O
3893 > 3894 > 3946 > 3952,Music-instruments > CDs > Country > Artist P-R
3893 > 3894 > 3946 > 3953,Music-instruments > CDs > Country > Artist S-U
3893 > 3894 > 3946 > 3954,Music-instruments > CDs > Country > Artist V-Z
3893 > 3894 > 3946 > 3955,Music-instruments > CDs > Country > Various
3893 > 3894 > 3956 > 3957,Music-instruments > CDs > Dance & electronica > Artist A-C
3893 > 3894 > 3956 > 3958,Music-instruments > CDs > Dance & electronica > Artist D-F
3893 > 3894 > 3956 > 3959,Music-instruments > CDs > Dance & electronica > Artist G-I
3893 > 3894 > 3956 > 3960,Music-instruments > CDs > Dance & electronica > Artist J-L
3893 > 3894 > 3956 > 3961,Music-instruments > CDs > Dance & electronica > Artist M-O
3893 > 3894 > 3956 > 3962,Music-instruments > CDs > Dance & electronica > Artist P-R
3893 > 3894 > 3956 > 3963,Music-instruments > CDs > Dance & electronica > Artist S-U
3893 > 3894 > 3956 > 3964,Music-instruments > CDs > Dance & electronica > Artist V-Z
3893 > 3894 > 3956 > 3965,Music-instruments > CDs > Dance & electronica > Various
3893 > 3894 > 3966 > 3967,Music-instruments > CDs > Jazz > Artist A-C
3893 > 3894 > 3966 > 3968,Music-instruments > CDs > Jazz > Artist D-F
3893 > 3894 > 3966 > 3969,Music-instruments > CDs > Jazz > Artist G-I
3893 > 3894 > 3966 > 3970,Music-instruments > CDs > Jazz > Artist J-L
3893 > 3894 > 3966 > 3971,Music-instruments > CDs > Jazz > Artist M-O
3893 > 3894 > 3966 > 3972,Music-instruments > CDs > Jazz > Artist P-R
3893 > 3894 > 3966 > 3973,Music-instruments > CDs > Jazz > Artist S-U
3893 > 3894 > 3966 > 3974,Music-instruments > CDs > Jazz > Artist V-Z
3893 > 3894 > 3966 > 3975,Music-instruments > CDs > Jazz > Various
3893 > 3894 > 3977 > 3978,Music-instruments > CDs > Metal > Artist A
3893 > 3894 > 3977 > 3979,Music-instruments > CDs > Metal > Artist B
3893 > 3894 > 3977 > 3980,Music-instruments > CDs > Metal > Artist C
3893 > 3894 > 3977 > 3981,Music-instruments > CDs > Metal > Artist D
3893 > 3894 > 3977 > 3982,Music-instruments > CDs > Metal > Artist E
3893 > 3894 > 3977 > 3983,Music-instruments > CDs > Metal > Artist F
3893 > 3894 > 3977 > 3984,Music-instruments > CDs > Metal > Artist G
3893 > 3894 > 3977 > 3985,Music-instruments > CDs > Metal > Artist H
3893 > 3894 > 3977 > 3986,Music-instruments > CDs > Metal > Artist I
3893 > 3894 > 3977 > 3987,Music-instruments > CDs > Metal > Artist J
3893 > 3894 > 3977 > 3988,Music-instruments > CDs > Metal > Artist K
3893 > 3894 > 3977 > 3989,Music-instruments > CDs > Metal > Artist L
3893 > 3894 > 3977 > 3990,Music-instruments > CDs > Metal > Artist M
3893 > 3894 > 3977 > 3991,Music-instruments > CDs > Metal > Artist N
3893 > 3894 > 3977 > 3992,Music-instruments > CDs > Metal > Artist O
3893 > 3894 > 3977 > 3993,Music-instruments > CDs > Metal > Artist P
3893 > 3894 > 3977 > 3994,Music-instruments > CDs > Metal > Artist Q
3893 > 3894 > 3977 > 3995,Music-instruments > CDs > Metal > Artist R
3893 > 3894 > 3977 > 3996,Music-instruments > CDs > Metal > Artist S
3893 > 3894 > 3977 > 3997,Music-instruments > CDs > Metal > Artist T
3893 > 3894 > 3977 > 3998,Music-instruments > CDs > Metal > Artist U
3893 > 3894 > 3977 > 3999,Music-instruments > CDs > Metal > Artist V
3893 > 3894 > 3977 > 4000,Music-instruments > CDs > Metal > Artist W
3893 > 3894 > 3977 > 4001,Music-instruments > CDs > Metal > Artist X
3893 > 3894 > 3977 > 4002,Music-instruments > CDs > Metal > Artist Y
3893 > 3894 > 3977 > 4003,Music-instruments > CDs > Metal > Artist Z
3893 > 3894 > 3977 > 4004,Music-instruments > CDs > Metal > Various
3893 > 3894 > 4005 > 4006,Music-instruments > CDs > Saudia Arab > Artist A
3893 > 3894 > 4005 > 4007,Music-instruments > CDs > Saudia Arab > Artist B
3893 > 3894 > 4005 > 4008,Music-instruments > CDs > Saudia Arab > Artist C
3893 > 3894 > 4005 > 4009,Music-instruments > CDs > Saudia Arab > Artist D
3893 > 3894 > 4005 > 4010,Music-instruments > CDs > Saudia Arab > Artist E
3893 > 3894 > 4005 > 4011,Music-instruments > CDs > Saudia Arab > Artist F
3893 > 3894 > 4005 > 4012,Music-instruments > CDs > Saudia Arab > Artist G
3893 > 3894 > 4005 > 4013,Music-instruments > CDs > Saudia Arab > Artist H
3893 > 3894 > 4005 > 4014,Music-instruments > CDs > Saudia Arab > Artist I
3893 > 3894 > 4005 > 4015,Music-instruments > CDs > Saudia Arab > Artist J
3893 > 3894 > 4005 > 4016,Music-instruments > CDs > Saudia Arab > Artist K
3893 > 3894 > 4005 > 4017,Music-instruments > CDs > Saudia Arab > Artist L
3893 > 3894 > 4005 > 4018,Music-instruments > CDs > Saudia Arab > Artist M
3893 > 3894 > 4005 > 4019,Music-instruments > CDs > Saudia Arab > Artist N
3893 > 3894 > 4005 > 4020,Music-instruments > CDs > Saudia Arab > Artist O
3893 > 3894 > 4005 > 4021,Music-instruments > CDs > Saudia Arab > Artist P
3893 > 3894 > 4005 > 4022,Music-instruments > CDs > Saudia Arab > Artist Q
3893 > 3894 > 4005 > 4023,Music-instruments > CDs > Saudia Arab > Artist R
3893 > 3894 > 4005 > 4024,Music-instruments > CDs > Saudia Arab > Artist S
3893 > 3894 > 4005 > 4025,Music-instruments > CDs > Saudia Arab > Artist T
3893 > 3894 > 4005 > 4026,Music-instruments > CDs > Saudia Arab > Artist U
3893 > 3894 > 4005 > 4027,Music-instruments > CDs > Saudia Arab > Artist V
3893 > 3894 > 4005 > 4028,Music-instruments > CDs > Saudia Arab > Artist W
3893 > 3894 > 4005 > 4029,Music-instruments > CDs > Saudia Arab > Artist X
3893 > 3894 > 4005 > 4030,Music-instruments > CDs > Saudia Arab > Artist Y
3893 > 3894 > 4005 > 4031,Music-instruments > CDs > Saudia Arab > Artist Z
3893 > 3894 > 4005 > 4032,Music-instruments > CDs > Saudia Arab > Various
3893 > 3894 > 4033 > 4034,Music-instruments > CDs > Pop & rock > Artist A
3893 > 3894 > 4033 > 4035,Music-instruments > CDs > Pop & rock > Artist B
3893 > 3894 > 4033 > 4036,Music-instruments > CDs > Pop & rock > Artist C
3893 > 3894 > 4033 > 4037,Music-instruments > CDs > Pop & rock > Artist D
3893 > 3894 > 4033 > 4038,Music-instruments > CDs > Pop & rock > Artist E
3893 > 3894 > 4033 > 4039,Music-instruments > CDs > Pop & rock > Artist F
3893 > 3894 > 4033 > 4040,Music-instruments > CDs > Pop & rock > Artist G
3893 > 3894 > 4033 > 4041,Music-instruments > CDs > Pop & rock > Artist H
3893 > 3894 > 4033 > 4042,Music-instruments > CDs > Pop & rock > Artist I
3893 > 3894 > 4033 > 4043,Music-instruments > CDs > Pop & rock > Artist J
3893 > 3894 > 4033 > 4044,Music-instruments > CDs > Pop & rock > Artist K
3893 > 3894 > 4033 > 4045,Music-instruments > CDs > Pop & rock > Artist L
3893 > 3894 > 4033 > 4046,Music-instruments > CDs > Pop & rock > Artist M
3893 > 3894 > 4033 > 4047,Music-instruments > CDs > Pop & rock > Artist N
3893 > 3894 > 4033 > 4048,Music-instruments > CDs > Pop & rock > Artist O
3893 > 3894 > 4033 > 4049,Music-instruments > CDs > Pop & rock > Artist P
3893 > 3894 > 4033 > 4050,Music-instruments > CDs > Pop & rock > Artist Q
3893 > 3894 > 4033 > 4051,Music-instruments > CDs > Pop & rock > Artist R
3893 > 3894 > 4033 > 4052,Music-instruments > CDs > Pop & rock > Artist S
3893 > 3894 > 4033 > 4053,Music-instruments > CDs > Pop & rock > Artist T
3893 > 3894 > 4033 > 4054,Music-instruments > CDs > Pop & rock > Artist U
3893 > 3894 > 4033 > 4055,Music-instruments > CDs > Pop & rock > Artist V
3893 > 3894 > 4033 > 4056,Music-instruments > CDs > Pop & rock > Artist W
3893 > 3894 > 4033 > 4057,Music-instruments > CDs > Pop & rock > Artist X
3893 > 3894 > 4033 > 4058,Music-instruments > CDs > Pop & rock > Artist Y
3893 > 3894 > 4033 > 4059,Music-instruments > CDs > Pop & rock > Artist Z
3893 > 3894 > 4033 > 4060,Music-instruments > CDs > Pop & rock > Various
3893 > 3894 > 4033 > 4061,Music-instruments > CDs > Pop & rock > Other
3893 > 3894 > 4062 > 4063,Music-instruments > CDs > Punk & ska > Artist A-C
3893 > 3894 > 4062 > 4064,Music-instruments > CDs > Punk & ska > Artist D-F
3893 > 3894 > 4062 > 4065,Music-instruments > CDs > Punk & ska > Artist G-I
3893 > 3894 > 4062 > 4066,Music-instruments > CDs > Punk & ska > Artist J-L
3893 > 3894 > 4062 > 4067,Music-instruments > CDs > Punk & ska > Artist M-O
3893 > 3894 > 4062 > 4068,Music-instruments > CDs > Punk & ska > Artist P-R
3893 > 3894 > 4062 > 4069,Music-instruments > CDs > Punk & ska > Artist S-U
3893 > 3894 > 4062 > 4070,Music-instruments > CDs > Punk & ska > Artist V-Z
3893 > 3894 > 4062 > 4071,Music-instruments > CDs > Punk & ska > Various
3893 > 3894 > 4072 > 4073,Music-instruments > CDs > R&B / Soul > Artist A-C
3893 > 3894 > 4072 > 4074,Music-instruments > CDs > R&B / Soul > Artist D-F
3893 > 3894 > 4072 > 4075,Music-instruments > CDs > R&B / Soul > Artist G-I
3893 > 3894 > 4072 > 4076,Music-instruments > CDs > R&B / Soul > Artist J-L
3893 > 3894 > 4072 > 4077,Music-instruments > CDs > R&B / Soul > Artist M-O
3893 > 3894 > 4072 > 4078,Music-instruments > CDs > R&B / Soul > Artist P-R
3893 > 3894 > 4072 > 4079,Music-instruments > CDs > R&B / Soul > Artist S-U
3893 > 3894 > 4072 > 4080,Music-instruments > CDs > R&B / Soul > Artist V-Z
3893 > 3894 > 4072 > 4081,Music-instruments > CDs > R&B / Soul > Various
3893 > 3894 > 4082 > 4083,Music-instruments > CDs > Rap & Hip-hop > Artist A-C
3893 > 3894 > 4082 > 4084,Music-instruments > CDs > Rap & Hip-hop > Artist D-F
3893 > 3894 > 4082 > 4085,Music-instruments > CDs > Rap & Hip-hop > Artist G-I
3893 > 3894 > 4082 > 4086,Music-instruments > CDs > Rap & Hip-hop > Artist J-L
3893 > 3894 > 4082 > 4087,Music-instruments > CDs > Rap & Hip-hop > Artist M-O
3893 > 3894 > 4082 > 4088,Music-instruments > CDs > Rap & Hip-hop > Artist P-R
3893 > 3894 > 4082 > 4089,Music-instruments > CDs > Rap & Hip-hop > Artist S-U
3893 > 3894 > 4082 > 4090,Music-instruments > CDs > Rap & Hip-hop > Artist V-Z
3893 > 3894 > 4082 > 4091,Music-instruments > CDs > Rap & Hip-hop > Various
3893 > 3894 > 4092 > 4093,Music-instruments > CDs > Reggae > Artist A-L
3893 > 3894 > 4092 > 4094,Music-instruments > CDs > Reggae > Artist M-Z
3893 > 3894 > 4092 > 4095,Music-instruments > CDs > Reggae > Various
3893 > 3894 > 4096 > 4097,Music-instruments > CDs > Singles > Artist A-C
3893 > 3894 > 4096 > 4098,Music-instruments > CDs > Singles > Artist D-F
3893 > 3894 > 4096 > 4099,Music-instruments > CDs > Singles > Artist G-I
3893 > 3894 > 4096 > 4100,Music-instruments > CDs > Singles > Artist J-L
3893 > 3894 > 4096 > 4101,Music-instruments > CDs > Singles > Artist M-O
3893 > 3894 > 4096 > 4102,Music-instruments > CDs > Singles > Artist P-R
3893 > 3894 > 4096 > 4103,Music-instruments > CDs > Singles > Artist S-U
3893 > 3894 > 4096 > 4104,Music-instruments > CDs > Singles > Artist V-Z
3893 > 3894 > 4096 > 4105,Music-instruments > CDs > Singles > Various
3893 > 3894 > 4106 > 4107,Music-instruments > CDs > Soundtracks > Title A-C
3893 > 3894 > 4106 > 4108,Music-instruments > CDs > Soundtracks > Title D-F
3893 > 3894 > 4106 > 4109,Music-instruments > CDs > Soundtracks > Title G-I
3893 > 3894 > 4106 > 4110,Music-instruments > CDs > Soundtracks > Title J-L
3893 > 3894 > 4106 > 4111,Music-instruments > CDs > Soundtracks > Title M-O
3893 > 3894 > 4106 > 4112,Music-instruments > CDs > Soundtracks > Title P-R
3893 > 3894 > 4106 > 4113,Music-instruments > CDs > Soundtracks > Title S-U
3893 > 3894 > 4106 > 4114,Music-instruments > CDs > Soundtracks > Title V-Z
3893 > 3894 > 4115 > 4116,Music-instruments > CDs > World & folk > Artist A-C
3893 > 3894 > 4115 > 4117,Music-instruments > CDs > World & folk > Artist D-F
3893 > 3894 > 4115 > 4118,Music-instruments > CDs > World & folk > Artist G-I
3893 > 3894 > 4115 > 4119,Music-instruments > CDs > World & folk > Artist J-L
3893 > 3894 > 4115 > 4120,Music-instruments > CDs > World & folk > Artist M-O
3893 > 3894 > 4115 > 4121,Music-instruments > CDs > World & folk > Artist P-R
3893 > 3894 > 4115 > 4122,Music-instruments > CDs > World & folk > Artist S-U
3893 > 3894 > 4115 > 4123,Music-instruments > CDs > World & folk > Artist V-Z
3893 > 3894 > 4115 > 4124,Music-instruments > CDs > World & folk > Various
3893 > 4125 > 4126 > 4127,Music-instruments > Instruments > Accessories > Music stands
3893 > 4125 > 4126 > 4128,Music-instruments > Instruments > Accessories > Tuners & metronomes
3893 > 4125 > 4126 > 4129,Music-instruments > Instruments > Accessories > Other
3893 > 4125 > 4130 > 4131,Music-instruments > Instruments > Brass > Mouthpieces & parts
3893 > 4125 > 4130 > 4132,Music-instruments > Instruments > Brass > Trombones
3893 > 4125 > 4130 > 4133,Music-instruments > Instruments > Brass > Trumpets & cornets
3893 > 4125 > 4130 > 4134,Music-instruments > Instruments > Brass > Other
3893 > 4125 > 4135 > 4136,Music-instruments > Instruments > Drums > Cymbals
3893 > 4125 > 4135 > 4137,Music-instruments > Instruments > Drums > Drum kits
3893 > 4125 > 4135 > 4138,Music-instruments > Instruments > Drums > Drum sticks
3893 > 4125 > 4135 > 4139,Music-instruments > Instruments > Drums > Heads & skins
3893 > 4125 > 4135 > 4140,Music-instruments > Instruments > Drums > Individual drums
3893 > 4125 > 4135 > 4141,Music-instruments > Instruments > Drums > Pedals
3893 > 4125 > 4135 > 4142,Music-instruments > Instruments > Drums > Practice pads
3893 > 4125 > 4135 > 4143,Music-instruments > Instruments > Drums > Stands
3893 > 4125 > 4135 > 4144,Music-instruments > Instruments > Drums > Other
3893 > 4125 > 4145 > 4146,Music-instruments > Instruments > Guitar & bass > Acoustic electric guitars
3893 > 4125 > 4145 > 4147,Music-instruments > Instruments > Guitar & bass > Acoustic guitars
3893 > 4125 > 4145 > 4148,Music-instruments > Instruments > Guitar & bass > Bags & cases
3893 > 4125 > 4145 > 4149,Music-instruments > Instruments > Guitar & bass > Banjos & ukuleles
3893 > 4125 > 4145 > 4150,Music-instruments > Instruments > Guitar & bass > Bass amps
3893 > 4125 > 4145 > 4151,Music-instruments > Instruments > Guitar & bass > Bass guitars
3893 > 4125 > 4145 > 4152,Music-instruments > Instruments > Guitar & bass > Cables & leads
3893 > 4125 > 4145 > 4153,Music-instruments > Instruments > Guitar & bass > Classical & nylon guitars
3893 > 4125 > 4145 > 4154,Music-instruments > Instruments > Guitar & bass > Effects units
3893 > 4125 > 4145 > 4155,Music-instruments > Instruments > Guitar & bass > Electric guitars
3893 > 4125 > 4145 > 4156,Music-instruments > Instruments > Guitar & bass > Guitar amps
3893 > 4125 > 4145 > 4157,Music-instruments > Instruments > Guitar & bass > Picks
3893 > 4125 > 4145 > 4158,Music-instruments > Instruments > Guitar & bass > Stands
3893 > 4125 > 4145 > 4159,Music-instruments > Instruments > Guitar & bass > Straps
3893 > 4125 > 4145 > 4160,Music-instruments > Instruments > Guitar & bass > Strings
3893 > 4125 > 4145 > 4161,Music-instruments > Instruments > Guitar & bass > Tuners & winders
3893 > 4125 > 4145 > 4162,Music-instruments > Instruments > Guitar & bass > Other
3893 > 4125 > 4163 > 4164,Music-instruments > Instruments > Keyboards & piano > Digital pianos
3893 > 4125 > 4163 > 4165,Music-instruments > Instruments > Keyboards & piano > Grand pianos
3893 > 4125 > 4163 > 4166,Music-instruments > Instruments > Keyboards & piano > Keyboards
3893 > 4125 > 4163 > 4167,Music-instruments > Instruments > Keyboards & piano > Organs
3893 > 4125 > 4163 > 4168,Music-instruments > Instruments > Keyboards & piano > Upright pianos
3893 > 4125 > 4163 > 4169,Music-instruments > Instruments > Keyboards & piano > Other
3893 > 4125 > 4171 > 4172,Music-instruments > Instruments > String > Cellos & double bass
3893 > 4125 > 4171 > 4173,"Music-instruments > Instruments > String > Strings, bags & cases"
3893 > 4125 > 4171 > 4174,Music-instruments > Instruments > String > Violins & violas
3893 > 4125 > 4171 > 4175,Music-instruments > Instruments > String > Other
3893 > 4125 > 4176 > 4177,Music-instruments > Instruments > Wind instruments > Bags & cases
3893 > 4125 > 4176 > 4178,Music-instruments > Instruments > Wind instruments > Clarinets
3893 > 4125 > 4176 > 4179,Music-instruments > Instruments > Wind instruments > Flutes
3893 > 4125 > 4176 > 4180,Music-instruments > Instruments > Wind instruments > Mouthpieces & parts
3893 > 4125 > 4176 > 4181,Music-instruments > Instruments > Wind instruments > Saxophones
3893 > 4125 > 4176 > 4182,Music-instruments > Instruments > Wind instruments > Other
3893 > 4194 > 4195 > 4196,Music-instruments > Music memorabilia > Clothing > Small
3893 > 4194 > 4195 > 4197,Music-instruments > Music memorabilia > Clothing > Medium
3893 > 4194 > 4195 > 4198,Music-instruments > Music memorabilia > Clothing > Large
3893 > 4194 > 4195 > 4199,Music-instruments > Music memorabilia > Clothing > XL+
3893 > 4194 > 4203 > 4204,Music-instruments > Music memorabilia > Posters & prints > Pop
3893 > 4194 > 4203 > 4205,Music-instruments > Music memorabilia > Posters & prints > Punk & ska
3893 > 4194 > 4203 > 4206,Music-instruments > Music memorabilia > Posters & prints > R&B / Soul
3893 > 4194 > 4203 > 4207,Music-instruments > Music memorabilia > Posters & prints > Rap & hip-hop
3893 > 4194 > 4203 > 4208,Music-instruments > Music memorabilia > Posters & prints > Rock
3893 > 4194 > 4203 > 4209,Music-instruments > Music memorabilia > Posters & prints > Other
3893 > 4214 > 4219 > 4220,"Music-instruments > PA, pro audio & DJ equipment > Lighting & effects > Laser lights"
3893 > 4214 > 4219 > 4221,"Music-instruments > PA, pro audio & DJ equipment > Lighting & effects > LED lights"
3893 > 4214 > 4219 > 4222,"Music-instruments > PA, pro audio & DJ equipment > Lighting & effects > Smoke & bubble machines"
3893 > 4214 > 4219 > 4223,"Music-instruments > PA, pro audio & DJ equipment > Lighting & effects > Strobe lights"
3893 > 4214 > 4219 > 4224,"Music-instruments > PA, pro audio & DJ equipment > Lighting & effects > Other"
3893 > 4214 > 4226 > 4227,"Music-instruments > PA, pro audio & DJ equipment > Microphones > Condenser microphones"
3893 > 4214 > 4226 > 4228,"Music-instruments > PA, pro audio & DJ equipment > Microphones > Dynamic microphones"
3893 > 4214 > 4226 > 4229,"Music-instruments > PA, pro audio & DJ equipment > Microphones > Other"
3893 > 4251 > 4252 > 4253,Music-instruments > Vinyl > 45 RPM > 12 inch singles
3893 > 4251 > 4252 > 4254,Music-instruments > Vinyl > 45 RPM > Alternative
3893 > 4251 > 4252 > 4255,Music-instruments > Vinyl > 45 RPM > Pop
3893 > 4251 > 4252 > 4256,Music-instruments > Vinyl > 45 RPM > Punk & ska
3893 > 4251 > 4252 > 4257,Music-instruments > Vinyl > 45 RPM > R&B / soul
3893 > 4251 > 4252 > 4258,Music-instruments > Vinyl > 45 RPM > Rap & hip-hop
3893 > 4251 > 4252 > 4259,Music-instruments > Vinyl > 45 RPM > Rock
3893 > 4251 > 4252 > 4260,Music-instruments > Vinyl > 45 RPM > Other
3893 > 4251 > 4261 > 4262,Music-instruments > Vinyl > LPs (33 RPM) > Classical
3893 > 4251 > 4261 > 4263,Music-instruments > Vinyl > LPs (33 RPM) > Country
3893 > 4251 > 4261 > 4264,Music-instruments > Vinyl > LPs (33 RPM) > Dance & electronica
3893 > 4251 > 4261 > 4265,Music-instruments > Vinyl > LPs (33 RPM) > Easy listening
3893 > 4251 > 4261 > 4266,Music-instruments > Vinyl > LPs (33 RPM) > Hip hop
3893 > 4251 > 4261 > 4267,Music-instruments > Vinyl > LPs (33 RPM) > Jazz & blues
3893 > 4251 > 4261 > 4268,Music-instruments > Vinyl > LPs (33 RPM) > Metal
3893 > 4251 > 4261 > 4269,Music-instruments > Vinyl > LPs (33 RPM) > Pop
3893 > 4251 > 4261 > 4270,Music-instruments > Vinyl > LPs (33 RPM) > R&B / Soul
3893 > 4251 > 4261 > 4271,Music-instruments > Vinyl > LPs (33 RPM) > Rock
3893 > 4251 > 4261 > 4272,Music-instruments > Vinyl > LPs (33 RPM) > Other
4275 > 4276 > 4277 > 4278,Pets & animals > Birds > Birds > Budgies
4275 > 4276 > 4277 > 4279,Pets & animals > Birds > Birds > Cockatiels
4275 > 4276 > 4277 > 4280,Pets & animals > Birds > Birds > Doves
4275 > 4276 > 4277 > 4281,Pets & animals > Birds > Birds > Parrots
4275 > 4276 > 4277 > 4282,Pets & animals > Birds > Birds > Pigeons
4275 > 4276 > 4277 > 4283,Pets & animals > Birds > Birds > Rainbow lorikeets
4275 > 4276 > 4277 > 4284,Pets & animals > Birds > Birds > Ringnecks
4275 > 4276 > 4277 > 4285,Pets & animals > Birds > Birds > Other
4275 > 4296 > 4301 > 4302,Pets & animals > Dogs > Dogs for sale > Bichons
4275 > 4296 > 4301 > 4303,Pets & animals > Dogs > Dogs for sale > Border collies
4275 > 4296 > 4301 > 4304,Pets & animals > Dogs > Dogs for sale > Bulldogs
4275 > 4296 > 4301 > 4305,Pets & animals > Dogs > Dogs for sale > Chihuahuas
4275 > 4296 > 4301 > 4306,Pets & animals > Dogs > Dogs for sale > German shepherds
4275 > 4296 > 4301 > 4307,Pets & animals > Dogs > Dogs for sale > Labradors
4275 > 4296 > 4301 > 4308,Pets & animals > Dogs > Dogs for sale > Maltese
4275 > 4296 > 4301 > 4309,Pets & animals > Dogs > Dogs for sale > Pomeranians
4275 > 4296 > 4301 > 4310,Pets & animals > Dogs > Dogs for sale > Poodles
4275 > 4296 > 4301 > 4311,Pets & animals > Dogs > Dogs for sale > Terriers
4275 > 4296 > 4301 > 4312,Pets & animals > Dogs > Dogs for sale > Other
4275 > 4296 > 4317 > 4318,"Pets & animals > Dogs > Kennels, crates & pens > Cages & crates"
4275 > 4296 > 4317 > 4319,"Pets & animals > Dogs > Kennels, crates & pens > Covers"
4275 > 4296 > 4317 > 4320,"Pets & animals > Dogs > Kennels, crates & pens > Kennels"
4275 > 4296 > 4317 > 4321,"Pets & animals > Dogs > Kennels, crates & pens > Kennels with runs"
4275 > 4296 > 4317 > 4322,"Pets & animals > Dogs > Kennels, crates & pens > Pens"
4275 > 4296 > 4317 > 4323,"Pets & animals > Dogs > Kennels, crates & pens > Other"
4275 > 4327 > 4330 > 4331,Pets & animals > Fish > Fish > Cold water fish
4275 > 4327 > 4330 > 4332,Pets & animals > Fish > Fish > Marine fish
4275 > 4327 > 4330 > 4333,Pets & animals > Fish > Fish > Tropical fish
4275 > 4327 > 4330 > 4334,Pets & animals > Fish > Fish > Other
4366 > 4367 > 4371 > 4372,Pottery & Glass > Glass & crystal > Glasses > Stemware
4366 > 4367 > 4371 > 4373,Pottery & Glass > Glass & crystal > Glasses > Other
4366 > 4367 > 4375 > 4376,Pottery & Glass > Glass & crystal > Ornaments > Birds
4366 > 4367 > 4375 > 4377,"Pottery & Glass > Glass & crystal > Ornaments > Flowers, fruit & plants"
4366 > 4367 > 4375 > 4378,Pottery & Glass > Glass & crystal > Ornaments > Other animals
4366 > 4367 > 4375 > 4379,Pottery & Glass > Glass & crystal > Ornaments > Paperweights
4366 > 4367 > 4375 > 4380,Pottery & Glass > Glass & crystal > Ornaments > Sea creatures
4366 > 4367 > 4375 > 4381,Pottery & Glass > Glass & crystal > Ornaments > Other
4366 > 4385 > 4388 > 4389,Pottery & Glass > Porcelain & pottery > Beswick > Beatrix Potter figurines
4366 > 4385 > 4388 > 4390,Pottery & Glass > Porcelain & pottery > Beswick > Vases
4366 > 4385 > 4388 > 4391,Pottery & Glass > Porcelain & pottery > Beswick > Other figurines
4366 > 4385 > 4388 > 4392,Pottery & Glass > Porcelain & pottery > Beswick > Other
4366 > 4385 > 4394 > 4395,Pottery & Glass > Porcelain & pottery > Carlton Ware > Bowls & dishes
4366 > 4385 > 4394 > 4396,Pottery & Glass > Porcelain & pottery > Carlton Ware > Plates
4366 > 4385 > 4394 > 4397,"Pottery & Glass > Porcelain & pottery > Carlton Ware > Salt, pepper & condiment sets"
4366 > 4385 > 4394 > 4398,Pottery & Glass > Porcelain & pottery > Carlton Ware > Other
4366 > 4385 > 4402 > 4403,Pottery & Glass > Porcelain & pottery > Crown Lynn > Bowls & dishes
4366 > 4385 > 4402 > 4404,Pottery & Glass > Porcelain & pottery > Crown Lynn > Cups & saucers
4366 > 4385 > 4402 > 4405,Pottery & Glass > Porcelain & pottery > Crown Lynn > Jugs
4366 > 4385 > 4402 > 4406,Pottery & Glass > Porcelain & pottery > Crown Lynn > Plates & platters
4366 > 4385 > 4402 > 4407,Pottery & Glass > Porcelain & pottery > Crown Lynn > Vases
4366 > 4385 > 4402 > 4408,Pottery & Glass > Porcelain & pottery > Crown Lynn > Other
4366 > 4385 > 4418 > 4419,Pottery & Glass > Porcelain & pottery > Royal Albert > Cups & saucers
4366 > 4385 > 4418 > 4420,"Pottery & Glass > Porcelain & pottery > Royal Albert > Plates, bowls & dishes"
4366 > 4385 > 4418 > 4421,Pottery & Glass > Porcelain & pottery > Royal Albert > Other
4366 > 4385 > 4423 > 4424,Pottery & Glass > Porcelain & pottery > Royal Doulton > Bowls & dishes
4366 > 4385 > 4423 > 4425,Pottery & Glass > Porcelain & pottery > Royal Doulton > Cups & saucers
4366 > 4385 > 4423 > 4426,Pottery & Glass > Porcelain & pottery > Royal Doulton > Figurines
4366 > 4385 > 4423 > 4427,Pottery & Glass > Porcelain & pottery > Royal Doulton > Jugs
4366 > 4385 > 4423 > 4428,Pottery & Glass > Porcelain & pottery > Royal Doulton > Plates
4366 > 4385 > 4423 > 4429,Pottery & Glass > Porcelain & pottery > Royal Doulton > Other
4366 > 4385 > 4430 > 4431,Pottery & Glass > Porcelain & pottery > Royal Winton > Bowls & dishes
4366 > 4385 > 4430 > 4432,Pottery & Glass > Porcelain & pottery > Royal Winton > Plates
4366 > 4385 > 4430 > 4433,Pottery & Glass > Porcelain & pottery > Royal Winton > Other
4366 > 4385 > 4437 > 4438,"Pottery & Glass > Porcelain & pottery > Staffordshire > Plates, bowls & dishes"
4366 > 4385 > 4437 > 4439,Pottery & Glass > Porcelain & pottery > Staffordshire > Other
4366 > 4385 > 4442 > 4443,Pottery & Glass > Porcelain & pottery > Temuka > Bowls & dishes
4366 > 4385 > 4442 > 4444,Pottery & Glass > Porcelain & pottery > Temuka > Cups & saucers
4366 > 4385 > 4442 > 4445,Pottery & Glass > Porcelain & pottery > Temuka > Jugs
4366 > 4385 > 4442 > 4446,Pottery & Glass > Porcelain & pottery > Temuka > Plates & platters
4366 > 4385 > 4442 > 4447,Pottery & Glass > Porcelain & pottery > Temuka > Tea & coffee pots
4366 > 4385 > 4442 > 4448,Pottery & Glass > Porcelain & pottery > Temuka > Other
4366 > 4385 > 4452 > 4453,Pottery & Glass > Porcelain & pottery > Wade > Building Whimsies
4366 > 4385 > 4452 > 4454,Pottery & Glass > Porcelain & pottery > Wade > Cat & kitten Whimsies
4366 > 4385 > 4452 > 4455,Pottery & Glass > Porcelain & pottery > Wade > Dog & puppy Whimsies
4366 > 4385 > 4452 > 4456,Pottery & Glass > Porcelain & pottery > Wade > Farm animal Whimsies
4366 > 4385 > 4452 > 4457,Pottery & Glass > Porcelain & pottery > Wade > Nursery rhyme Whimsies
4366 > 4385 > 4452 > 4458,Pottery & Glass > Porcelain & pottery > Wade > Other Whimsies
4366 > 4385 > 4452 > 4459,"Pottery & Glass > Porcelain & pottery > Wade > Plates, bowls & dishes"
4366 > 4385 > 4452 > 4460,Pottery & Glass > Porcelain & pottery > Wade > Other
4366 > 4385 > 4461 > 4462,Pottery & Glass > Porcelain & pottery > Wedgwood > Dishes & bowls
4366 > 4385 > 4461 > 4463,Pottery & Glass > Porcelain & pottery > Wedgwood > Plates
4366 > 4385 > 4461 > 4464,Pottery & Glass > Porcelain & pottery > Wedgwood > Vases
4366 > 4385 > 4461 > 4465,Pottery & Glass > Porcelain & pottery > Wedgwood > Other
4366 > 4385 > 4466 > 4467,Pottery & Glass > Porcelain & pottery > Other British manufacturers > Bowls & dishes
4366 > 4385 > 4466 > 4468,Pottery & Glass > Porcelain & pottery > Other British manufacturers > Cups & saucers
4366 > 4385 > 4466 > 4469,Pottery & Glass > Porcelain & pottery > Other British manufacturers > Jugs
4366 > 4385 > 4466 > 4470,Pottery & Glass > Porcelain & pottery > Other British manufacturers > Plates & platters
4366 > 4385 > 4466 > 4471,Pottery & Glass > Porcelain & pottery > Other British manufacturers > Sets
4366 > 4385 > 4466 > 4472,Pottery & Glass > Porcelain & pottery > Other British manufacturers > Vases
4366 > 4385 > 4466 > 4473,Pottery & Glass > Porcelain & pottery > Other British manufacturers > Other
4366 > 4385 > 4476 > 4477,Pottery & Glass > Porcelain & pottery > Other > Bowls & dishes
4366 > 4385 > 4476 > 4478,Pottery & Glass > Porcelain & pottery > Other > Cups & saucers
4366 > 4385 > 4476 > 4479,Pottery & Glass > Porcelain & pottery > Other > Plates & platters
4366 > 4385 > 4476 > 4480,Pottery & Glass > Porcelain & pottery > Other > Sets
4366 > 4385 > 4476 > 4481,Pottery & Glass > Porcelain & pottery > Other > Vases
4366 > 4385 > 4476 > 4482,Pottery & Glass > Porcelain & pottery > Other > Other
4483 > 4485 > 4486 > 4487,Sports > Basketball > Apparel > Singlets & jerseys
4483 > 4485 > 4486 > 4488,Sports > Basketball > Apparel > Other
4483 > 4493 > 4494 > 4495,Sports > Camping > Camping toilets & showers > Shower tents
4483 > 4493 > 4494 > 4496,Sports > Camping > Camping toilets & showers > Showers
4483 > 4493 > 4494 > 4497,Sports > Camping > Camping toilets & showers > Toilets
4483 > 4493 > 4498 > 4499,Sports > Camping > Climbing & adventure > Belays
4483 > 4493 > 4498 > 4500,Sports > Camping > Climbing & adventure > Carabiners
4483 > 4493 > 4498 > 4501,Sports > Camping > Climbing & adventure > Climbing shoes
4483 > 4493 > 4498 > 4502,"Sports > Camping > Climbing & adventure > Cords, slings & webbing"
4483 > 4493 > 4498 > 4503,Sports > Camping > Climbing & adventure > Harnesses
4483 > 4493 > 4498 > 4504,Sports > Camping > Climbing & adventure > Helmets
4483 > 4493 > 4498 > 4505,Sports > Camping > Climbing & adventure > Ice climbing
4483 > 4493 > 4498 > 4506,Sports > Camping > Climbing & adventure > Ropes
4483 > 4493 > 4498 > 4507,Sports > Camping > Climbing & adventure > Other
4483 > 4493 > 4508 > 4509,Sports > Camping > Cooking & food > Food
4483 > 4493 > 4508 > 4510,Sports > Camping > Cooking & food > Fridges
4483 > 4493 > 4508 > 4511,"Sports > Camping > Cooking & food > Pots, dishes & utensils"
4483 > 4493 > 4508 > 4512,Sports > Camping > Cooking & food > Single burner cookers
4483 > 4493 > 4508 > 4513,Sports > Camping > Cooking & food > Thermoses
4483 > 4493 > 4508 > 4514,Sports > Camping > Cooking & food > Two & three burner cookers
4483 > 4493 > 4508 > 4515,Sports > Camping > Cooking & food > Other
4483 > 4493 > 4517 > 4518,Sports > Camping > Footwear & apparel > Gaiters
4483 > 4493 > 4517 > 4519,Sports > Camping > Footwear & apparel > Jackets
4483 > 4493 > 4517 > 4520,Sports > Camping > Footwear & apparel > Pants
4483 > 4493 > 4517 > 4521,Sports > Camping > Footwear & apparel > Socks
4483 > 4493 > 4517 > 4522,Sports > Camping > Footwear & apparel > Thermal bottoms
4483 > 4493 > 4517 > 4523,Sports > Camping > Footwear & apparel > Thermal sets
4483 > 4493 > 4517 > 4524,Sports > Camping > Footwear & apparel > Thermal tops
4483 > 4493 > 4517 > 4525,Sports > Camping > Footwear & apparel > Tramping boots
4483 > 4493 > 4517 > 4526,Sports > Camping > Footwear & apparel > Tramping shoes
4483 > 4493 > 4517 > 4527,Sports > Camping > Footwear & apparel > Other
4483 > 4493 > 4528 > 4529,Sports > Camping > Furniture > Camping chairs
4483 > 4493 > 4528 > 4530,Sports > Camping > Furniture > Camping tables
4483 > 4493 > 4528 > 4531,Sports > Camping > Furniture > Shelves & storage
4483 > 4493 > 4528 > 4532,Sports > Camping > Furniture > Table & chair sets
4483 > 4493 > 4528 > 4533,Sports > Camping > Furniture > Other
4483 > 4493 > 4534 > 4535,Sports > Camping > Hydration > Drink bottles & flasks
4483 > 4493 > 4534 > 4536,Sports > Camping > Hydration > Hydration belts
4483 > 4493 > 4534 > 4537,Sports > Camping > Hydration > Hydration bladders
4483 > 4493 > 4534 > 4538,Sports > Camping > Hydration > Hydration packs
4483 > 4493 > 4534 > 4539,Sports > Camping > Hydration > Other
4483 > 4493 > 4540 > 4541,Sports > Camping > Packs > Day packs
4483 > 4493 > 4540 > 4542,Sports > Camping > Packs > Dry bags & covers
4483 > 4493 > 4540 > 4543,Sports > Camping > Packs > Tramping packs
4483 > 4493 > 4540 > 4544,Sports > Camping > Packs > Other
4483 > 4493 > 4545 > 4546,Sports > Camping > Sleeping bags > Accessories
4483 > 4493 > 4545 > 4547,Sports > Camping > Sleeping bags > Down bags
4483 > 4493 > 4545 > 4548,Sports > Camping > Sleeping bags > Other bags
4483 > 4493 > 4545 > 4549,Sports > Camping > Sleeping bags > Other
4483 > 4493 > 4550 > 4551,Sports > Camping > Stretchers & mattresses > Air beds & pumps
4483 > 4493 > 4550 > 4552,Sports > Camping > Stretchers & mattresses > Self-inflating mattresses
4483 > 4493 > 4550 > 4553,Sports > Camping > Stretchers & mattresses > Sleeping mats
4483 > 4493 > 4550 > 4554,Sports > Camping > Stretchers & mattresses > Stretchers
4483 > 4493 > 4550 > 4555,Sports > Camping > Stretchers & mattresses > Other
4483 > 4493 > 4556 > 4557,Sports > Camping > Tents > 1 - 2 person tents
4483 > 4493 > 4556 > 4558,Sports > Camping > Tents > 3 - 4 person tents
4483 > 4493 > 4556 > 4559,Sports > Camping > Tents > 5+ person tents
4483 > 4493 > 4556 > 4560,Sports > Camping > Tents > Shelters
4483 > 4493 > 4556 > 4561,Sports > Camping > Tents > Other
4483 > 4493 > 4562 > 4563,"Sports > Camping > Tools, knives & compasses > Compasses"
4483 > 4493 > 4562 > 4564,"Sports > Camping > Tools, knives & compasses > Multi tools"
4483 > 4493 > 4562 > 4565,"Sports > Camping > Tools, knives & compasses > Pocket knives"
4483 > 4493 > 4562 > 4566,"Sports > Camping > Tools, knives & compasses > Other"
4483 > 4493 > 4567 > 4568,Sports > Camping > Torches > Headlamps
4483 > 4493 > 4567 > 4569,Sports > Camping > Torches > Lanterns
4483 > 4493 > 4567 > 4570,Sports > Camping > Torches > Torches
4483 > 4580 > 4581 > 4582,"Sports > Cycling > Apparel & shoes > Arm, knee & leg warmers"
4483 > 4580 > 4581 > 4583,Sports > Cycling > Apparel & shoes > Glasses & goggles
4483 > 4580 > 4581 > 4584,Sports > Cycling > Apparel & shoes > Gloves
4483 > 4580 > 4581 > 4585,Sports > Cycling > Apparel & shoes > Hats & caps
4483 > 4580 > 4581 > 4586,Sports > Cycling > Apparel & shoes > Jackets
4483 > 4580 > 4581 > 4587,Sports > Cycling > Apparel & shoes > Long-sleeved tops
4483 > 4580 > 4581 > 4588,Sports > Cycling > Apparel & shoes > Sets & kits
4483 > 4580 > 4581 > 4589,Sports > Cycling > Apparel & shoes > Shoe & toe covers
4483 > 4580 > 4581 > 4590,Sports > Cycling > Apparel & shoes > Shoes
4483 > 4580 > 4581 > 4591,Sports > Cycling > Apparel & shoes > Short-sleeved tops
4483 > 4580 > 4581 > 4592,Sports > Cycling > Apparel & shoes > Shorts & pants
4483 > 4580 > 4581 > 4593,Sports > Cycling > Apparel & shoes > Socks
4483 > 4580 > 4581 > 4594,Sports > Cycling > Apparel & shoes > Vests
4483 > 4580 > 4581 > 4595,Sports > Cycling > Apparel & shoes > Other
4483 > 4580 > 4596 > 4597,"Sports > Cycling > Bike accessories > Bags, pouches & panniers"
4483 > 4580 > 4596 > 4598,Sports > Cycling > Bike accessories > Baskets
4483 > 4580 > 4596 > 4599,Sports > Cycling > Bike accessories > Bells
4483 > 4580 > 4596 > 4600,Sports > Cycling > Bike accessories > Bottles & cages
4483 > 4580 > 4596 > 4601,Sports > Cycling > Bike accessories > Camera & computer mounts
4483 > 4580 > 4596 > 4602,Sports > Cycling > Bike accessories > Cameras
4483 > 4580 > 4596 > 4603,Sports > Cycling > Bike accessories > Child seats & trailers
4483 > 4580 > 4596 > 4604,"Sports > Cycling > Bike accessories > Computers, speedometers & power meters"
4483 > 4580 > 4596 > 4605,Sports > Cycling > Bike accessories > Frame & cable protectors
4483 > 4580 > 4596 > 4606,Sports > Cycling > Bike accessories > Indoor trainers
4483 > 4580 > 4596 > 4607,Sports > Cycling > Bike accessories > Lights & reflectors
4483 > 4580 > 4596 > 4608,Sports > Cycling > Bike accessories > Locks & security
4483 > 4580 > 4596 > 4609,Sports > Cycling > Bike accessories > Mirrors
4483 > 4580 > 4596 > 4610,Sports > Cycling > Bike accessories > Mudguards
4483 > 4580 > 4596 > 4611,Sports > Cycling > Bike accessories > Pumps
4483 > 4580 > 4596 > 4612,"Sports > Cycling > Bike accessories > Racks, stands & storage"
4483 > 4580 > 4596 > 4613,Sports > Cycling > Bike accessories > Seat covers & pads
4483 > 4580 > 4596 > 4614,Sports > Cycling > Bike accessories > Tools & repair kits
4483 > 4580 > 4596 > 4615,Sports > Cycling > Bike accessories > Training wheels
4483 > 4580 > 4596 > 4616,Sports > Cycling > Bike accessories > Other
4483 > 4580 > 4617 > 4618,Sports > Cycling > BMX > GT
4483 > 4580 > 4617 > 4619,Sports > Cycling > BMX > Haro
4483 > 4580 > 4617 > 4620,Sports > Cycling > BMX > Mongoose
4483 > 4580 > 4617 > 4621,Sports > Cycling > BMX > Odyssey
4483 > 4580 > 4617 > 4622,Sports > Cycling > BMX > Redline
4483 > 4580 > 4617 > 4623,Sports > Cycling > BMX > Other
4483 > 4580 > 4625 > 4626,Sports > Cycling > Helmets & protection > Adult helmets
4483 > 4580 > 4625 > 4627,Sports > Cycling > Helmets & protection > Kids' helmets
4483 > 4580 > 4625 > 4628,Sports > Cycling > Helmets & protection > Pads & guards
4483 > 4580 > 4625 > 4629,Sports > Cycling > Helmets & protection > Other
4483 > 4580 > 4630 > 4631,Sports > Cycling > Kids' bikes > Balance bikes
4483 > 4580 > 4630 > 4632,Sports > Cycling > Kids' bikes > Boys' bikes
4483 > 4580 > 4630 > 4633,Sports > Cycling > Kids' bikes > Girls' bikes
4483 > 4580 > 4630 > 4634,Sports > Cycling > Kids' bikes > Unisex bikes
4483 > 4580 > 4630 > 4635,Sports > Cycling > Kids' bikes > Other
4483 > 4580 > 4636 > 4637,Sports > Cycling > Mountain bikes > Downhill
4483 > 4580 > 4636 > 4638,Sports > Cycling > Mountain bikes > Saudia Arab (Decimal)
4483 > 4580 > 4636 > 4639,Sports > Cycling > Mountain bikes > Full suspension
4483 > 4580 > 4636 > 4640,Sports > Cycling > Mountain bikes > Other
4483 > 4580 > 4641 > 4642,Sports > Cycling > Parts & components > Bolts & fasteners
4483 > 4580 > 4641 > 4643,Sports > Cycling > Parts & components > Bottom brackets
4483 > 4580 > 4641 > 4644,Sports > Cycling > Parts & components > Brake componentry
4483 > 4580 > 4641 > 4645,"Sports > Cycling > Parts & components > Cassettes, cogs & hubs"
4483 > 4580 > 4641 > 4646,Sports > Cycling > Parts & components > Chains
4483 > 4580 > 4641 > 4647,Sports > Cycling > Parts & components > Componentry
4483 > 4580 > 4641 > 4648,Sports > Cycling > Parts & components > Cranksets & chainrings
4483 > 4580 > 4641 > 4649,Sports > Cycling > Parts & components > Derailleurs
4483 > 4580 > 4641 > 4650,Sports > Cycling > Parts & components > Forks & shocks
4483 > 4580 > 4641 > 4651,Sports > Cycling > Parts & components > Frames
4483 > 4580 > 4641 > 4652,Sports > Cycling > Parts & components > Gear shifters & levers
4483 > 4580 > 4641 > 4653,Sports > Cycling > Parts & components > Groupsets
4483 > 4580 > 4641 > 4654,"Sports > Cycling > Parts & components > Handlebar tape, grips & end plugs"
4483 > 4580 > 4641 > 4655,Sports > Cycling > Parts & components > Handlebars & stems
4483 > 4580 > 4641 > 4656,Sports > Cycling > Parts & components > Headsets & spacers
4483 > 4580 > 4641 > 4657,"Sports > Cycling > Parts & components > Pedals, cleats & toe clips"
4483 > 4580 > 4641 > 4658,Sports > Cycling > Parts & components > Seats & seat posts
4483 > 4580 > 4641 > 4659,Sports > Cycling > Parts & components > Tyres & tubes
4483 > 4580 > 4641 > 4660,Sports > Cycling > Parts & components > Wheel componentry
4483 > 4580 > 4641 > 4661,"Sports > Cycling > Parts & components > Wheels, wheelsets & rims"
4483 > 4580 > 4641 > 4662,Sports > Cycling > Parts & components > Other
4483 > 4580 > 4663 > 4664,Sports > Cycling > Road bikes > Small (52cm & under)
4483 > 4580 > 4663 > 4665,Sports > Cycling > Road bikes > Medium (53 - 56cm)
4483 > 4580 > 4663 > 4666,Sports > Cycling > Road bikes > Large (57cm & over)
4483 > 4580 > 4663 > 4667,Sports > Cycling > Road bikes > Other
4483 > 4670 > 4671 > 4672,Sports > Dancing & gymnastics > Ballet > Leotards
4483 > 4670 > 4671 > 4673,Sports > Dancing & gymnastics > Ballet > Shoes
4483 > 4670 > 4671 > 4674,Sports > Dancing & gymnastics > Ballet > Skirts
4483 > 4670 > 4671 > 4675,Sports > Dancing & gymnastics > Ballet > Tops
4483 > 4670 > 4671 > 4676,Sports > Dancing & gymnastics > Ballet > Other
4483 > 4683 > 4685 > 4686,"Sports > Equestrian > Bridles, bits & reins > Bits"
4483 > 4683 > 4685 > 4687,"Sports > Equestrian > Bridles, bits & reins > Bridle & bit sets"
4483 > 4683 > 4685 > 4688,"Sports > Equestrian > Bridles, bits & reins > Bridles"
4483 > 4683 > 4685 > 4689,"Sports > Equestrian > Bridles, bits & reins > Browbands"
4483 > 4683 > 4685 > 4690,"Sports > Equestrian > Bridles, bits & reins > Reins"
4483 > 4683 > 4685 > 4691,"Sports > Equestrian > Bridles, bits & reins > Other"
4483 > 4683 > 4692 > 4693,Sports > Equestrian > Care & grooming > Bandages & wraps
4483 > 4683 > 4692 > 4694,Sports > Equestrian > Care & grooming > Brushes & combs
4483 > 4683 > 4692 > 4695,Sports > Equestrian > Care & grooming > Clippers & trimmers
4483 > 4683 > 4692 > 4696,"Sports > Equestrian > Care & grooming > Oils, creams & gels"
4483 > 4683 > 4692 > 4697,Sports > Equestrian > Care & grooming > Other
4483 > 4683 > 4698 > 4699,Sports > Equestrian > Footwear & apparel > Footwear
4483 > 4683 > 4698 > 4700,Sports > Equestrian > Footwear & apparel > Helmets
4483 > 4683 > 4698 > 4701,Sports > Equestrian > Footwear & apparel > Jackets
4483 > 4683 > 4698 > 4702,Sports > Equestrian > Footwear & apparel > Jodhpurs
4483 > 4683 > 4698 > 4703,Sports > Equestrian > Footwear & apparel > Other
4483 > 4683 > 4707 > 4708,Sports > Equestrian > Horses & ponies > Horses
4483 > 4683 > 4707 > 4709,Sports > Equestrian > Horses & ponies > Miniatures
4483 > 4683 > 4707 > 4710,Sports > Equestrian > Horses & ponies > Ponies
4483 > 4683 > 4707 > 4711,Sports > Equestrian > Horses & ponies > Other
4483 > 4683 > 4713 > 4714,Sports > Equestrian > Rugs & covers > Stable & travel rugs
4483 > 4683 > 4713 > 4715,Sports > Equestrian > Rugs & covers > Summer covers
4483 > 4683 > 4713 > 4716,Sports > Equestrian > Rugs & covers > Winter covers
4483 > 4683 > 4713 > 4717,Sports > Equestrian > Rugs & covers > Other
4483 > 4683 > 4719 > 4720,Sports > Equestrian > Saddles & stirrups > Dressage
4483 > 4683 > 4719 > 4721,Sports > Equestrian > Saddles & stirrups > General purpose
4483 > 4683 > 4719 > 4722,Sports > Equestrian > Saddles & stirrups > Jumping
4483 > 4683 > 4719 > 4723,Sports > Equestrian > Saddles & stirrups > Stirrup irons & leathers
4483 > 4683 > 4719 > 4724,Sports > Equestrian > Saddles & stirrups > Other
4483 > 4726 > 4727 > 4728,Sports > Exercise equipment & weights > Exercise machines > Abdominal machines
4483 > 4726 > 4727 > 4729,Sports > Exercise equipment & weights > Exercise machines > Crosstrainers
4483 > 4726 > 4727 > 4730,Sports > Exercise equipment & weights > Exercise machines > Exercycles
4483 > 4726 > 4727 > 4731,Sports > Exercise equipment & weights > Exercise machines > Rowers
4483 > 4726 > 4727 > 4732,Sports > Exercise equipment & weights > Exercise machines > Steppers
4483 > 4726 > 4727 > 4733,Sports > Exercise equipment & weights > Exercise machines > Treadmills
4483 > 4726 > 4727 > 4734,Sports > Exercise equipment & weights > Exercise machines > Vibration machines
4483 > 4726 > 4727 > 4735,Sports > Exercise equipment & weights > Exercise machines > Other
4483 > 4726 > 4742 > 4743,Sports > Exercise equipment & weights > Weights > Barbells & plates
4483 > 4726 > 4742 > 4744,Sports > Exercise equipment & weights > Weights > Dumbbells
4483 > 4726 > 4742 > 4745,Sports > Exercise equipment & weights > Weights > Other
4483 > 4748 > 4749 > 4750,Sports > Fishing > Apparel > Jackets & vests
4483 > 4748 > 4749 > 4751,Sports > Fishing > Apparel > Polarised glasses
4483 > 4748 > 4749 > 4752,Sports > Fishing > Apparel > Waders
4483 > 4748 > 4749 > 4753,Sports > Fishing > Apparel > Other
4483 > 4748 > 4754 > 4755,Sports > Fishing > Big game > Lures
4483 > 4748 > 4754 > 4756,Sports > Fishing > Big game > Reels
4483 > 4748 > 4754 > 4757,Sports > Fishing > Big game > Rods
4483 > 4748 > 4754 > 4758,Sports > Fishing > Big game > Other
4483 > 4748 > 4760 > 4761,Sports > Fishing > Fresh water > Dry flies
4483 > 4748 > 4760 > 4762,Sports > Fishing > Fresh water > Fly & lure boxes
4483 > 4748 > 4760 > 4763,Sports > Fishing > Fresh water > Fly tying supplies
4483 > 4748 > 4760 > 4764,Sports > Fishing > Fresh water > Line & traces
4483 > 4748 > 4760 > 4765,Sports > Fishing > Fresh water > Lure blanks
4483 > 4748 > 4760 > 4766,Sports > Fishing > Fresh water > Nets
4483 > 4748 > 4760 > 4767,Sports > Fishing > Fresh water > Nymphs
4483 > 4748 > 4760 > 4768,Sports > Fishing > Fresh water > Reels
4483 > 4748 > 4760 > 4769,Sports > Fishing > Fresh water > Rods
4483 > 4748 > 4760 > 4770,Sports > Fishing > Fresh water > Wet flies
4483 > 4748 > 4760 > 4771,Sports > Fishing > Fresh water > Other
4483 > 4748 > 4773 > 4774,Sports > Fishing > Salt water > Bait
4483 > 4748 > 4773 > 4775,Sports > Fishing > Salt water > Boat reels
4483 > 4748 > 4773 > 4776,Sports > Fishing > Salt water > Boat rods
4483 > 4748 > 4773 > 4777,Sports > Fishing > Salt water > Braid
4483 > 4748 > 4773 > 4778,Sports > Fishing > Salt water > Casting & spinning reels
4483 > 4748 > 4773 > 4779,Sports > Fishing > Salt water > Hooks
4483 > 4748 > 4773 > 4780,Sports > Fishing > Salt water > Kontikis & kites
4483 > 4748 > 4773 > 4781,Sports > Fishing > Salt water > Long lines
4483 > 4748 > 4773 > 4782,Sports > Fishing > Salt water > Lures & jig heads
4483 > 4748 > 4773 > 4783,Sports > Fishing > Salt water > Nets
4483 > 4748 > 4773 > 4784,Sports > Fishing > Salt water > Nylon-mono line
4483 > 4748 > 4773 > 4785,Sports > Fishing > Salt water > Pots
4483 > 4748 > 4773 > 4786,Sports > Fishing > Salt water > Rigs
4483 > 4748 > 4773 > 4787,Sports > Fishing > Salt water > Ropes
4483 > 4748 > 4773 > 4788,Sports > Fishing > Salt water > Sinkers
4483 > 4748 > 4773 > 4789,Sports > Fishing > Salt water > Soft baits
4483 > 4748 > 4773 > 4790,Sports > Fishing > Salt water > Surfcasting rods
4483 > 4748 > 4773 > 4791,Sports > Fishing > Salt water > Traces
4483 > 4748 > 4773 > 4792,Sports > Fishing > Salt water > Other
4483 > 4796 > 4798 > 4799,Sports > Golf > Balls > New
4483 > 4796 > 4798 > 4800,Sports > Golf > Balls > Used
4483 > 4796 > 4802 > 4803,Sports > Golf > Drivers > Graphite shaft
4483 > 4796 > 4802 > 4804,Sports > Golf > Drivers > Steel shaft
4483 > 4796 > 4802 > 4805,Sports > Golf > Drivers > Other
4483 > 4796 > 4806 > 4807,Sports > Golf > Fairway woods > Graphite shaft
4483 > 4796 > 4806 > 4808,Sports > Golf > Fairway woods > Steel shaft
4483 > 4796 > 4806 > 4809,Sports > Golf > Fairway woods > Other
4483 > 4796 > 4810 > 4811,Sports > Golf > Footwear & apparel > Footwear
4483 > 4796 > 4810 > 4812,Sports > Golf > Footwear & apparel > Gloves
4483 > 4796 > 4810 > 4813,Sports > Golf > Footwear & apparel > Hats
4483 > 4796 > 4810 > 4814,Sports > Golf > Footwear & apparel > Tops
4483 > 4796 > 4810 > 4815,Sports > Golf > Footwear & apparel > Other
4483 > 4796 > 4816 > 4817,Sports > Golf > Full sets > Left handed sets
4483 > 4796 > 4816 > 4818,Sports > Golf > Full sets > Right handed sets
4483 > 4796 > 4821 > 4822,Sports > Golf > Irons > Graphite shaft
4483 > 4796 > 4821 > 4823,Sports > Golf > Irons > Steel shaft
4483 > 4796 > 4821 > 4824,Sports > Golf > Irons > Other
4483 > 4832 > 4833 > 4834,Sports > Hockey > Field hockey > Clothing
4483 > 4832 > 4833 > 4835,Sports > Hockey > Field hockey > Pads & protection
4483 > 4832 > 4833 > 4836,Sports > Hockey > Field hockey > Sticks
4483 > 4832 > 4833 > 4837,Sports > Hockey > Field hockey > Other
4483 > 4832 > 4838 > 4839,Sports > Hockey > Ice hockey > Clothing
4483 > 4832 > 4838 > 4840,Sports > Hockey > Ice hockey > Pads & protection
4483 > 4832 > 4838 > 4841,Sports > Hockey > Ice hockey > Skates
4483 > 4832 > 4838 > 4842,Sports > Hockey > Ice hockey > Sticks
4483 > 4832 > 4838 > 4843,Sports > Hockey > Ice hockey > Other
4483 > 4844 > 4845 > 4846,Sports > Hunting & shooting > Accessories > Ammunition holders
4483 > 4844 > 4845 > 4847,Sports > Hunting & shooting > Accessories > Bags & cases
4483 > 4844 > 4845 > 4848,Sports > Hunting & shooting > Accessories > Bipods & tripods
4483 > 4844 > 4845 > 4849,Sports > Hunting & shooting > Accessories > Clay birds & throwers
4483 > 4844 > 4845 > 4850,Sports > Hunting & shooting > Accessories > Cleaning equipment
4483 > 4844 > 4845 > 4851,Sports > Hunting & shooting > Accessories > Decoys
4483 > 4844 > 4845 > 4852,Sports > Hunting & shooting > Accessories > Game callers
4483 > 4844 > 4845 > 4853,Sports > Hunting & shooting > Accessories > Slings
4483 > 4844 > 4845 > 4854,Sports > Hunting & shooting > Accessories > Spotlights
4483 > 4844 > 4845 > 4855,Sports > Hunting & shooting > Accessories > Other
4483 > 4844 > 4856 > 4857,Sports > Hunting & shooting > Air guns & parts > Air pistols
4483 > 4844 > 4856 > 4858,Sports > Hunting & shooting > Air guns & parts > Air rifles
4483 > 4844 > 4856 > 4859,Sports > Hunting & shooting > Air guns & parts > Ammunition
4483 > 4844 > 4856 > 4860,Sports > Hunting & shooting > Air guns & parts > BB guns
4483 > 4844 > 4856 > 4861,Sports > Hunting & shooting > Air guns & parts > Parts & accessories
4483 > 4844 > 4856 > 4862,Sports > Hunting & shooting > Air guns & parts > Other
4483 > 4844 > 4863 > 4864,Sports > Hunting & shooting > Ammunition > Black powder
4483 > 4844 > 4863 > 4865,Sports > Hunting & shooting > Ammunition > Centrefire
4483 > 4844 > 4863 > 4866,Sports > Hunting & shooting > Ammunition > Primers
4483 > 4844 > 4863 > 4867,Sports > Hunting & shooting > Ammunition > Rimfire
4483 > 4844 > 4863 > 4868,Sports > Hunting & shooting > Ammunition > Shotgun
4483 > 4844 > 4863 > 4869,Sports > Hunting & shooting > Ammunition > Other
4483 > 4844 > 4870 > 4871,Sports > Hunting & shooting > Apparel > Hats & beanies
4483 > 4844 > 4870 > 4872,Sports > Hunting & shooting > Apparel > Jackets
4483 > 4844 > 4870 > 4873,Sports > Hunting & shooting > Apparel > Pants
4483 > 4844 > 4870 > 4874,Sports > Hunting & shooting > Apparel > Shirts & T-shirts
4483 > 4844 > 4870 > 4875,Sports > Hunting & shooting > Apparel > Other
4483 > 4844 > 4876 > 4877,Sports > Hunting & shooting > Archery > Accessories
4483 > 4844 > 4876 > 4878,Sports > Hunting & shooting > Archery > Arrowheads & broadheads
4483 > 4844 > 4876 > 4879,Sports > Hunting & shooting > Archery > Arrows
4483 > 4844 > 4876 > 4880,Sports > Hunting & shooting > Archery > Bow components
4483 > 4844 > 4876 > 4881,Sports > Hunting & shooting > Archery > Bow sets & packages
4483 > 4844 > 4876 > 4882,Sports > Hunting & shooting > Archery > Bows
4483 > 4844 > 4876 > 4883,Sports > Hunting & shooting > Archery > Other
4483 > 4844 > 4884 > 4885,Sports > Hunting & shooting > Firearm parts > Silencers & suppressors
4483 > 4844 > 4884 > 4886,Sports > Hunting & shooting > Firearm parts > Stocks & grips
4483 > 4844 > 4884 > 4887,Sports > Hunting & shooting > Firearm parts > Other
4483 > 4844 > 4889 > 4890,Sports > Hunting & shooting > Knives > Hunting knives
4483 > 4844 > 4889 > 4891,Sports > Hunting & shooting > Knives > Pocket knives
4483 > 4844 > 4889 > 4892,Sports > Hunting & shooting > Knives > Other
4483 > 4844 > 4893 > 4894,Sports > Hunting & shooting > Reloading > Cases
4483 > 4844 > 4893 > 4895,Sports > Hunting & shooting > Reloading > Dies
4483 > 4844 > 4893 > 4896,Sports > Hunting & shooting > Reloading > Lube
4483 > 4844 > 4893 > 4897,Sports > Hunting & shooting > Reloading > Presses
4483 > 4844 > 4893 > 4898,Sports > Hunting & shooting > Reloading > Projectiles
4483 > 4844 > 4893 > 4899,Sports > Hunting & shooting > Reloading > Shot
4483 > 4844 > 4893 > 4900,Sports > Hunting & shooting > Reloading > Wads
4483 > 4844 > 4893 > 4901,Sports > Hunting & shooting > Reloading > Other
4483 > 4844 > 4902 > 4903,Sports > Hunting & shooting > Rifles > Centrefire
4483 > 4844 > 4902 > 4904,Sports > Hunting & shooting > Rifles > Rimfire
4483 > 4844 > 4902 > 4905,Sports > Hunting & shooting > Rifles > Other
4483 > 4844 > 4906 > 4907,"Sports > Hunting & shooting > Scopes, sights & mounts > Mounts & rings"
4483 > 4844 > 4906 > 4908,"Sports > Hunting & shooting > Scopes, sights & mounts > Range finders"
4483 > 4844 > 4906 > 4909,"Sports > Hunting & shooting > Scopes, sights & mounts > Scopes fixed power"
4483 > 4844 > 4906 > 4910,"Sports > Hunting & shooting > Scopes, sights & mounts > Scopes variable power"
4483 > 4844 > 4906 > 4911,"Sports > Hunting & shooting > Scopes, sights & mounts > Sights aperture"
4483 > 4844 > 4906 > 4912,"Sports > Hunting & shooting > Scopes, sights & mounts > Sights open"
4483 > 4844 > 4906 > 4913,"Sports > Hunting & shooting > Scopes, sights & mounts > Spotting scope"
4483 > 4844 > 4914 > 4915,Sports > Hunting & shooting > Shotguns > Double barrel
4483 > 4844 > 4914 > 4916,Sports > Hunting & shooting > Shotguns > Pump action
4483 > 4844 > 4914 > 4917,Sports > Hunting & shooting > Shotguns > Single shot
4483 > 4844 > 4914 > 4918,Sports > Hunting & shooting > Shotguns > Other
4483 > 4920 > 4922 > 4923,Sports > Kayaks > Kayaks > Multisport
4483 > 4920 > 4922 > 4924,Sports > Kayaks > Kayaks > Sea kayaks
4483 > 4920 > 4922 > 4925,Sports > Kayaks > Kayaks > Sit on top
4483 > 4920 > 4922 > 4926,Sports > Kayaks > Kayaks > Whitewater kayaks
4483 > 4920 > 4922 > 4927,Sports > Kayaks > Kayaks > Other
4483 > 4934 > 4935 > 4936,Sports > Martial arts & boxing > Apparel > Shorts
4483 > 4934 > 4935 > 4937,Sports > Martial arts & boxing > Apparel > Tops
4483 > 4934 > 4935 > 4938,Sports > Martial arts & boxing > Apparel > Uniforms
4483 > 4934 > 4935 > 4939,Sports > Martial arts & boxing > Apparel > Other
4483 > 4954 > 4958 > 4959,Sports > Racquet sports > Tennis > Apparel
4483 > 4954 > 4958 > 4960,Sports > Racquet sports > Tennis > Balls
4483 > 4954 > 4958 > 4961,Sports > Racquet sports > Tennis > Racquets
4483 > 4954 > 4958 > 4962,Sports > Racquet sports > Tennis > Other
4483 > 4964 > 4965 > 4966,Sports > Rugby & league > Apparel > Jerseys
4483 > 4964 > 4965 > 4967,Sports > Rugby & league > Apparel > Shorts
4483 > 4964 > 4965 > 4968,Sports > Rugby & league > Apparel > Other
4483 > 4977 > 4978 > 4979,"Sports > Scooters, hoverboards & segways > Hoverboards > Hoverboard parts & accessories"
4483 > 4977 > 4978 > 4980,"Sports > Scooters, hoverboards & segways > Hoverboards > Hoverboards"
4483 > 4977 > 4981 > 4982,"Sports > Scooters, hoverboards & segways > Scooters > Electric scooters"
4483 > 4977 > 4981 > 4983,"Sports > Scooters, hoverboards & segways > Scooters > Push scooters"
4483 > 4977 > 4981 > 4984,"Sports > Scooters, hoverboards & segways > Scooters > Scooter parts & accessories"
4483 > 4977 > 4985 > 4986,"Sports > Scooters, hoverboards & segways > Segways > Segway parts & accessories"
4483 > 4977 > 4985 > 4987,"Sports > Scooters, hoverboards & segways > Segways > Segways"
4483 > 5001 > 5003 > 5004,Sports > Skateboarding & rollerblading > Decks > 7.0 - 7.5''
4483 > 5001 > 5003 > 5005,Sports > Skateboarding & rollerblading > Decks > 7.6 - 7.9''
4483 > 5001 > 5003 > 5006,Sports > Skateboarding & rollerblading > Decks > Over 8.0''
4483 > 5001 > 5010 > 5011,Sports > Skateboarding & rollerblading > Rollerblades > Pads & wrist guards
4483 > 5001 > 5010 > 5012,Sports > Skateboarding & rollerblading > Rollerblades > Skates
4483 > 5001 > 5010 > 5013,Sports > Skateboarding & rollerblading > Rollerblades > Other
4483 > 5001 > 5014 > 5015,Sports > Skateboarding & rollerblading > Skateboards > Longboards
4483 > 5001 > 5014 > 5016,Sports > Skateboarding & rollerblading > Skateboards > Standard
4483 > 5001 > 5014 > 5017,Sports > Skateboarding & rollerblading > Skateboards > Other
4483 > 5021 > 5025 > 5026,Sports > Ski & board > Skis > 150cm & under
4483 > 5021 > 5025 > 5027,Sports > Ski & board > Skis > 151 - 160cm
4483 > 5021 > 5025 > 5028,Sports > Ski & board > Skis > 161 - 170cm
4483 > 5021 > 5025 > 5029,Sports > Ski & board > Skis > 171 - 180cm
4483 > 5021 > 5025 > 5030,Sports > Ski & board > Skis > Over 180cm
4483 > 5021 > 5031 > 5032,Sports > Ski & board > Snow & ski clothing > Gloves & mittens
4483 > 5021 > 5031 > 5033,Sports > Ski & board > Snow & ski clothing > Hats
4483 > 5021 > 5031 > 5034,Sports > Ski & board > Snow & ski clothing > Jackets
4483 > 5021 > 5031 > 5035,Sports > Ski & board > Snow & ski clothing > Pants
4483 > 5021 > 5031 > 5036,Sports > Ski & board > Snow & ski clothing > Other
4483 > 5021 > 5037 > 5038,Sports > Ski & board > Snowboarding boots & bindings > Bindings
4483 > 5021 > 5037 > 5039,Sports > Ski & board > Snowboarding boots & bindings > Boots
4483 > 5021 > 5040 > 5041,Sports > Ski & board > Snowboards > 150cm & under
4483 > 5021 > 5040 > 5042,Sports > Ski & board > Snowboards > 151 - 160cm
4483 > 5021 > 5040 > 5043,Sports > Ski & board > Snowboards > 161 - 170cm
4483 > 5021 > 5040 > 5044,Sports > Ski & board > Snowboards > Over 170cm
4483 > 5063 > 5066 > 5067,Sports > Sports memorabilia > Motor racing > Apparel
4483 > 5063 > 5066 > 5068,Sports > Sports memorabilia > Motor racing > Photos & posters
4483 > 5063 > 5066 > 5069,Sports > Sports memorabilia > Motor racing > Other
4483 > 5063 > 5071 > 5072,Sports > Sports memorabilia > Rugby union > Jerseys
4483 > 5063 > 5071 > 5073,Sports > Sports memorabilia > Rugby union > Photos & posters
4483 > 5063 > 5071 > 5074,Sports > Sports memorabilia > Rugby union > Programmes
4483 > 5063 > 5071 > 5075,Sports > Sports memorabilia > Rugby union > Other
4483 > 5080 > 5086 > 5087,Sports > Surfing > Surfboards > Longboards
4483 > 5080 > 5086 > 5088,Sports > Surfing > Surfboards > Shortboards
4483 > 5107 > 5108 > 5109,Sports > Wetsuits & lifejackets > Lifejackets & safety > Adults
4483 > 5107 > 5108 > 5110,Sports > Wetsuits & lifejackets > Lifejackets & safety > Kids
4483 > 5107 > 5108 > 5111,Sports > Wetsuits & lifejackets > Lifejackets & safety > Other
4483 > 5107 > 5112 > 5113,Sports > Wetsuits & lifejackets > Wetsuits & booties > Kids
4483 > 5107 > 5112 > 5114,Sports > Wetsuits & lifejackets > Wetsuits & booties > Men's
4483 > 5107 > 5112 > 5115,Sports > Wetsuits & lifejackets > Wetsuits & booties > Women's
5122 > 5138 > 5141 > 5142,Toys & models > Die casts > Biante > 1:18 scale
5122 > 5138 > 5141 > 5143,Toys & models > Die casts > Biante > 1:24 scale
5122 > 5138 > 5141 > 5144,Toys & models > Die casts > Biante > 1:43 scale
5122 > 5138 > 5141 > 5145,Toys & models > Die casts > Biante > 1:64 scale
5122 > 5138 > 5141 > 5146,Toys & models > Die casts > Biante > Other
5122 > 5138 > 5153 > 5154,Toys & models > Die casts > Hot Wheels > 2000+
5122 > 5138 > 5153 > 5155,Toys & models > Die casts > Hot Wheels > Pre 2000
5122 > 5138 > 5153 > 5156,Toys & models > Die casts > Hot Wheels > Other
5122 > 5138 > 5162 > 5163,Toys & models > Die casts > Matchbox > 1970+
5122 > 5138 > 5162 > 5164,Toys & models > Die casts > Matchbox > Pre 1970
5122 > 5138 > 5162 > 5165,Toys & models > Die casts > Matchbox > Other
5122 > 5178 > 5180 > 5181,Toys & models > Dolls > Barbie > Accessories
5122 > 5178 > 5180 > 5182,Toys & models > Dolls > Barbie > Barbie dolls
5122 > 5178 > 5180 > 5183,Toys & models > Dolls > Barbie > Clothing
5122 > 5178 > 5180 > 5184,Toys & models > Dolls > Barbie > Other
5122 > 5178 > 5186 > 5187,Toys & models > Dolls > Bratz > Bulk lots
5122 > 5178 > 5186 > 5188,Toys & models > Dolls > Bratz > Dolls
5122 > 5178 > 5186 > 5189,Toys & models > Dolls > Bratz > Other
5122 > 5178 > 5191 > 5192,Toys & models > Dolls > Clothing > Dresses & skirts
5122 > 5178 > 5191 > 5193,Toys & models > Dolls > Clothing > Outfits
5122 > 5178 > 5191 > 5194,Toys & models > Dolls > Clothing > Other
5122 > 5178 > 5196 > 5197,Toys & models > Dolls > Houses & furniture > Furniture
5122 > 5178 > 5196 > 5198,Toys & models > Dolls > Houses & furniture > House & furniture sets
5122 > 5178 > 5196 > 5199,Toys & models > Dolls > Houses & furniture > Houses
5122 > 5178 > 5196 > 5200,Toys & models > Dolls > Houses & furniture > Other
5122 > 5178 > 5203 > 5204,Toys & models > Dolls > Plastic dolls > Baby dolls
5122 > 5178 > 5203 > 5205,Toys & models > Dolls > Plastic dolls > Fashion dolls
5122 > 5178 > 5203 > 5206,Toys & models > Dolls > Plastic dolls > Other
5122 > 5178 > 5208 > 5209,Toys & models > Dolls > Porcelain dolls > Babies
5122 > 5178 > 5208 > 5210,Toys & models > Dolls > Porcelain dolls > Children
5122 > 5178 > 5208 > 5211,Toys & models > Dolls > Porcelain dolls > Doll collections
5122 > 5178 > 5208 > 5212,Toys & models > Dolls > Porcelain dolls > Other dolls
5122 > 5178 > 5208 > 5213,Toys & models > Dolls > Porcelain dolls > Other
5122 > 5178 > 5215 > 5216,Toys & models > Dolls > Reborn > Accessories
5122 > 5178 > 5215 > 5217,Toys & models > Dolls > Reborn > Dolls
5122 > 5178 > 5215 > 5218,Toys & models > Dolls > Reborn > Kits & parts
5122 > 5178 > 5215 > 5219,Toys & models > Dolls > Reborn > Other
5122 > 5233 > 5234 > 5235,Toys & models > Figurines & miniatures > Action figures > Action man
5122 > 5233 > 5234 > 5236,Toys & models > Figurines & miniatures > Action figures > Anime
5122 > 5233 > 5234 > 5237,Toys & models > Figurines & miniatures > Action figures > Batman
5122 > 5233 > 5234 > 5238,Toys & models > Figurines & miniatures > Action figures > Ben 10
5122 > 5233 > 5234 > 5239,Toys & models > Figurines & miniatures > Action figures > Doctor Who
5122 > 5233 > 5234 > 5240,Toys & models > Figurines & miniatures > Action figures > G.I. Joe
5122 > 5233 > 5234 > 5241,Toys & models > Figurines & miniatures > Action figures > Harry Potter
5122 > 5233 > 5234 > 5242,Toys & models > Figurines & miniatures > Action figures > Lord of the Rings
5122 > 5233 > 5234 > 5243,Toys & models > Figurines & miniatures > Action figures > Marvel movie & comic
5122 > 5233 > 5234 > 5244,Toys & models > Figurines & miniatures > Action figures > McFarlane
5122 > 5233 > 5234 > 5245,Toys & models > Figurines & miniatures > Action figures > Pokemon
5122 > 5233 > 5234 > 5246,Toys & models > Figurines & miniatures > Action figures > Spiderman
5122 > 5233 > 5234 > 5247,Toys & models > Figurines & miniatures > Action figures > Star Trek
5122 > 5233 > 5234 > 5248,Toys & models > Figurines & miniatures > Action figures > Teenage Mutant Ninja Turtles
5122 > 5233 > 5234 > 5249,Toys & models > Figurines & miniatures > Action figures > Transformers
5122 > 5233 > 5234 > 5250,Toys & models > Figurines & miniatures > Action figures > WWE
5122 > 5233 > 5234 > 5251,Toys & models > Figurines & miniatures > Action figures > X-Men
5122 > 5233 > 5234 > 5252,Toys & models > Figurines & miniatures > Action figures > Other
5122 > 5233 > 5253 > 5254,Toys & models > Figurines & miniatures > Animal figures > Dinosaurs
5122 > 5233 > 5253 > 5255,Toys & models > Figurines & miniatures > Animal figures > Farm animals
5122 > 5233 > 5253 > 5256,Toys & models > Figurines & miniatures > Animal figures > Other
5122 > 5233 > 5258 > 5259,Toys & models > Figurines & miniatures > Miniatures > Dungeons & Dragons
5122 > 5233 > 5258 > 5260,Toys & models > Figurines & miniatures > Miniatures > Littlest Pet Shop
5122 > 5233 > 5258 > 5261,Toys & models > Figurines & miniatures > Miniatures > New World Little Shop
5122 > 5233 > 5258 > 5262,Toys & models > Figurines & miniatures > Miniatures > Schleich
5122 > 5233 > 5258 > 5263,Toys & models > Figurines & miniatures > Miniatures > Sylvanian families
5122 > 5233 > 5258 > 5264,Toys & models > Figurines & miniatures > Miniatures > Timeless
5122 > 5233 > 5258 > 5265,Toys & models > Figurines & miniatures > Miniatures > Other
5122 > 5233 > 5266 > 5267,Toys & models > Figurines & miniatures > Star Wars > Episodes 1 - 3 (1999 - 2005)
5122 > 5233 > 5266 > 5268,Toys & models > Figurines & miniatures > Star Wars > Episodes 4 - 6 (1977 - 1989)
5122 > 5233 > 5266 > 5269,Toys & models > Figurines & miniatures > Star Wars > 30th anniversary collection
5122 > 5233 > 5266 > 5270,Toys & models > Figurines & miniatures > Star Wars > Mixed lots
5122 > 5233 > 5266 > 5271,Toys & models > Figurines & miniatures > Star Wars > Other
5122 > 5273 > 5274 > 5275,"Toys & models > Games, puzzles & tricks > Board games > Chess, draughts & checkers"
5122 > 5273 > 5274 > 5276,"Toys & models > Games, puzzles & tricks > Board games > Children's games"
5122 > 5273 > 5274 > 5277,"Toys & models > Games, puzzles & tricks > Board games > Dice games"
5122 > 5273 > 5274 > 5278,"Toys & models > Games, puzzles & tricks > Board games > General knowledge & trivia"
5122 > 5273 > 5274 > 5279,"Toys & models > Games, puzzles & tricks > Board games > Monopoly"
5122 > 5273 > 5274 > 5280,"Toys & models > Games, puzzles & tricks > Board games > Party games"
5122 > 5273 > 5274 > 5281,"Toys & models > Games, puzzles & tricks > Board games > Strategy & war games"
5122 > 5273 > 5274 > 5282,"Toys & models > Games, puzzles & tricks > Board games > TV & movies"
5122 > 5273 > 5274 > 5283,"Toys & models > Games, puzzles & tricks > Board games > Word games"
5122 > 5273 > 5274 > 5284,"Toys & models > Games, puzzles & tricks > Board games > Other"
5122 > 5273 > 5285 > 5286,"Toys & models > Games, puzzles & tricks > Card games > Adult & novelty"
5122 > 5273 > 5285 > 5287,"Toys & models > Games, puzzles & tricks > Card games > Children's games"
5122 > 5273 > 5285 > 5288,"Toys & models > Games, puzzles & tricks > Card games > Playing cards"
5122 > 5273 > 5285 > 5289,"Toys & models > Games, puzzles & tricks > Card games > Poker"
5122 > 5273 > 5285 > 5290,"Toys & models > Games, puzzles & tricks > Card games > Other"
5122 > 5273 > 5291 > 5292,"Toys & models > Games, puzzles & tricks > Jigsaws > 50 piece and under"
5122 > 5273 > 5291 > 5293,"Toys & models > Games, puzzles & tricks > Jigsaws > 51 - 100 piece"
5122 > 5273 > 5291 > 5294,"Toys & models > Games, puzzles & tricks > Jigsaws > 100 - 499 piece"
5122 > 5273 > 5291 > 5295,"Toys & models > Games, puzzles & tricks > Jigsaws > 500 - 999 piece"
5122 > 5273 > 5291 > 5296,"Toys & models > Games, puzzles & tricks > Jigsaws > 1000 piece"
5122 > 5273 > 5291 > 5297,"Toys & models > Games, puzzles & tricks > Jigsaws > 1001 - 1499 piece"
5122 > 5273 > 5291 > 5298,"Toys & models > Games, puzzles & tricks > Jigsaws > 1500 piece and over"
5122 > 5273 > 5301 > 5302,"Toys & models > Games, puzzles & tricks > Puzzles > 3-dimensional"
5122 > 5273 > 5301 > 5303,"Toys & models > Games, puzzles & tricks > Puzzles > Wooden"
5122 > 5273 > 5301 > 5304,"Toys & models > Games, puzzles & tricks > Puzzles > Other"
5122 > 5306 > 5308 > 5309,Toys & models > Kids' arts & crafts > Jewellery & beads > Accessory kits
5122 > 5306 > 5308 > 5310,Toys & models > Kids' arts & crafts > Jewellery & beads > Beads & bead kits
5122 > 5306 > 5308 > 5311,Toys & models > Kids' arts & crafts > Jewellery & beads > Jewellery kits
5122 > 5306 > 5312 > 5313,Toys & models > Kids' arts & crafts > Loom bands > Loom band kits & sets
5122 > 5306 > 5312 > 5314,Toys & models > Kids' arts & crafts > Loom bands > Loom band refills
5122 > 5306 > 5315 > 5316,Toys & models > Kids' arts & crafts > Painting > Brushes & sponges
5122 > 5306 > 5315 > 5317,Toys & models > Kids' arts & crafts > Painting > Paint
5122 > 5306 > 5315 > 5318,Toys & models > Kids' arts & crafts > Painting > Painting kits
5122 > 5306 > 5319 > 5320,Toys & models > Kids' arts & crafts > Paper folding & craft > Origami paper & kits
5122 > 5306 > 5319 > 5321,Toys & models > Kids' arts & crafts > Paper folding & craft > Paper art kits
5122 > 5306 > 5323 > 5324,Toys & models > Kids' arts & crafts > Playdough & clay > Modelling clay & kits
5122 > 5306 > 5323 > 5325,Toys & models > Kids' arts & crafts > Playdough & clay > Playdough & accessories
5122 > 5306 > 5326 > 5327,Toys & models > Kids' arts & crafts > Stationery > Chalk
5122 > 5306 > 5326 > 5328,Toys & models > Kids' arts & crafts > Stationery > Crayons
5122 > 5306 > 5326 > 5329,"Toys & models > Kids' arts & crafts > Stationery > Paper, pads & notebooks"
5122 > 5306 > 5326 > 5330,Toys & models > Kids' arts & crafts > Stationery > Pencils & markers
5122 > 5306 > 5326 > 5331,"Toys & models > Kids' arts & crafts > Stationery > Scissors, rulers & erasers"
5122 > 5306 > 5326 > 5332,Toys & models > Kids' arts & crafts > Stationery > Stationery sets
5122 > 5339 > 5342 > 5343,Toys & models > Lego & building toys > Lego > Batman
5122 > 5339 > 5342 > 5344,Toys & models > Lego & building toys > Lego > Bionicles
5122 > 5339 > 5342 > 5345,Toys & models > Lego & building toys > Lego > Bricks & building pieces
5122 > 5339 > 5342 > 5346,Toys & models > Lego & building toys > Lego > City
5122 > 5339 > 5342 > 5347,Toys & models > Lego & building toys > Lego > Creator
5122 > 5339 > 5342 > 5348,Toys & models > Lego & building toys > Lego > Dimensions
5122 > 5339 > 5342 > 5349,Toys & models > Lego & building toys > Lego > Friends
5122 > 5339 > 5342 > 5350,Toys & models > Lego & building toys > Lego > Minifigures
5122 > 5339 > 5342 > 5351,Toys & models > Lego & building toys > Lego > Mixed lots
5122 > 5339 > 5342 > 5352,Toys & models > Lego & building toys > Lego > Ninjago
5122 > 5339 > 5342 > 5353,Toys & models > Lego & building toys > Lego > Star Wars
5122 > 5339 > 5342 > 5354,Toys & models > Lego & building toys > Lego > Storage & mats
5122 > 5339 > 5342 > 5355,Toys & models > Lego & building toys > Lego > Superheroes
5122 > 5339 > 5342 > 5356,Toys & models > Lego & building toys > Lego > Technic
5122 > 5339 > 5342 > 5357,Toys & models > Lego & building toys > Lego > Vehicles
5122 > 5339 > 5342 > 5358,Toys & models > Lego & building toys > Lego > Other sets
5122 > 5339 > 5342 > 5359,Toys & models > Lego & building toys > Lego > Other
5122 > 5367 > 5368 > 5369,Toys & models > Models > Aircraft > 0.180555555555556
5122 > 5367 > 5368 > 5370,Toys & models > Models > Aircraft > 0.319444444444444
5122 > 5367 > 5368 > 5371,Toys & models > Models > Aircraft > 1:48
5122 > 5367 > 5368 > 5372,Toys & models > Models > Aircraft > 0.0916666666666667
5122 > 5367 > 5368 > 5373,Toys & models > Models > Aircraft > Other
5122 > 5367 > 5374 > 5375,Toys & models > Models > Cars & trucks > Classic cars
5122 > 5367 > 5374 > 5376,Toys & models > Models > Cars & trucks > Parts & accessories
5122 > 5367 > 5374 > 5377,Toys & models > Models > Cars & trucks > Racing cars
5122 > 5367 > 5374 > 5378,Toys & models > Models > Cars & trucks > Trucks
5122 > 5367 > 5374 > 5379,Toys & models > Models > Cars & trucks > Other
5122 > 5367 > 5380 > 5381,Toys & models > Models > Military > Artillery
5122 > 5367 > 5380 > 5382,Toys & models > Models > Military > Infantry
5122 > 5367 > 5380 > 5383,Toys & models > Models > Military > Parts & accessories
5122 > 5367 > 5380 > 5384,Toys & models > Models > Military > Tanks
5122 > 5367 > 5380 > 5385,Toys & models > Models > Military > Other
5122 > 5367 > 5386 > 5387,Toys & models > Models > Railway > Buildings & landscape
5122 > 5367 > 5386 > 5388,Toys & models > Models > Railway > Electrics
5122 > 5367 > 5386 > 5389,Toys & models > Models > Railway > Locomotives
5122 > 5367 > 5386 > 5390,Toys & models > Models > Railway > Rolling stock
5122 > 5367 > 5386 > 5391,Toys & models > Models > Railway > Track
5122 > 5367 > 5386 > 5392,Toys & models > Models > Railway > Train sets
5122 > 5367 > 5386 > 5393,Toys & models > Models > Railway > Other
5122 > 5397 > 5405 > 5406,Toys & models > Outdoor toys & trampolines > Trampolines > With safety net
5122 > 5397 > 5405 > 5407,Toys & models > Outdoor toys & trampolines > Trampolines > Without safety net
5122 > 5397 > 5405 > 5408,Toys & models > Outdoor toys & trampolines > Trampolines > Trampoline accessories
5122 > 5411 > 5412 > 5413,Toys & models > Pretend playing > Dress ups > Animals
5122 > 5411 > 5412 > 5414,Toys & models > Pretend playing > Dress ups > Fairies & princesses
5122 > 5411 > 5412 > 5415,Toys & models > Pretend playing > Dress ups > Super heroes
5122 > 5411 > 5412 > 5416,Toys & models > Pretend playing > Dress ups > Other
5122 > 5420 > 5422 > 5423,Toys & models > Radio control & robots > Cars > Electric
5122 > 5420 > 5422 > 5424,Toys & models > Radio control & robots > Cars > Gas
5122 > 5420 > 5425 > 5426,Toys & models > Radio control & robots > Helicopters & multirotors > Helicopters
5122 > 5420 > 5425 > 5427,Toys & models > Radio control & robots > Helicopters & multirotors > Quadcopters & multirotors
5122 > 5420 > 5425 > 5428,Toys & models > Radio control & robots > Helicopters & multirotors > Other
5122 > 5420 > 5429 > 5430,Toys & models > Radio control & robots > Parts & accessories > Batteries
5122 > 5420 > 5429 > 5431,Toys & models > Radio control & robots > Parts & accessories > Blades
5122 > 5420 > 5429 > 5432,Toys & models > Radio control & robots > Parts & accessories > Body parts & detailing
5122 > 5420 > 5429 > 5433,Toys & models > Radio control & robots > Parts & accessories > Body shells
5122 > 5420 > 5429 > 5434,Toys & models > Radio control & robots > Parts & accessories > Chargers
5122 > 5420 > 5429 > 5435,Toys & models > Radio control & robots > Parts & accessories > Chassis & frames
5122 > 5420 > 5429 > 5436,Toys & models > Radio control & robots > Parts & accessories > Gearing & gear sets
5122 > 5420 > 5429 > 5437,Toys & models > Radio control & robots > Parts & accessories > Motors & exhausts
5122 > 5420 > 5429 > 5438,"Toys & models > Radio control & robots > Parts & accessories > Mounts, braces & brackets"
5122 > 5420 > 5429 > 5439,Toys & models > Radio control & robots > Parts & accessories > Propellors & propellor parts
5122 > 5420 > 5429 > 5440,Toys & models > Radio control & robots > Parts & accessories > Servos
5122 > 5420 > 5429 > 5441,Toys & models > Radio control & robots > Parts & accessories > Tools & tool kits
5122 > 5420 > 5429 > 5442,Toys & models > Radio control & robots > Parts & accessories > Transmitters & receivers
5122 > 5420 > 5429 > 5443,Toys & models > Radio control & robots > Parts & accessories > Wheel & suspension parts
5122 > 5420 > 5429 > 5444,Toys & models > Radio control & robots > Parts & accessories > Wings & wing parts
5122 > 5420 > 5429 > 5445,Toys & models > Radio control & robots > Parts & accessories > Other
5122 > 5450 > 5452 > 5453,Toys & models > Ride-on toys > Bikes & trikes > Bikes
5122 > 5450 > 5452 > 5454,Toys & models > Ride-on toys > Bikes & trikes > Trikes
5122 > 5450 > 5452 > 5455,Toys & models > Ride-on toys > Bikes & trikes > Other
5122 > 5467 > 5468 > 5469,Toys & models > Soft toys & bears > Beanie toys > Skansen
5122 > 5467 > 5468 > 5470,Toys & models > Soft toys & bears > Beanie toys > Ty
5122 > 5467 > 5468 > 5471,Toys & models > Soft toys & bears > Beanie toys > Other
5122 > 5467 > 5472 > 5473,Toys & models > Soft toys & bears > Character toys > AnimÃ©
5122 > 5467 > 5472 > 5474,Toys & models > Soft toys & bears > Character toys > Disney
5122 > 5467 > 5472 > 5475,Toys & models > Soft toys & bears > Character toys > My Little Pony
5122 > 5467 > 5472 > 5476,Toys & models > Soft toys & bears > Character toys > Peppa Pig
5122 > 5467 > 5472 > 5477,Toys & models > Soft toys & bears > Character toys > Sesame Street
5122 > 5467 > 5472 > 5478,Toys & models > Soft toys & bears > Character toys > Teletubbies
5122 > 5467 > 5472 > 5479,Toys & models > Soft toys & bears > Character toys > Winnie the Pooh
5122 > 5467 > 5472 > 5480,Toys & models > Soft toys & bears > Character toys > Other
5122 > 5467 > 5481 > 5482,Toys & models > Soft toys & bears > Puppets > Animals & birds
5122 > 5467 > 5481 > 5483,Toys & models > Soft toys & bears > Puppets > Cartoon & character
5122 > 5467 > 5484 > 5485,Toys & models > Soft toys & bears > Stuffed animals > Birds & penguins
5122 > 5467 > 5484 > 5486,Toys & models > Soft toys & bears > Stuffed animals > Bulk lots
5122 > 5467 > 5484 > 5487,Toys & models > Soft toys & bears > Stuffed animals > Bunnies
5122 > 5467 > 5484 > 5488,Toys & models > Soft toys & bears > Stuffed animals > Cats
5122 > 5467 > 5484 > 5489,Toys & models > Soft toys & bears > Stuffed animals > Dinosaurs & reptiles
5122 > 5467 > 5484 > 5490,Toys & models > Soft toys & bears > Stuffed animals > Dogs
5122 > 5467 > 5484 > 5491,Toys & models > Soft toys & bears > Stuffed animals > Farm animals
5122 > 5467 > 5484 > 5492,Toys & models > Soft toys & bears > Stuffed animals > Forest animals
5122 > 5467 > 5484 > 5493,Toys & models > Soft toys & bears > Stuffed animals > Lions & tigers
5122 > 5467 > 5484 > 5494,Toys & models > Soft toys & bears > Stuffed animals > Monkeys & apes
5122 > 5467 > 5484 > 5495,Toys & models > Soft toys & bears > Stuffed animals > Sea creatures
5122 > 5467 > 5484 > 5496,Toys & models > Soft toys & bears > Stuffed animals > Other
5518 > 5519 > 5521 > 5522,Travel-events-activities > Accommodation > Saudia Arab > Auckland
5518 > 5519 > 5521 > 5523,Travel-events-activities > Accommodation > Saudia Arab > Bay of Plenty
5518 > 5519 > 5521 > 5524,Travel-events-activities > Accommodation > Saudia Arab > Canterbury
5518 > 5519 > 5521 > 5525,Travel-events-activities > Accommodation > Saudia Arab > Coromandel
5518 > 5519 > 5521 > 5526,Travel-events-activities > Accommodation > Saudia Arab > Eastland
5518 > 5519 > 5521 > 5527,Travel-events-activities > Accommodation > Saudia Arab > Fiordland
5518 > 5519 > 5521 > 5528,Travel-events-activities > Accommodation > Saudia Arab > Hawke's Bay
5518 > 5519 > 5521 > 5529,Travel-events-activities > Accommodation > Saudia Arab > Lake Taupo
5518 > 5519 > 5521 > 5530,Travel-events-activities > Accommodation > Saudia Arab > Lake Wanaka
5518 > 5519 > 5521 > 5531,Travel-events-activities > Accommodation > Saudia Arab > Manawatu-Wanganui
5518 > 5519 > 5521 > 5532,Travel-events-activities > Accommodation > Saudia Arab > Marlborough
5518 > 5519 > 5521 > 5533,Travel-events-activities > Accommodation > Saudia Arab > Nelson
5518 > 5519 > 5521 > 5534,Travel-events-activities > Accommodation > Saudia Arab > Northland
5518 > 5519 > 5521 > 5535,Travel-events-activities > Accommodation > Saudia Arab > Otago
5518 > 5519 > 5521 > 5536,Travel-events-activities > Accommodation > Saudia Arab > Queenstown
5518 > 5519 > 5521 > 5537,Travel-events-activities > Accommodation > Saudia Arab > Rotorua
5518 > 5519 > 5521 > 5538,Travel-events-activities > Accommodation > Saudia Arab > Ruapehu
5518 > 5519 > 5521 > 5539,Travel-events-activities > Accommodation > Saudia Arab > Southland
5518 > 5519 > 5521 > 5540,Travel-events-activities > Accommodation > Saudia Arab > Taranaki
5518 > 5519 > 5521 > 5541,Travel-events-activities > Accommodation > Saudia Arab > Waikato
5518 > 5519 > 5521 > 5542,Travel-events-activities > Accommodation > Saudia Arab > Wairarapa
5518 > 5519 > 5521 > 5543,Travel-events-activities > Accommodation > Saudia Arab > Wellington
5518 > 5519 > 5521 > 5544,Travel-events-activities > Accommodation > Saudia Arab > West Coast
